,标题,原文链接
1,郑州旅游职业学院智慧校园管理服务提升项目-中标公告,http://zhengzhou.hngp.gov.cn/zhengzhou/content?infoId=1340382&channelCode=H610102
2,郑州旅游职业学院智慧校园数据治理项目-中标公告,http://zhengzhou.hngp.gov.cn/zhengzhou/content?infoId=1333930&channelCode=H610102
3,安阳师范学院智慧校园能源管理平台项目-中标公告,http://www.hngp.gov.cn/henan/content?infoId=1333871&channelCode=H600102
6,郑州旅游职业学院三维可视化智慧校园管理平台项目中标结果公告,http://zhengzhou.hngp.gov.cn/zhengzhou/content?infoId=1332423&channelCode=H610102
16,南阳市实验中学关于南阳市实验中学智慧校园建设（一期）项目-中标公告,http://www.hngp.gov.cn/henan/content?infoId=1327837&channelCode=H740602
20,安阳师范学院智慧校园基础平台项目中标结果公告,http://www.hngp.gov.cn/henan/content?infoId=1316535&channelCode=H600102
23,洛阳职业技术学院智慧校园数据治理与共享交换服务平台项目—中标公告,http://luoyang.hngp.gov.cn/luoyang/content?infoId=1315898&channelCode=H640102
28,河南省商务中等职业学校智慧校园可视化实景分析管控平台（二期）项目-中标公告,http://www.hngp.gov.cn/henan/content?infoId=1313152&channelCode=H600102
30,河南师范大学2022年中央财政智慧教学环境建设(一期)项目-中标公告,http://luoyang.hngp.gov.cn/luoyang/content?infoId=1312273&channelCode=H600102
32,河南工业贸易职业学院双向互动视频教学系统设施建设项目-中标公告,http://luoyang.hngp.gov.cn/luoyang/content?infoId=1303261&channelCode=H600102
33,驻马店幼儿师范高等专科学校关于改善办学条件、提升教学质量项目（第四期）-中标公告,http://luoyang.hngp.gov.cn/luoyang/content?infoId=1303153&channelCode=H780602
35,三门峡职业技术学院智能制造学院工业机械及智能传感技术实训中心建设项目（三次）-中标公告,http://www.hngp.gov.cn/henan/content?infoId=1289543&channelCode=H730202
36,河南省浚县第一中学智慧校园系统集成项目中标公告,http://luoyang.hngp.gov.cn/luoyang/content?infoId=1289901&channelCode=H670202
37,鹤壁职业技术学院校院（鹤壁市妇幼保健院）共建妇幼健康促进培训基地项目-中标公告,http://www.hngp.gov.cn/henan/content?infoId=1288563&channelCode=H670202
38,洛阳职业技术学院汽车整车故障诊断技术实训中心项目-中标公告,http://www.hngp.gov.cn/henan/content?infoId=1288332&channelCode=H640102
40,濮阳医学高等专科学校智慧校园基础平台建设项目（二次）-中标公告,http://www.hngp.gov.cn/henan/content?infoId=1287957&channelCode=H700202
41,清丰县春晖路小学教学办公设备购置-中标公告,http://www.hngp.gov.cn/henan/content?infoId=1287539&channelCode=E000503
42,原阳县第五初级中学教学设备采购项目（二次）-中标公告,http://luoyang.hngp.gov.cn/luoyang/content?infoId=1278970&channelCode=H680202
43,洛阳职业技术学院宠物与人类健康工程研究中心 省级培育平台项目-中标公告,http://www.hngp.gov.cn/henan/content?infoId=1280014&channelCode=H640102
44,南阳市第十三中学校文化路校区物理实验室装备项目-中标公告,http://www.hngp.gov.cn/henan/content?infoId=1279699&channelCode=H740602
46,河南省南召卫生职业中等专业学校附属医院提升改造医疗设备采购项目-中标公告,http://www.hngp.gov.cn/henan/content?infoId=1277388&channelCode=H740602
47,河南省驻马店财经学校2022年双高工程“整车检测一体化实训中心2”、“汽车车身电气实训中心2”项目-中标公告,http://www.hngp.gov.cn/henan/content?infoId=1276883&channelCode=H600102
48,河南省驻马店财经学校2022双高工程“幼儿保育保健实训室”、“舞蹈表演专业多功能排练厅采购”项目-中标公告,http://www.hngp.gov.cn/henan/content?infoId=1277888&channelCode=H600102
51,郑州旅游职业学院市场营销数字可视化云实训中心项目-中标公告,http://zhengzhou.hngp.gov.cn/zhengzhou/content?infoId=1276264&channelCode=H610102
52,郑州市科技工业学校-城市轨道交通运营管理仿真实训项目中标公告,http://zhengzhou.hngp.gov.cn/zhengzhou/content?infoId=1275928&channelCode=H610102
53,洛阳职业技术学院信创电子教室与实训平台项目-中标公告,http://luoyang.hngp.gov.cn/luoyang/content?infoId=1275877&channelCode=H640102
54,许昌学院数字化实践教学中心（二期）项目-中标公告,http://www.hngp.gov.cn/henan/content?infoId=1274957&channelCode=H600102
56,洛阳职业技术学院教师综合素质提升工程调整项目（一标段智慧教室）中标公告,http://luoyang.hngp.gov.cn/luoyang/content?infoId=1272821&channelCode=H640102
58,郑州市科技工业学校-机器人实训室建设项目中标公告,http://zhengzhou.hngp.gov.cn/zhengzhou/content?infoId=1271833&channelCode=H610102
59,洛阳铁路信息工程学校PLC理实一体化教室建设项目采购意向书项目-中标公告,http://www.hngp.gov.cn/henan/content?infoId=1272147&channelCode=H600102
60,清丰县晓月路小学教育教学设备采购-中标公告,http://www.hngp.gov.cn/henan/content?infoId=1271141&channelCode=E000503
63,焦作师范高等专科学校电子商务实训中心改造项目-（一包）（二次）中标公告,http://www.hngp.gov.cn/henan/content?infoId=1262323&channelCode=H690202
64,河南工业大学数控实习理实一体化教室建设项目中标结果公告,http://luoyang.hngp.gov.cn/luoyang/content?infoId=1259199&channelCode=H600102
65,南阳医专一附院人工心肺机含离心泵头医疗设备采购项目（二次）中标公告,http://luoyang.hngp.gov.cn/luoyang/content?infoId=1259145&channelCode=H740604
66,郑州信息科技职业学院智能工厂虚拟实训中心项目-中标公告,http://www.hngp.gov.cn/henan/content?infoId=1256413&channelCode=H600102
67,驻马店市第二初级中学北区功能教室设备采购项目-中标公告,http://luoyang.hngp.gov.cn/luoyang/content?infoId=1256966&channelCode=H780602
68,郑州市管城回族区回民第一小学管城回族区教育局所属部分学校录播教室项目-中标公告,http://zhengzhou.hngp.gov.cn/zhengzhou/content?infoId=1255856&channelCode=D280202
69,【平公资采2022967号】平顶山学院智慧校园综合业务服务系统（二期）项目(二次）-中标公告,http://pingdingshan.hngp.gov.cn/pingdingshan/content?infoId=1253482&channelCode=H650202
70,郑州市第五十六高级中学（郑州市郑开示范高级中学）2022年人工智能实验室项目-中标公告,http://zhengzhou.hngp.gov.cn/zhengzhou/content?infoId=1248706&channelCode=H610102
71,河南建筑职业技术学院BIM工程技术应用中心（一期）项目中标公告,http://www.hngp.gov.cn/henan/content?infoId=1249865&channelCode=H600102
72,南阳理工学院2021年智慧教室建设项目（三次）中标公告,http://nanyang.hngp.gov.cn/nanyang/content?infoId=1248410&channelCode=H740602
73,河南财政金融学院校园网络安全提升项目-中标公告,http://www.hngp.gov.cn/henan/content?infoId=1247582&channelCode=H600102
74,河南职业技术学院智能化制造技术虚拟仿真实训基地项目-中标公告,http://www.hngp.gov.cn/henan/content?infoId=1247252&channelCode=H600102
76,新乡市第十一中学多功能报告厅升级改造项目结果公告,http://www.hngp.gov.cn/henan/content?infoId=1244983&channelCode=H680204
77,郑州市第一〇七高级中学开办费-计算机教室云桌面终端（224点位）项目-中标公告,http://www.hngp.gov.cn/henan/content?infoId=1244862&channelCode=H610102
79,新乡市红旗区洪门镇中心学校(新乡市红旗区洪门镇初级中学）新乡市红旗区洪门镇公村小学教学设备采购项目结果公告,http://www.hngp.gov.cn/henan/content?infoId=1244573&channelCode=H680202
80,河南科技大学“中国道路”虚拟仿真平台项目和高性能计算机项目采购项目-中标公告,http://www.hngp.gov.cn/henan/content?infoId=1243871&channelCode=H600102
81,三门峡职业技术学院智能制造学院电工电子实训中心提升改造项目-中标公告,http://luoyang.hngp.gov.cn/luoyang/content?infoId=1243193&channelCode=H730202
84,河南农业大学农学院小麦玉米精量播种机项目-中标公告,http://luoyang.hngp.gov.cn/luoyang/content?infoId=1242473&channelCode=H600102
86,新乡市牧野区西干道小学采购录播教室升级、网络广播及计算机教室项目结果公告,http://www.hngp.gov.cn/henan/content?infoId=1242343&channelCode=H680202
87,新乡学院应用光学及激光原理教学实验室项目（二次）-中标公告,http://www.hngp.gov.cn/henan/content?infoId=1241708&channelCode=H680202
88,郑州市第四十四高级中学2022年开办费——报告厅设设备项目-中标公告,http://zhengzhou.hngp.gov.cn/zhengzhou/content?infoId=1241465&channelCode=H610102
89,郑州市第四十四高级中学2022年开办费——礼堂设备项目-中标公告,http://zhengzhou.hngp.gov.cn/zhengzhou/content?infoId=1241466&channelCode=H610102
90,郑州市第四十四高级中学2022年开办费——会议室设备项目-中标公告,http://zhengzhou.hngp.gov.cn/zhengzhou/content?infoId=1241077&channelCode=H610102
91,郑州铁路职业技术学院大学生科技创新中心二期项目-中标公告,http://www.hngp.gov.cn/henan/content?infoId=1241497&channelCode=H600102
94,河南艺术职业学院-图书馆智能化建设项目-中标公告,http://luoyang.hngp.gov.cn/luoyang/content?infoId=1238276&channelCode=H600102
95,河南省南阳工业学校省“高水平专业群”建设（三期）项目-中标公告,http://nanyang.hngp.gov.cn/nanyang/content?infoId=1236487&channelCode=H740602
96,郑州市第一〇三高级中学开办费-校园广播及一卡通系统项目中标结果公告,http://zhengzhou.hngp.gov.cn/zhengzhou/content?infoId=1235498&channelCode=H610102
97,黄淮学院2022005—多媒体教室改造（货物）-中标公告,http://zhumadian.hngp.gov.cn/zhumadian/content?infoId=1234708&channelCode=H780602
98,洛阳市孟津区第一高级中学新区高中教育教学设备采购项目（第一批）第五标段二次中标公告,http://luoyang.hngp.gov.cn/luoyang/content?infoId=1234653&channelCode=D690503
100,郑州市第一〇三高级中学开办费-化学创新实验室项目-中标公告,http://zhengzhou.hngp.gov.cn/zhengzhou/content?infoId=1234514&channelCode=H610102
101,郑州市第一〇三高级中学开办费-生物创新竞赛实验室项目-中标公告,http://zhengzhou.hngp.gov.cn/zhengzhou/content?infoId=1234511&channelCode=H610102
102,安阳幼儿师范高等专科学校校园高速网络提升改造项目（二次）中标公告,http://anyang.hngp.gov.cn/anyang/content?infoId=1234105&channelCode=H660202
103,河南科技学院新东校区智慧教室建设项目-中标公告,http://luoyang.hngp.gov.cn/luoyang/content?infoId=1233302&channelCode=H600102
106,河南警察学院侦查学模拟侦查实验中心(一期)建设项目(二次)中标公告,http://www.hngp.gov.cn/henan/content?infoId=1230887&channelCode=H600102
107,新乡学院图书馆大楼LED显示系统设备音视频设备项目-中标公告,http://xinxiang.hngp.gov.cn/xinxiang/content?infoId=1229972&channelCode=H680202
109,淇县职业中等专业学校中职双高2022年度建设项目-中标公告,http://www.hngp.gov.cn/henan/content?infoId=1229879&channelCode=H670202
111,郑州信息科技职业学院河南在线教育课程制作基地展示与审核环境建设项目-中标公告,http://www.hngp.gov.cn/henan/content?infoId=1229975&channelCode=H600102
112,郑州铁路职业技术学院高职专业教学资源库建设（双高校建设项目）项目-中标公告,http://www.hngp.gov.cn/henan/content?infoId=1229545&channelCode=H600102
113,南阳师范学院综合楼及博睿楼智慧教室建设项目中标公告,http://www.hngp.gov.cn/henan/content?infoId=1230147&channelCode=H600102
114,郑州旅游职业学院跨境电商产教融合实训基地项目-中标公告,http://zhengzhou.hngp.gov.cn/zhengzhou/content?infoId=1228389&channelCode=H610102
115,河南建筑职业技术学院工程管理系专业课程体系数字化升级改造项目（二次） 结果公告,http://luoyang.hngp.gov.cn/luoyang/content?infoId=1228127&channelCode=H600102
117,安阳师范学院智慧教室建设项目多媒体设备更新部分项目-中标公告,http://luoyang.hngp.gov.cn/luoyang/content?infoId=1227763&channelCode=H600102
119,郑州市第一〇七高级中学开办费-智慧校园综合管理平台项目中标公告,http://luoyang.hngp.gov.cn/luoyang/content?infoId=1227006&channelCode=H610102
120,郑州市第五十六高级中学（郑州市郑开示范高级中学）2022年物理实验室设备项目-中标公告,http://zhengzhou.hngp.gov.cn/zhengzhou/content?infoId=1225661&channelCode=H610102
121,郑州师范学院2022年投资学专业实践平台项目-中标公告,http://zhengzhou.hngp.gov.cn/zhengzhou/content?infoId=1225565&channelCode=H610102
122,新安县职业高级中学新安职高教学平台与实训软件建设项目-中标公告,http://luoyang.hngp.gov.cn/luoyang/content?infoId=1225476&channelCode=D760502
124,退役民航客机A320-中标公告,http://luoyang.hngp.gov.cn/luoyang/content?infoId=1224225&channelCode=H660202
126,安阳师范学院人脸识别综合管理系统项目-中标公告,http://www.hngp.gov.cn/henan/content?infoId=1222907&channelCode=H600102
127,河南工学院云网络语音室项目-中标公告,http://luoyang.hngp.gov.cn/luoyang/content?infoId=1221380&channelCode=H600102
129,安阳师范学院智慧校园能源管理平台项目-中标公告,http://luoyang.hngp.gov.cn/luoyang/content?infoId=1220000&channelCode=H600102
131,商丘师范学院文化旅游综合教学实验中心项目中标公告,http://www.hngp.gov.cn/henan/content?infoId=1218436&channelCode=H600102
133,安阳师范学院艺术实验室项目中标结果公告,http://luoyang.hngp.gov.cn/luoyang/content?infoId=1218916&channelCode=H600102
136,郑州市第五十六高级中学（郑州市郑开示范高级中学）2022年校园安防监控系统项目中标公告,http://luoyang.hngp.gov.cn/luoyang/content?infoId=1214302&channelCode=H610102
137,商丘师范学院物理实验技能实训室建设项目-中标公告,http://luoyang.hngp.gov.cn/luoyang/content?infoId=1213825&channelCode=H600102
138,郑州市第五十六高级中学（郑州市郑开示范高级中学）2022年校园智能服务项目中标公告,http://luoyang.hngp.gov.cn/luoyang/content?infoId=1213997&channelCode=H610102
139,浚县第三高级中学综合楼维修改造项目（设备采购）-中标公告,http://luoyang.hngp.gov.cn/luoyang/content?infoId=1214113&channelCode=H670202
140,郑州市第五十六高级中学（郑州市郑开示范高级中学）2022年智慧校园应用平台项目中标公告,http://luoyang.hngp.gov.cn/luoyang/content?infoId=1214299&channelCode=H610102
141,郑州市第五十六高级中学（郑州市郑开示范高级中学）2022年餐厅设备采购项目中标公告,http://luoyang.hngp.gov.cn/luoyang/content?infoId=1211946&channelCode=H610102
142,南阳市第十五小学校直播录播教室装备项目中标公告,http://nanyang.hngp.gov.cn/nanyang/content?infoId=1209686&channelCode=H740604
143,郑州财税金融职业学院航空综合实训基地建设项目-中标公告,http://zhengzhou.hngp.gov.cn/zhengzhou/content?infoId=1208904&channelCode=H610102
144,郑州市金融学校新能源汽车实训基地建设项目-中标公告,http://zhengzhou.hngp.gov.cn/zhengzhou/content?infoId=1208303&channelCode=H610102
145,郑州市金融学校物流现代综合作业实训室建设项目-中标公告,http://zhengzhou.hngp.gov.cn/zhengzhou/content?infoId=1208300&channelCode=H610102
147,河南财政金融学院智慧校园网络设备更新项目-中标公告,http://luoyang.hngp.gov.cn/luoyang/content?infoId=1205393&channelCode=H600102
148,郑州电力高等专科学校思政VR实践教学中心建设项目中标结果公告,http://luoyang.hngp.gov.cn/luoyang/content?infoId=1204424&channelCode=H600102
149,南阳理工学院2021年智慧教室建设项目（二次）中标公告,http://nanyang.hngp.gov.cn/nanyang/content?infoId=1203481&channelCode=H740602
150,河南水利与环境职业学院北教学楼多媒体教室改造项目-中标公告,http://luoyang.hngp.gov.cn/luoyang/content?infoId=1201542&channelCode=H600102
151,黄淮学院2022026—新能源汽车实验室建设（货物）-中标公告,http://zhumadian.hngp.gov.cn/zhumadian/content?infoId=1200402&channelCode=H780602
152,开封市魏都路小学等中小学校2022年一体化黑板采购项目-中标公告,http://luoyang.hngp.gov.cn/luoyang/content?infoId=1200858&channelCode=H620102
153,焦作师范高等专科学校学前教育专业实训室建设项目-中标公告,http://jiaozuo.hngp.gov.cn/jiaozuo/content?infoId=1195937&channelCode=H690202
161,平顶山学院智慧校园综合业务服务系统（二期）项目-中标公告,http://pingdingshan.hngp.gov.cn/pingdingshan/content?infoId=1181913&channelCode=H650202
165,河南理工大学多媒体设备更新项目-中标公告,http://www.hngp.gov.cn/henan/content?infoId=1180033&channelCode=H600102
168,郑州信息科技职业学院物联网综合创新实训室建设项目-中标公告,http://www.hngp.gov.cn/henan/content?infoId=1179468&channelCode=H600102
169,郑州航空工业管理学院保安服务项目-中标公告,http://www.hngp.gov.cn/henan/content?infoId=1177348&channelCode=H600102
172,河南工业和信息化职业学院基于监控的云机房建设项目-中标公告,http://luoyang.hngp.gov.cn/luoyang/content?infoId=1173353&channelCode=H600102
174,新乡市第四十一中学云机房、智慧黑板采购项目结果公告,http://luoyang.hngp.gov.cn/luoyang/content?infoId=1173824&channelCode=H680202
178,许昌学院许昌市智慧交通示范平台项目中标公告,http://www.hngp.gov.cn/webfile/henan/cgxx/jggg/webinfo/2022/06/24/1169446.htm
179,许昌学院鲲鹏产业学院实训室项目（一期）项目-中标公告,http://luoyang.hngp.gov.cn/luoyang/content?infoId=1169268&channelCode=H600102
181,许昌学院许昌市智慧交通示范平台项目中标公告,http://luoyang.hngp.gov.cn/luoyang/content?infoId=1169446&channelCode=H600102
182,河南财政金融学院公共机房电脑升级改造项目-中标公告,http://luoyang.hngp.gov.cn/luoyang/content?infoId=1167131&channelCode=H600102
183,河南科技大学航空发动机高温涡轮叶片多相流国防科技实验室项目（包1、包3、包5）-中标公告,http://luoyang.hngp.gov.cn/luoyang/content?infoId=1167010&channelCode=H600102
184,河南应用技术职业学院化工总控工培训与竞赛实训装置改造升级项目单一来源采购邀请书,http://luoyang.hngp.gov.cn/luoyang/content?infoId=1166846&channelCode=H600104
185,河南工学院汽车构造实验室升级改造项目-中标公告,http://luoyang.hngp.gov.cn/luoyang/content?infoId=1166417&channelCode=H600102
186,黄河水利职业技术学院电子商务专业群资源库建设项目包A-中标公告,http://www.hngp.gov.cn/henan/content?infoId=1166457&channelCode=H600102
188,三门峡职业技术学院建筑工程学院力学与结构协同创新研究中心建设项目-中标公告,http://www.hngp.gov.cn/henan/content?infoId=1161368&channelCode=H730202
189,河南交通职业技术学院基于师生服务理念的智慧校园建设-智慧校园服务平台建设项目-中标公告,http://www.hngp.gov.cn/webfile/henan/cgxx/jggg/webinfo/2022/06/15/1159087.htm
190,郑州信息科技职业学院学前教育多元教学专业实训室项目-中标公告,http://www.hngp.gov.cn/henan/content?infoId=1158618&channelCode=H600102
191,河南交通职业技术学院基于师生服务理念的智慧校园建设-智慧校园服务平台建设项目-中标公告,http://www.hngp.gov.cn/henan/content?infoId=1159087&channelCode=H600102
192,河南省商务中等职业学校智慧校园统一平台、协同办公及移动端项目成 交 公 告,http://zhengzhou.hngp.gov.cn/zhengzhou/content?infoId=1158254&channelCode=D200204
193,平顶山学院智慧校园综合业务服务系统（二期）项目-中标公告,http://pingdingshan.hngp.gov.cn/pingdingshan/content?infoId=1180468\u0026channelCode=H651401
194,三门峡职业技术学院现代教育中心智慧校园一期大数据平台建设项目A包、B包、E包-中标公告,http://www.hngp.gov.cn/henan/content?infoId=1177248\u0026channelCode=H730203
195,河南交通职业技术学院智慧校园基础提升项目中标公告,http://www.hngp.gov.cn/webfile/henan/cgxx/jggg/webinfo/2022/06/08/1151974.htm
196,河南交通职业技术学院智慧校园基础提升项目中标公告,http://www.hngp.gov.cn/henan/content?infoId=1151974&channelCode=H600102
200,鹤壁职业技术学院智慧校园数据中心建设及提升项目单一来源采购邀请书,http://www.hngp.gov.cn/henan/content?infoId=1145678&channelCode=H670201
201,项城市中等专业学校智慧校园工程项目-中标公告,http://www.hngp.gov.cn/webfile/zhoukou/cgxx/jggg/webinfo/2022/05/1136325.htm
207,鹤壁职业技术学院工业机器人系统集成实训室建设项目-中标公告,http://www.hngp.gov.cn/henan/content?infoId=1119085&channelCode=H670202
208,郑州市中原区锦江中学教学设施设备采购项目（A包）-中标公告,http://zhengzhou.hngp.gov.cn/zhengzhou/content?infoId=1118101&channelCode=D270202
209,河南工业职业技术学院智能制造类VR虚拟仿真实训中心建设项目-中标公告,http://www.hngp.gov.cn/henan/content?infoId=1116788&channelCode=H600102
210,河南省南阳工业学校省“高水平专业群”建设（三期）项目-中标公告,http://nanyang.hngp.gov.cn/nanyang/content?infoId=1114012&channelCode=H740602
211,灵宝市高级技工学校2021年全民技能振兴项目-中标公告,http://www.hngp.gov.cn/henan/content?infoId=1113748&channelCode=H730202
212,梁园区2021年第二批支持学前教育发展资金观堂镇黄店小学项目 结果公告,http://shangqiu.hngp.gov.cn/shangqiu/content?infoId=1109346&channelCode=D620104
213,郑州机电工程学校2021-2022年度高水平中等职业学校和专业建设项目-中标公告,http://zhengzhou.hngp.gov.cn/zhengzhou/content?infoId=1106822&channelCode=D340202
214,梁园区2021年第二批支持学前教育发展资金李庄乡乔庄小学项目（二次） 结果公告,http://shangqiu.hngp.gov.cn/shangqiu/content?infoId=1104349&channelCode=D620104
216,漯河市郾城区教师进修学校购置教学培训设备项目中标结果公告,http://www.hngp.gov.cn/henan/content?infoId=1102944&channelCode=H720202
217,驻马店市第三中学中招理化、体育考试设备采购项目-中标公告,http://www.hngp.gov.cn/henan/content?infoId=1101348&channelCode=H780602
218,三门峡职业技术学院智能制造学院机械工程虚拟仿真实训中心建设项目-中标公告,http://www.hngp.gov.cn/henan/content?infoId=1098549&channelCode=H730202
219,郑州旅游职业学院旅游管理学院旅游规划综合实训室升级改造项目-中标公告,http://zhengzhou.hngp.gov.cn/zhengzhou/content?infoId=1096986&channelCode=H610102
221,郑州市二七区长江路中学2021年长江路中学录播室项目-中标公告,http://zhengzhou.hngp.gov.cn/zhengzhou/content?infoId=1091718&channelCode=D250202
222,河南农业大学龙子湖校区校史馆设计施工布展一体化项目-中标公告,http://www.hngp.gov.cn/henan/content?infoId=1089776&channelCode=H600102
223,郑州信息科技职业学院河南开放大学校史馆建设项目-中标公告,http://www.hngp.gov.cn/henan/content?infoId=1088922&channelCode=H600102
227,新乡学院应用光学及激光原理教学实验室项目-中标公告,http://www.hngp.gov.cn/henan/content?infoId=1083124&channelCode=H680202
229,南阳市第五完全学校高中部智慧校园建设项目-中标公告,http://nanyang.hngp.gov.cn/nanyang/content?infoId=1082090&channelCode=H740602
231,濮阳县职业技术学校“双高”建设项目-中标公告,http://puyang.hngp.gov.cn/puyang/content?infoId=1076675&channelCode=D990503
234,河南护理职业学院可视化教室教学质量评价平台项目-中标公告,http://www.hngp.gov.cn/henan/content?infoId=1071674&channelCode=H600102
237,三门峡职业技术学院医护学院临床思维实训中心建设项目二次-中标公告,http://www.hngp.gov.cn/henan/content?infoId=1068022&channelCode=H730202
238,新乡医学院智慧教室（一期）设备采购与安装项目中标结果公告,http://www.hngp.gov.cn/henan/content?infoId=1068003&channelCode=H600104
243,洛宁县兴宁小学多媒体教学设备采购项目中标公告,http://www.hngp.gov.cn/henan/content?infoId=1066828&channelCode=D680503
4,许昌学院智慧教室建设项目（二期）项目（三次）-中标公告,http://www.hngp.gov.cn/henan/content?infoId=1340985&channelCode=H600102
9,河南省驻马店财经学校2022年双高工程“智能财务综合实训中心”、“物联网实训室2”项目A包（二次）-中标公告,http://www.hngp.gov.cn/henan/content?infoId=1339572&channelCode=H600102
12,商丘市实验中学教室空调购置安装项目（二次）结果公告,http://www.hngp.gov.cn/henan/content?infoId=1339269&channelCode=H750605
18,安阳市中等职业技术学校（安阳市职业教育中心）智慧黑板建设项目（四次）-中标公告,http://www.hngp.gov.cn/henan/content?infoId=1336973&channelCode=H660202
21,温县第一高级中学温县一中教室电子黑板设备采购项目-中标公告,http://luoyang.hngp.gov.cn/luoyang/content?infoId=1336688&channelCode=H690202
22,新乡职业技术学院电子信息专业综合项目实训室项目结果公告,http://xinxiang.hngp.gov.cn/xinxiang/content?infoId=1335654&channelCode=H680202
23,滑县职业中等专业学校植物保护仿真实训室新建项目结果公示,http://www.hngp.gov.cn/henan/content?infoId=1335286&channelCode=D830503
27,南阳市第八中学校科教楼、阶梯教室多联机空调采购项目-中标公告,http://www.hngp.gov.cn/henan/content?infoId=1334208&channelCode=H740602
30,新乡职业技术学院数控专业五轴加工中心实训室二期建设项目(二次)结果公告,http://www.hngp.gov.cn/henan/content?infoId=1332985&channelCode=H680202
31,河南省驻马店财经学校教学用计算机实训室建设项目-中标公告,http://www.hngp.gov.cn/henan/content?infoId=1332367&channelCode=H600102
33,新乡职业技术学院数控高水平专业群多轴加工实训室建设项目（二次）结果公告,http://www.hngp.gov.cn/henan/content?infoId=1331269&channelCode=H680202
34,郑州信息科技职业学院人工智能实训室建设项目-中标公告,http://www.hngp.gov.cn/henan/content?infoId=1331127&channelCode=H600102
35,商丘市实验中学教室空调购置安装项目结果公告,http://www.hngp.gov.cn/henan/content?infoId=1330578&channelCode=H750605
38,洛阳职业技术学院机电一体化专业提升项目-中标公告,http://luoyang.hngp.gov.cn/luoyang/content?infoId=1330861&channelCode=H640102
50,南阳市第十三中学校监控网络及录播教室建设项目-中标公告,http://www.hngp.gov.cn/henan/content?infoId=1327593&channelCode=H740602
51,河南工业大学6号楼8号楼31号楼物业服务项目-中标公告,http://www.hngp.gov.cn/henan/content?infoId=1327561&channelCode=H600102
52,新乡职业技术学院协作机器人实训室建设项目结果公告,http://www.hngp.gov.cn/henan/content?infoId=1327408&channelCode=H680202
53,桐柏县中等职业学校标准化建设项目（二次）-中标公告,http://www.hngp.gov.cn/henan/content?infoId=1326962&channelCode=H740602
56,郑州旅游职业学院数字化PLC实训室建设项目-中标公告,http://zhengzhou.hngp.gov.cn/zhengzhou/content?infoId=1326668&channelCode=H610102
65,河南水利与环境职业学院数字媒体制作实训室项目补充合同,http://luoyang.hngp.gov.cn/luoyang/content?infoId=1325240&channelCode=H601401
66,河南水利与环境职业学院大数据平台运维实训室项目补充合同,http://luoyang.hngp.gov.cn/luoyang/content?infoId=1325238&channelCode=H601401
68,郑州旅游职业学院软件开发实训室升级改造项目-中标公告,http://zhengzhou.hngp.gov.cn/zhengzhou/content?infoId=1324560&channelCode=H610102
77,【平公资采20221288号】幼儿园情景模拟综合实训室项目中标公告,http://pingdingshan.hngp.gov.cn/pingdingshan/content?infoId=1323853&channelCode=H650202
82,河南省驻马店财经学校数字影像技术专业教学实训室项目-中标公告,http://luoyang.hngp.gov.cn/luoyang/content?infoId=1323484&channelCode=H600102
83,河南省驻马店农业学校关于实施双高四期实训室建设项目的申请-中标公告,http://luoyang.hngp.gov.cn/luoyang/content?infoId=1323065&channelCode=H780602
85,河南省驻马店财经学校2022年双高工程“智能财务综合实训中心”、“物联网实训室2”项目（B包）-中标公告,http://luoyang.hngp.gov.cn/luoyang/content?infoId=1323678&channelCode=H600102
86,黄河水利职业技术学院地下工程测量实训室设备购置项目-中标公告,http://luoyang.hngp.gov.cn/luoyang/content?infoId=1324068&channelCode=H600102
89,河南交通职业技术学院省级重点产业急需紧缺技能人才培养基地项目-中标公告,http://www.hngp.gov.cn/henan/content?infoId=1322552&channelCode=H600102
90,安阳师范学院智慧教室建设项目-中标公告,http://www.hngp.gov.cn/henan/content?infoId=1322302&channelCode=H600102
91,柘城职业技术学校高水平学校和高水平专业群四期建设项目-中标公告,http://www.hngp.gov.cn/henan/content?infoId=1321702&channelCode=D600104
95,河南水利与环境职业学院模具实训室项目补充合同,http://www.hngp.gov.cn/henan/content?infoId=1316749&channelCode=H601401
96,河南水利与环境职业学院工业机器人应用与编程实训室项目补充合同,http://www.hngp.gov.cn/henan/content?infoId=1316747&channelCode=H601401
103,河南机电职业学院机电设备运维国家级虚拟仿真实训基地（一期）建设项目-中标公告,http://www.hngp.gov.cn/henan/content?infoId=1315122&channelCode=H600102
107,河南林业职业学院林业有害生物检测监测技术研究中心项目-中标公告,http://www.hngp.gov.cn/henan/content?infoId=1313968&channelCode=H600102
108,郑州市经济贸易学校航测智能一体化实训室建设项目-中标公告,http://luoyang.hngp.gov.cn/luoyang/content?infoId=1314364&channelCode=H610102
109,南阳市第五完全学校计算机教室采购项目-中标公告,http://luoyang.hngp.gov.cn/luoyang/content?infoId=1314519&channelCode=H740602
117,河南工学院本科高校转型发展与服务经济社会发展（智慧教室升级建设）项目-中标公告,http://www.hngp.gov.cn/henan/content?infoId=1312562&channelCode=H600102
118,河南师范大学2022年中央财政智慧教学环境建设(一期)项目-中标公告,http://luoyang.hngp.gov.cn/luoyang/content?infoId=1312273&channelCode=H600102
119,【平公资采20221309号】平顶山市财经学校企业经营模拟沙盘实训室项目中标公告,http://pingdingshan.hngp.gov.cn/pingdingshan/content?infoId=1311444&channelCode=H650202
129,新乡学院商务经济学综合实训室项目-中标公告,http://luoyang.hngp.gov.cn/luoyang/content?infoId=1306339&channelCode=H680202
133,郑州市盲聋哑学校功能室设备项目-中标公告,http://zhengzhou.hngp.gov.cn/zhengzhou/content?infoId=1303898&channelCode=H610102
134,郑州市第五十六高级中学（郑州市郑开示范高级中学）2022年计算机教室项目-中标公告,http://zhengzhou.hngp.gov.cn/zhengzhou/content?infoId=1303730&channelCode=H610102
135,项城市中等专业学校电子商务1+X技能实训室建设项目-中标公告,http://luoyang.hngp.gov.cn/luoyang/content?infoId=1303706&channelCode=H770602
136,罗山县中等职业学校2022年高水平专业群建设项目中标公告,http://luoyang.hngp.gov.cn/luoyang/content?infoId=1303986&channelCode=D980503
138,郑州市管城回族区东关小学录播教室采购项目-中标公告,http://zhengzhou.hngp.gov.cn/zhengzhou/content?infoId=1302949&channelCode=D280202
139,郑州财税金融职业学院服装与服饰设计专业实训室建设项目-中标公告,http://luoyang.hngp.gov.cn/luoyang/content?infoId=1302972&channelCode=H610102
141,郑州电力高等专科学校智慧实训室建设项目补充合同,http://www.hngp.gov.cn/henan/content?infoId=1303169&channelCode=H601401
145,郑州市管城回族区春晓小学计算机教室采购项目-中标公告,http://zhengzhou.hngp.gov.cn/zhengzhou/content?infoId=1301952&channelCode=D280202
148,【平公资采20221211号】平顶山学院教学环境提升项目-中标公告,http://pingdingshan.hngp.gov.cn/pingdingshan/content?infoId=1299778&channelCode=H650202
149,【平公资采20221211号】平顶山学院教学环境提升项目-中标公告,http://luoyang.hngp.gov.cn/luoyang/content?infoId=1299778&channelCode=H650202
151,河南省南阳工业学校可编程控制器1+X实训室建设项目-中标公告,http://nanyang.hngp.gov.cn/nanyang/content?infoId=1299321&channelCode=H740602
153,长垣技师学院（长垣职业中等专业学校）实训室建设项目-中标公告,http://xinxiang.hngp.gov.cn/xinxiang/content?infoId=1295559&channelCode=D890503
158,南阳市第十五小学校孔明路校区人工智能教室采购安装工程项目-中标公告,http://nanyang.hngp.gov.cn/nanyang/content?infoId=1292659&channelCode=H740602
159,新蔡县第二高级中学采购安装教室、宿舍、报告厅空调项目-中标公告,http://zhumadian.hngp.gov.cn/zhumadian/content?infoId=1290415&channelCode=D860503
160,三门峡职业技术学院智能制造学院工业机械及智能传感技术实训中心建设项目（三次）-中标公告,http://www.hngp.gov.cn/henan/content?infoId=1289543&channelCode=H730202
161,河南省洛阳市第一中学教学楼建设项目-中标公告,http://luoyang.hngp.gov.cn/luoyang/content?infoId=1289083&channelCode=H640102
162,三门峡职业技术学院灵凤湖校区图书馆智慧化建设项目-中标公告,http://www.hngp.gov.cn/henan/content?infoId=1288904&channelCode=H730202
163,鹤壁职业技术学院校院（鹤壁市妇幼保健院）共建妇幼健康促进培训基地项目-中标公告,http://www.hngp.gov.cn/henan/content?infoId=1288563&channelCode=H670202
164,洛阳职业技术学院汽车整车故障诊断技术实训中心项目-中标公告,http://www.hngp.gov.cn/henan/content?infoId=1288332&channelCode=H640102
169,濮阳医学高等专科学校智慧校园基础平台建设项目（二次）-中标公告,http://www.hngp.gov.cn/henan/content?infoId=1287957&channelCode=H700202
171,【平公资采20221167号】平顶山市第三高级中学一高校区学生宿舍空调、教室、食堂餐厅及办公室会议室空调采购项目中标公告,http://pingdingshan.hngp.gov.cn/pingdingshan/content?infoId=1287672&channelCode=H650202
172,清丰县春晖路小学教学办公设备购置-中标公告,http://www.hngp.gov.cn/henan/content?infoId=1287539&channelCode=E000503
177,濮阳医学高等专科学校临床实验实训室一期建设项目（二次）-中标公告,http://www.hngp.gov.cn/henan/content?infoId=1283448&channelCode=H700202
178,桐柏县中等职业学校标准化建设项目-中标公告,http://luoyang.hngp.gov.cn/luoyang/content?infoId=1282087&channelCode=H740602
180,长垣技师学院（长垣职业中等专业学校）实训室建设项目-中标公告,http://xinxiang.hngp.gov.cn/xinxiang/content?infoId=1281292&channelCode=D890503
183,【平公资采20221133号】平顶山职业技术学院保安服务费项目中标公告,http://pingdingshan.hngp.gov.cn/pingdingshan/content?infoId=1279612&channelCode=H650202
184,原阳县第五初级中学教学设备采购项目（二次）-中标公告,http://luoyang.hngp.gov.cn/luoyang/content?infoId=1278970&channelCode=H680202
185,洛阳职业技术学院食品虚拟仿真工程实训室建设项目-中标公告,http://www.hngp.gov.cn/henan/content?infoId=1279869&channelCode=H640102
187,洛阳职业技术学院食品虚拟仿真工程实训室建设项目-中标公告,http://luoyang.hngp.gov.cn/luoyang/content?infoId=1279869&channelCode=H640102
188,南阳市第十三中学校文化路校区物理实验室装备项目-中标公告,http://www.hngp.gov.cn/henan/content?infoId=1279699&channelCode=H740602
195,浚县新镇镇西郭村中心小学附设园设备采购项目-中标公告,http://www.hngp.gov.cn/henan/content?infoId=1277750&channelCode=H670202
196,河南省驻马店财经学校2022双高工程“幼儿保育保健实训室”、“舞蹈表演专业多功能排练厅采购”项目-中标公告,http://www.hngp.gov.cn/henan/content?infoId=1277888&channelCode=H600102
199,郑州旅游职业学院市场营销数字可视化云实训中心项目-中标公告,http://zhengzhou.hngp.gov.cn/zhengzhou/content?infoId=1276264&channelCode=H610102
200,郑州市科技工业学校-城市轨道交通运营管理仿真实训项目中标公告,http://zhengzhou.hngp.gov.cn/zhengzhou/content?infoId=1275928&channelCode=H610102
201,洛阳职业技术学院信创电子教室与实训平台项目-中标公告,http://luoyang.hngp.gov.cn/luoyang/content?infoId=1275877&channelCode=H640102
204,许昌学院数字化实践教学中心（二期）项目-中标公告,http://www.hngp.gov.cn/henan/content?infoId=1274957&channelCode=H600102
205,郑州旅游职业学院新校区公共机房建设项目-中标公告,http://www.hngp.gov.cn/henan/content?infoId=1275171&channelCode=H610102
211,洛阳职业技术学院教师综合素质提升工程调整项目（一标段智慧教室）中标公告,http://luoyang.hngp.gov.cn/luoyang/content?infoId=1272821&channelCode=H640102
214,南阳理工学院计算机应用实验室新建项目-中标公告,http://www.hngp.gov.cn/henan/content?infoId=1273589&channelCode=H740602
218,郑州市科技工业学校-机器人实训室建设项目中标公告,http://zhengzhou.hngp.gov.cn/zhengzhou/content?infoId=1271833&channelCode=H610102
220,河南信息统计职业学院“双高”专业群资源库建设（一期）项目-中标结果公告,http://www.hngp.gov.cn/henan/content?infoId=1271733&channelCode=H600102
221,郑州铁路职业技术学院人工智能综合实训室设备采购项目-中标公告,http://www.hngp.gov.cn/henan/content?infoId=1272367&channelCode=H600102
222,安阳市银鹭小学教室护眼灯及电子黑板采购项目中标公告,http://www.hngp.gov.cn/henan/content?infoId=1272323&channelCode=H660202
223,洛阳铁路信息工程学校PLC理实一体化教室建设项目采购意向书项目-中标公告,http://www.hngp.gov.cn/henan/content?infoId=1272147&channelCode=H600102
225,柘城职业技术学校纸质图书采购及编目、加工项目-结果公告,http://shangqiu.hngp.gov.cn/shangqiu/content?infoId=1270520&channelCode=D600104
226,洛阳铁路信息工程学校学生视觉传达机房项目-中标公告,http://www.hngp.gov.cn/henan/content?infoId=1271121&channelCode=H600102
228,清丰县晓月路小学教育教学设备采购-中标公告,http://www.hngp.gov.cn/henan/content?infoId=1271141&channelCode=E000503
230,新乡市红旗区小店镇中心学校薄弱环节改善与能力提升采购-中标公告,http://www.hngp.gov.cn/henan/content?infoId=1268314&channelCode=H680202
235,洛阳职业技术学院云计算大赛实训平台及计算机设备采购项目-中标公告,http://luoyang.hngp.gov.cn/luoyang/content?infoId=1266613&channelCode=H640102
236,郑州旅游职业学院校园保洁服务项目-中标公告,http://zhengzhou.hngp.gov.cn/zhengzhou/content?infoId=1266409&channelCode=H610102
244,社旗县中等职业学校2021-2022学年“双高”建设项目（第二批）项目-中标公告,http://nanyang.hngp.gov.cn/nanyang/content?infoId=1264808&channelCode=H740602
245,濮阳医学高等专科学校医学影像实验实训室一期建设项目-中标公告,http://puyang.hngp.gov.cn/puyang/content?infoId=1264340&channelCode=H700202
247,郑州市电子信息工程学校电子电路装调实训室项目-中标公告,http://zhengzhou.hngp.gov.cn/zhengzhou/content?infoId=1263755&channelCode=H610102
250,郑州市管城回族区港湾路小学模块化教室项目-中标公告,http://luoyang.hngp.gov.cn/luoyang/content?infoId=1261934&channelCode=D280202
251,渑池县第二高级中学2022年改善办学条件智慧教学设备购置项目-中标公告,http://www.hngp.gov.cn/henan/content?infoId=1262632&channelCode=H730202
253,焦作师范高等专科学校电子商务实训中心改造项目-（一包）（二次）中标公告,http://www.hngp.gov.cn/henan/content?infoId=1262323&channelCode=H690202
254,濮阳医学高等专科学校5G智慧教室建设项目-中标公告,http://luoyang.hngp.gov.cn/luoyang/content?infoId=1260819&channelCode=H700202
256,辉县市实验学校课桌凳采购项目 结果公示,http://www.hngp.gov.cn/henan/content?infoId=1260516&channelCode=H680204
259,河南工业大学数控实习理实一体化教室建设项目中标结果公告,http://luoyang.hngp.gov.cn/luoyang/content?infoId=1259199&channelCode=H600102
260,郑州信息科技职业学院智能工厂虚拟实训中心项目-中标公告,http://www.hngp.gov.cn/henan/content?infoId=1256413&channelCode=H600102
261,驻马店市第二初级中学北区功能教室设备采购项目-中标公告,http://luoyang.hngp.gov.cn/luoyang/content?infoId=1256966&channelCode=H780602
262,郑州市管城回族区回民第一小学管城回族区教育局所属部分学校计算机教室项目-中标公告,http://luoyang.hngp.gov.cn/luoyang/content?infoId=1257595&channelCode=D280202
264,南阳市第十二完全学校2022年秋期教育教学装备采购项目第四、十四标段（二次）-中标公告,http://www.hngp.gov.cn/henan/content?infoId=1256246&channelCode=H740602
265,郑州市管城回族区回民第一小学管城回族区教育局所属部分学校录播教室项目-中标公告,http://zhengzhou.hngp.gov.cn/zhengzhou/content?infoId=1255856&channelCode=D280202
266,南阳师范学院化工制药拼装式桌面工厂实训室项目竞争性磋商采购结果公示,http://nanyang.hngp.gov.cn/nanyang/content?infoId=1255092&channelCode=H740604
267,郑州信息科技职业学院智能财金综合实训中心项目中标公告,http://www.hngp.gov.cn/henan/content?infoId=1255648&channelCode=H600102
269,郑州市管城回族区青山路小学新建云计算机教室项目-中标公告,http://zhengzhou.hngp.gov.cn/zhengzhou/content?infoId=1254431&channelCode=D280202
270,南阳理工学院影视编辑与合成实训室建设项目第一标段中标公告,http://nanyang.hngp.gov.cn/nanyang/content?infoId=1254220&channelCode=H740602
272,濮阳医学高等专科学校教室多媒体升级改造项目-中标公告,http://luoyang.hngp.gov.cn/luoyang/content?infoId=1252245&channelCode=H700202
274,郑州信息科技职业学院智能检测技术实训室项目-中标公告,http://luoyang.hngp.gov.cn/luoyang/content?infoId=1251281&channelCode=H600102
275,河南建筑职业技术学院BIM工程技术应用中心（一期）项目中标公告,http://www.hngp.gov.cn/henan/content?infoId=1249865&channelCode=H600102
276,郑州市管城回族区回民第一小学管城回族区教育局所属部分学校班班通项目-中标公告,http://zhengzhou.hngp.gov.cn/zhengzhou/content?infoId=1248506&channelCode=D280202
277,南阳理工学院2021年智慧教室建设项目（三次）中标公告,http://nanyang.hngp.gov.cn/nanyang/content?infoId=1248410&channelCode=H740602
279,郑州旅游职业学院旅游文创实训中心项目-中标公告,http://www.hngp.gov.cn/henan/content?infoId=1247804&channelCode=H610102
280,宠物医疗专业实训室提升项目中标公告,http://luoyang.hngp.gov.cn/luoyang/content?infoId=1247720&channelCode=H640104
281,河南职业技术学院智能化制造技术虚拟仿真实训基地项目-中标公告,http://www.hngp.gov.cn/henan/content?infoId=1247252&channelCode=H600102
282,建安政采公字〔2022〕23号许昌市建安区第一高级中学建安区一高物业服务项目-中标公告,http://luoyang.hngp.gov.cn/luoyang/content?infoId=1247744&channelCode=H710202
283,商丘市第二高级中学护眼灯采购安装项目结果公告,http://shangqiu.hngp.gov.cn/shangqiu/content?infoId=1246507&channelCode=H750604
287,河南医学高等专科学校物业管理服务项目-中标公告,http://www.hngp.gov.cn/henan/content?infoId=1246178&channelCode=H600102
289,新乡市第十一中学多功能报告厅升级改造项目结果公告,http://www.hngp.gov.cn/henan/content?infoId=1244983&channelCode=H680204
290,郑州市第一〇七高级中学开办费-计算机教室云桌面终端（224点位）项目-中标公告,http://www.hngp.gov.cn/henan/content?infoId=1244862&channelCode=H610102
291,新乡市红旗区洪门镇中心学校(新乡市红旗区洪门镇初级中学）新乡市红旗区洪门镇公村小学教学设备采购项目结果公告,http://www.hngp.gov.cn/henan/content?infoId=1244573&channelCode=H680202
293,河南科技大学“中国道路”虚拟仿真平台项目和高性能计算机项目采购项目-中标公告,http://www.hngp.gov.cn/henan/content?infoId=1243871&channelCode=H600102
294,三门峡职业技术学院智能制造学院电工电子实训中心提升改造项目-中标公告,http://luoyang.hngp.gov.cn/luoyang/content?infoId=1243193&channelCode=H730202
300,河南省新闻出版学校2022年度学生教材采购项目-中标公告,http://www.hngp.gov.cn/henan/content?infoId=1242092&channelCode=H600102
301,新乡市牧野区西干道小学采购录播教室升级、网络广播及计算机教室项目结果公告,http://www.hngp.gov.cn/henan/content?infoId=1242343&channelCode=H680202
302,商丘师范学院通用电子仪器与自动化控制实验室建设项目中标公告,http://luoyang.hngp.gov.cn/luoyang/content?infoId=1241887&channelCode=H600102
303,新乡学院应用光学及激光原理教学实验室项目（二次）-中标公告,http://www.hngp.gov.cn/henan/content?infoId=1241708&channelCode=H680202
304,郑州市第四十四高级中学2022年开办费——报告厅设设备项目-中标公告,http://zhengzhou.hngp.gov.cn/zhengzhou/content?infoId=1241465&channelCode=H610102
305,郑州市第四十四高级中学2022年开办费——礼堂设备项目-中标公告,http://zhengzhou.hngp.gov.cn/zhengzhou/content?infoId=1241466&channelCode=H610102
306,郑州市第四十四高级中学2022年开办费——会议室设备项目-中标公告,http://zhengzhou.hngp.gov.cn/zhengzhou/content?infoId=1241077&channelCode=H610102
307,河南林业职业学院智慧党建云平台项目-中标公告,http://www.hngp.gov.cn/henan/content?infoId=1241426&channelCode=H600102
308,郑州铁路职业技术学院大学生科技创新中心二期项目-中标公告,http://www.hngp.gov.cn/henan/content?infoId=1241497&channelCode=H600102
309,洛阳职业技术学院宠物医疗技术专业教学资源库建设项目-中标公告,http://www.hngp.gov.cn/henan/content?infoId=1240730&channelCode=H640102
310,洛阳职业技术学院网络技能提升实训基地采购项目-中标公告,http://www.hngp.gov.cn/henan/content?infoId=1240641&channelCode=H640102
311,新乡市凤泉区南张门小学附属幼儿园厨房、教室厕所改造项目工程结果公告,http://luoyang.hngp.gov.cn/luoyang/content?infoId=1239662&channelCode=H680204
315,南乐县仓颉小学电子设备采购项目-结果公告,http://www.hngp.gov.cn/henan/content?infoId=1237811&channelCode=E030503
316,河南艺术职业学院-图书馆智能化建设项目-中标公告,http://luoyang.hngp.gov.cn/luoyang/content?infoId=1238276&channelCode=H600102
321,河南省南阳工业学校省“高水平专业群”建设（三期）项目-中标公告,http://nanyang.hngp.gov.cn/nanyang/content?infoId=1236487&channelCode=H740602
322,河南工学院汽车动力系统测试实验室项目-中标公告,http://luoyang.hngp.gov.cn/luoyang/content?infoId=1236899&channelCode=H600102
325,郑州市第一〇三高级中学开办费-校园广播及一卡通系统项目中标结果公告,http://zhengzhou.hngp.gov.cn/zhengzhou/content?infoId=1235498&channelCode=H610102
326,黄淮学院2022005—多媒体教室改造（货物）-中标公告,http://zhumadian.hngp.gov.cn/zhumadian/content?infoId=1234708&channelCode=H780602
327,洛阳市孟津区第一高级中学新区高中教育教学设备采购项目（第一批）第五标段二次中标公告,http://luoyang.hngp.gov.cn/luoyang/content?infoId=1234653&channelCode=D690503
335,郑州市第一〇三高级中学开办费-化学创新实验室项目-中标公告,http://zhengzhou.hngp.gov.cn/zhengzhou/content?infoId=1234514&channelCode=H610102
336,郑州市第一〇三高级中学开办费-校园文化建设（一期）项目-中标公告,http://zhengzhou.hngp.gov.cn/zhengzhou/content?infoId=1234512&channelCode=H610102
337,郑州市第一〇三高级中学开办费-生物创新竞赛实验室项目-中标公告,http://zhengzhou.hngp.gov.cn/zhengzhou/content?infoId=1234511&channelCode=H610102
338,郑州市郑东新区永昌幼儿园玩教具家具项目-中标公告,http://zhengzhou.hngp.gov.cn/zhengzhou/content?infoId=1234427&channelCode=D360202
339,安阳幼儿师范高等专科学校校园高速网络提升改造项目（二次）中标公告,http://anyang.hngp.gov.cn/anyang/content?infoId=1234105&channelCode=H660202
340,【平公资采2022856号】河南质量工程职业学院2022-2025学年教材采购中标公告,http://pingdingshan.hngp.gov.cn/pingdingshan/content?infoId=1233502&channelCode=H650204
344,河南科技学院新东校区智慧教室建设项目-中标公告,http://luoyang.hngp.gov.cn/luoyang/content?infoId=1233302&channelCode=H600102
351,河南财经政法大学2022年灾后受损中文图书购置项目-中标公告,http://www.hngp.gov.cn/henan/content?infoId=1232360&channelCode=H600102
356,柳青路小学连廊及阅读角项目结果公告,http://xinxiang.hngp.gov.cn/xinxiang/content?infoId=1230703&channelCode=H680204
359,河南警察学院侦查学模拟侦查实验中心(一期)建设项目(二次)中标公告,http://www.hngp.gov.cn/henan/content?infoId=1230887&channelCode=H600102
362,安阳师范学院大学生创新实践基地项目-中标公告,http://www.hngp.gov.cn/henan/content?infoId=1230532&channelCode=H600102
363,许昌职业技术学院数码钢琴实训室项目 中标结果公告,http://www.hngp.gov.cn/henan/content?infoId=1231409&channelCode=H710204
366,郑州旅游职业学院智慧旅游虚拟仿真实验实训中心项目-中标公告,http://zhengzhou.hngp.gov.cn/zhengzhou/content?infoId=1229873&channelCode=H610102
368,淇县职业中等专业学校中职双高2022年度建设项目-中标公告,http://www.hngp.gov.cn/henan/content?infoId=1229879&channelCode=H670202
370,郑州信息科技职业学院河南在线教育课程制作基地展示与审核环境建设项目-中标公告,http://www.hngp.gov.cn/henan/content?infoId=1229975&channelCode=H600102
371,郑州铁路职业技术学院高职专业教学资源库建设（双高校建设项目）项目-中标公告,http://www.hngp.gov.cn/henan/content?infoId=1229545&channelCode=H600102
372,南阳师范学院综合楼及博睿楼智慧教室建设项目中标公告,http://www.hngp.gov.cn/henan/content?infoId=1230147&channelCode=H600102
373,郑州旅游职业学院跨境电商产教融合实训基地项目-中标公告,http://zhengzhou.hngp.gov.cn/zhengzhou/content?infoId=1228389&channelCode=H610102
375,河南建筑职业技术学院工程管理系专业课程体系数字化升级改造项目（二次） 结果公告,http://luoyang.hngp.gov.cn/luoyang/content?infoId=1228127&channelCode=H600102
380,安阳师范学院智慧教室建设项目多媒体设备更新部分项目-中标公告,http://luoyang.hngp.gov.cn/luoyang/content?infoId=1227763&channelCode=H600102
382,洛阳职业技术学院省级老服专业资源库建设项目-中标公告,http://luoyang.hngp.gov.cn/luoyang/content?infoId=1226947&channelCode=H640102
385,舞阳县第一高级中学舞阳一高新建宿舍办公楼配套设备采购项目-中标公告,http://luoyang.hngp.gov.cn/luoyang/content?infoId=1227095&channelCode=H720202
386,郑州市第五十六高级中学（郑州市郑开示范高级中学）2022年物理实验室设备项目-中标公告,http://zhengzhou.hngp.gov.cn/zhengzhou/content?infoId=1225661&channelCode=H610102
387,郑州师范学院2022年投资学专业实践平台项目-中标公告,http://zhengzhou.hngp.gov.cn/zhengzhou/content?infoId=1225565&channelCode=H610102
388,新安县职业高级中学新安职高教学平台与实训软件建设项目-中标公告,http://luoyang.hngp.gov.cn/luoyang/content?infoId=1225476&channelCode=D760502
393,郑州市郑东新区龙源第一幼儿园室内外玩教具家具项目-中标公告,http://zhengzhou.hngp.gov.cn/zhengzhou/content?infoId=1224717&channelCode=D360202
394,郑州市郑东新区象湖第一幼儿园室内外玩教具家具项目-中标公告,http://zhengzhou.hngp.gov.cn/zhengzhou/content?infoId=1224721&channelCode=D360202
395,郑州市郑东新区白沙中心幼儿园室内外玩教具家具项目-中标公告,http://zhengzhou.hngp.gov.cn/zhengzhou/content?infoId=1224719&channelCode=D360202
396,郑州市第五十六高级中学（郑州市郑开示范高级中学）2022年生物实验室设备项目-中标公告,http://zhengzhou.hngp.gov.cn/zhengzhou/content?infoId=1224636&channelCode=H610102
397,郑州市第五十六高级中学（郑州市郑开示范高级中学）2022年化学实验室设备项目-中标公告,http://zhengzhou.hngp.gov.cn/zhengzhou/content?infoId=1224619&channelCode=H610102
398,洛阳职业技术学院伊滨校区物业外包服务项目-中标公告,http://luoyang.hngp.gov.cn/luoyang/content?infoId=1223374&channelCode=H640102
399,退役民航客机A320-中标公告,http://luoyang.hngp.gov.cn/luoyang/content?infoId=1224225&channelCode=H660202
402,河南信息统计职业学院白沙校区教学楼功能提升与改造项目-中标公告,http://www.hngp.gov.cn/henan/content?infoId=1224561&channelCode=H600102
403,商丘师范学院师范生职业技能实训中心建设项目-中标公告,http://luoyang.hngp.gov.cn/luoyang/content?infoId=1224486&channelCode=H600102
407,南阳市第十五小学校七一路校区学生微机室装备项目-中标公告,http://luoyang.hngp.gov.cn/luoyang/content?infoId=1221946&channelCode=H740602
408,【平公资采2022763号】河南质量工程职业学院致知楼教室桌椅更换项目结果公示,http://pingdingshan.hngp.gov.cn/pingdingshan/content?infoId=1221376&channelCode=H650202
409,河南工学院云网络语音室项目-中标公告,http://luoyang.hngp.gov.cn/luoyang/content?infoId=1221380&channelCode=H600102
411,南阳市第十一完全学校采购设备一批项目中标公告,http://nanyang.hngp.gov.cn/nanyang/content?infoId=1220391&channelCode=H740602
414,三门峡职业技术学院建筑工程学院建筑结构信息化实验实训室建设项目-中标公告,http://luoyang.hngp.gov.cn/luoyang/content?infoId=1219561&channelCode=H730202
416,南阳市第十五完全学校采购学生用床、课桌凳一批项目中标公告,http://luoyang.hngp.gov.cn/luoyang/content?infoId=1220386&channelCode=H740602
418,商丘师范学院文化旅游综合教学实验中心项目中标公告,http://www.hngp.gov.cn/henan/content?infoId=1218436&channelCode=H600102
421,安阳师范学院艺术实验室项目中标结果公告,http://luoyang.hngp.gov.cn/luoyang/content?infoId=1218916&channelCode=H600102
428,社旗县中等职业学校2021-2022学年“双高”建设项目-中标公告,http://luoyang.hngp.gov.cn/luoyang/content?infoId=1215514&channelCode=H740602
430,南阳师范学院5G虚拟仿真实训室项目竞争性磋商采购结果公示,http://luoyang.hngp.gov.cn/luoyang/content?infoId=1215270&channelCode=H740604
431,河南信息统计职业学院智能化云网络安全攻防实训中心项目-中标公告,http://luoyang.hngp.gov.cn/luoyang/content?infoId=1215072&channelCode=H600102
435,洛阳理工学院2022-2023学年第一学期教材采购项目中标公告,http://luoyang.hngp.gov.cn/luoyang/content?infoId=1214083&channelCode=H600104
436,郑州市第五十六高级中学（郑州市郑开示范高级中学）2022年学术报告厅和合班教室项目中标公告,http://luoyang.hngp.gov.cn/luoyang/content?infoId=1213998&channelCode=H610102
437,商丘师范学院物理实验技能实训室建设项目-中标公告,http://luoyang.hngp.gov.cn/luoyang/content?infoId=1213825&channelCode=H600102
438,漯河职业技术学院2022—2023学年教材采购项目中标公示,http://luoyang.hngp.gov.cn/luoyang/content?infoId=1214133&channelCode=H720204
439,河南中医药大学多媒体教室智慧化建设项目-中标公告,http://luoyang.hngp.gov.cn/luoyang/content?infoId=1213837&channelCode=H600102
440,浚县第三高级中学综合楼维修改造项目（设备采购）-中标公告,http://luoyang.hngp.gov.cn/luoyang/content?infoId=1214113&channelCode=H670202
441,郑州市第五十六高级中学（郑州市郑开示范高级中学）2022年智慧校园应用平台项目中标公告,http://luoyang.hngp.gov.cn/luoyang/content?infoId=1214299&channelCode=H610102
443,林州市姚村镇第一初级中学教室内墙修补及粉刷项目中标公示,http://luoyang.hngp.gov.cn/luoyang/content?infoId=1212190&channelCode=H660204
445,新乡职业技术学院教室粉刷项目中标结果公告,http://luoyang.hngp.gov.cn/luoyang/content?infoId=1212888&channelCode=H680202
453,河南水利与环境职业学院水生态修复综合实训室项目补充协议,http://www.hngp.gov.cn/henan/content?infoId=1210521&channelCode=H601401
454,洛阳市孟津区第一高级中学新区高中教育教学设备采购项目（第一批）第六标段第七标段-中标公告,http://luoyang.hngp.gov.cn/luoyang/content?infoId=1209896&channelCode=D690503
455,洛阳市孟津区第一高级中学新区高中教育教学设备采购项目（第一批）第一标段-第四标段-中标公告,http://luoyang.hngp.gov.cn/luoyang/content?infoId=1209895&channelCode=D690503
458,南阳市第十五小学校直播录播教室装备项目中标公告,http://nanyang.hngp.gov.cn/nanyang/content?infoId=1209686&channelCode=H740604
462,焦作师范高等专科学校实训室智能管理中心建设项目-中标公告,http://luoyang.hngp.gov.cn/luoyang/content?infoId=1209349&channelCode=H690202
463,郑州财税金融职业学院航空综合实训基地建设项目-中标公告,http://zhengzhou.hngp.gov.cn/zhengzhou/content?infoId=1208904&channelCode=H610102
464,郑州市金融学校新能源汽车实训基地建设项目-中标公告,http://zhengzhou.hngp.gov.cn/zhengzhou/content?infoId=1208303&channelCode=H610102
465,郑州市金融学校物流现代综合作业实训室建设项目-中标公告,http://zhengzhou.hngp.gov.cn/zhengzhou/content?infoId=1208300&channelCode=H610102
469,河南省妇女干部学校（河南省幼儿师范学校）智能云会计信息化综合实训室项目中标公告,http://luoyang.hngp.gov.cn/luoyang/content?infoId=1208030&channelCode=H600102
472,洛阳铁路信息工程学校1+X列车运行自动控制系统现场信号设备运用与维护培训系统项目-中标公告,http://luoyang.hngp.gov.cn/luoyang/content?infoId=1207534&channelCode=H600102
474,郑州市第六十五中学多功能室项目-中标公告,http://zhengzhou.hngp.gov.cn/zhengzhou/content?infoId=1206140&channelCode=D270202
477,【平公资采2022774号】电子商务实训室采购（二次）-结果公告,http://luoyang.hngp.gov.cn/luoyang/content?infoId=1205922&channelCode=H650202
478,河南护理职业学院大学生心理健康教育与咨询中心建设项目-中标公告,http://luoyang.hngp.gov.cn/luoyang/content?infoId=1206267&channelCode=H600102
479,河南财政金融学院智慧校园网络设备更新项目-中标公告,http://luoyang.hngp.gov.cn/luoyang/content?infoId=1205393&channelCode=H600102
481,河南财政金融学院教学设备采购项目-中标公告,http://luoyang.hngp.gov.cn/luoyang/content?infoId=1206309&channelCode=H600102
486,郑州电力高等专科学校思政VR实践教学中心建设项目中标结果公告,http://luoyang.hngp.gov.cn/luoyang/content?infoId=1204424&channelCode=H600102
487,郑州电力高等专科学校垃圾焚烧发电运行与维护（1+X证书）全国中心考核示范站点建设项目中标结果公告,http://luoyang.hngp.gov.cn/luoyang/content?infoId=1204408&channelCode=H600102
489,河南水利与环境职业学院水生态修复综合实训室项目补充协议,http://luoyang.hngp.gov.cn/luoyang/content?infoId=1203777&channelCode=H601401
493,南阳理工学院2021年智慧教室建设项目（二次）中标公告,http://nanyang.hngp.gov.cn/nanyang/content?infoId=1203481&channelCode=H740602
497,南阳市第十五小学校孔明路校区教室空调装备采购安装工程项目-中标公告,http://nanyang.hngp.gov.cn/nanyang/content?infoId=1201293&channelCode=H740602
499,郑州信息科技职业学院物联网综合创新实训室建设项目-中标公告,http://luoyang.hngp.gov.cn/luoyang/content?infoId=1201731&channelCode=H600102
501,濮阳市职业中等专业学校“河南省中等职业教育双高项目”建设项目-中标公告,http://luoyang.hngp.gov.cn/luoyang/content?infoId=1201231&channelCode=H700202
505,河南省妇女干部学校（河南省幼儿师范学校）2022年智慧黑板采购项目-中标公告,http://luoyang.hngp.gov.cn/luoyang/content?infoId=1201706&channelCode=H600102
507,河南水利与环境职业学院北教学楼多媒体教室改造项目-中标公告,http://luoyang.hngp.gov.cn/luoyang/content?infoId=1201542&channelCode=H600102
509,【平公资采2022699号】平顶山市第三高级中学一高校区宿舍楼、实验楼、阶梯教室外墙、文化长廊维修改造工程中标公告,http://luoyang.hngp.gov.cn/luoyang/content?infoId=1200353&channelCode=H650202
512,商丘师范学院智能制造工业网络通讯实训室项目结果公告,http://luoyang.hngp.gov.cn/luoyang/content?infoId=1198384&channelCode=H750604
513,新乡医学院精品在线开放课程制作项目2包中标公告,http://luoyang.hngp.gov.cn/luoyang/content?infoId=1198628&channelCode=H600102
514,河南科技大学电子商务研究院项目中标公告,http://luoyang.hngp.gov.cn/luoyang/content?infoId=1198772&channelCode=H600102
516,河南工业和信息化职业学院物业服务项目-中标公告,http://luoyang.hngp.gov.cn/luoyang/content?infoId=1199412&channelCode=H600102
517,黄淮学院2022018—采购2022—2023学年度师生教材（货物）-中标公告,http://zhumadian.hngp.gov.cn/zhumadian/content?infoId=1198153&channelCode=H780602
523,焦作师范高等专科学校学前教育专业实训室建设项目-中标公告,http://jiaozuo.hngp.gov.cn/jiaozuo/content?infoId=1195937&channelCode=H690202
526,河南工业职业技术学院智慧融合云管理平台（一期）项目中标结果公告,http://luoyang.hngp.gov.cn/luoyang/content?infoId=1196596&channelCode=H600102
528,河南交通职业技术学院公路学院基础实训室条件提升建设项目-中标公告,http://luoyang.hngp.gov.cn/luoyang/content?infoId=1195820&channelCode=H600102
534,临颍县第一高级中学临颍一高护眼灯更换项目-中标公告,http://luoyang.hngp.gov.cn/luoyang/content?infoId=1194141&channelCode=H720202
535,河南工业贸易职业学院音乐表演综合实训室项目 中标公告,http://luoyang.hngp.gov.cn/luoyang/content?infoId=1194992&channelCode=H600102
536,【平公资采2022619号】平顶山职业技术学院物业服务-中标公告,http://pingdingshan.hngp.gov.cn/pingdingshan/content?infoId=1193150&channelCode=H650202
540,河南警察学院纸质图书采购项目-中标公告,http://luoyang.hngp.gov.cn/luoyang/content?infoId=1193143&channelCode=H600102
541,郑州市第二初级中学计算机教室项目中标公告,http://zhengzhou.hngp.gov.cn/zhengzhou/content?infoId=1192069&channelCode=D250202
544,河南推拿职业学院针灸推拿虚拟仿真实训室建设项目-中标公告,http://luoyang.hngp.gov.cn/luoyang/content?infoId=1192545&channelCode=H600102
545,黄河水利职业技术学院电子商务专业群资源库建设项目包B、包C-中标公告,http://luoyang.hngp.gov.cn/luoyang/content?infoId=1191477&channelCode=H600102
546,2022年精品课在线开放课程视频资源制作中标（成交）结果公告,http://luoyang.hngp.gov.cn/luoyang/content?infoId=1191612&channelCode=H670204
547,叶县中等专业学校搬迁项目办公家具采购项目-中标公告,http://luoyang.hngp.gov.cn/luoyang/content?infoId=1192377&channelCode=D490202
553,新乡学院2022-2024学年教材采购项目-中标公告,http://xinxiang.hngp.gov.cn/xinxiang/content?infoId=1189631&channelCode=H680204
554,郑州大学信息化办公室2022年度多媒体教室运维服务外包项目结果公示,http://luoyang.hngp.gov.cn/luoyang/content?infoId=1189493&channelCode=H600104
555,河南艺术职业学院2021年河南全民技能振兴工程省级高技能人才培养示范基地项目-中标公告,http://luoyang.hngp.gov.cn/luoyang/content?infoId=1189196&channelCode=H600102
558,巩义市第一中等专业学校新能源汽车虚拟仿真实训基地建设项目-中标公告,http://zhengzhou.hngp.gov.cn/zhengzhou/content?infoId=1187723&channelCode=D310202
559,河南应用技术职业学院2022年物业综合服务（郑州校区、开封校区）招标项目-中标公告,http://luoyang.hngp.gov.cn/luoyang/content?infoId=1188687&channelCode=H600102
560,郑州市第四十七高级中学郑州市第四十七中学高中部东校区学生课桌椅及书包柜多媒体讲桌等（高三年级）项目-中标公告,http://luoyang.hngp.gov.cn/luoyang/content?infoId=1188198&channelCode=H610102
562,新乡市牧野区新飞大道小学智慧教室、智慧黑板购置项目结果公告,http://xinxiang.hngp.gov.cn/xinxiang/content?infoId=1187064&channelCode=H680202
567,焦作师范高等专科学校应用电子技术教育专业实验实训室建设项目-中标公告,http://jiaozuo.hngp.gov.cn/jiaozuo/content?infoId=1186091&channelCode=H690202
572,河南交通职业技术学院道路工程试验检测实训基地项目-中标公告,http://luoyang.hngp.gov.cn/luoyang/content?infoId=1185566&channelCode=H600102
575,新乡市牧野区北干道小学计算机教室电脑、网络设备、智慧黑板、课桌凳、美术教室、科学教室建设项目结果公告,http://luoyang.hngp.gov.cn/luoyang/content?infoId=1184634&channelCode=H680202
576,河南城建学院计算机与数据科学学院机房升级改造项目磋商结果公示,http://luoyang.hngp.gov.cn/luoyang/content?infoId=1185065&channelCode=H600104
577,武陟县第一中学新增教室交互式电子黑板采购项目中标结果公告,http://luoyang.hngp.gov.cn/luoyang/content?infoId=1184916&channelCode=D240204
582,辉县市第一高级中学教学区、办公区保洁项目 结果公告,http://xinxiang.hngp.gov.cn/xinxiang/content?infoId=1182021&channelCode=H680202
583,巩义市第二高级中学学生教室与实验室设备能力提升项目-中标公告,http://zhengzhou.hngp.gov.cn/zhengzhou/content?infoId=1181464&channelCode=D310202
586,河南理工大学多媒体设备更新项目-中标公告,http://www.hngp.gov.cn/henan/content?infoId=1180033&channelCode=H600102
590,郑州信息科技职业学院物联网综合创新实训室建设项目-中标公告,http://www.hngp.gov.cn/henan/content?infoId=1179468&channelCode=H600102
599,河南护理职业学院心理实验室建设项目-中标公告,http://www.hngp.gov.cn/henan/content?infoId=1178294&channelCode=H600102
604,新乡学院发酵与酿造校内实训平台项目中标结果公告,http://luoyang.hngp.gov.cn/luoyang/content?infoId=1174662&channelCode=H680202
607,河南省经济管理学校筹建河南粮食科技职业学院专业实训室建设项目-中标公告,http://luoyang.hngp.gov.cn/luoyang/content?infoId=1175064&channelCode=H600102
609,郑州市第五十七中学交互智能黑板项目-中标公告,http://zhengzhou.hngp.gov.cn/zhengzhou/content?infoId=1172968&channelCode=D250202
610,河南工业和信息化职业学院基于监控的云机房建设项目-中标公告,http://luoyang.hngp.gov.cn/luoyang/content?infoId=1173353&channelCode=H600102
612,河南检察职业学院培训后勤保障劳务外包项目-中标公告,http://www.hngp.gov.cn/henan/content?infoId=1173067&channelCode=H600102
613,新乡市第四十一中学云机房、智慧黑板采购项目结果公告,http://luoyang.hngp.gov.cn/luoyang/content?infoId=1173824&channelCode=H680202
617,临颍县第一高级中学临颍一高护眼灯更换项目-中标公告,http://www.hngp.gov.cn/henan/content?infoId=1190860\u0026channelCode=H720201
618,卫辉市第一中学智慧云教室采购及附属设施建设项目-中标公告,http://luoyang.hngp.gov.cn/luoyang/content?infoId=1172159&channelCode=D530202
621,洛阳市第一高级中学育田数理探索馆项目中标公告,http://luoyang.hngp.gov.cn/luoyang/content?infoId=1171057&channelCode=H640104
628,许昌学院鲲鹏产业学院实训室项目（一期）项目-中标公告,http://www.hngp.gov.cn/webfile/henan/cgxx/jggg/webinfo/2022/06/24/1169268.htm
630,许昌学院鲲鹏产业学院实训室项目（一期）项目-中标公告,http://luoyang.hngp.gov.cn/luoyang/content?infoId=1169268&channelCode=H600102
633,河南财政金融学院公共机房电脑升级改造项目-中标公告,http://luoyang.hngp.gov.cn/luoyang/content?infoId=1167131&channelCode=H600102
635,黄河水利职业技术学院电子商务专业群资源库建设项目包A-中标公告,http://www.hngp.gov.cn/webfile/henan/cgxx/jggg/webinfo/2022/06/22/1166457.htm
636,河南医学高等专科学校2022-2023年1、2学期教材采购项目-中标公告,http://luoyang.hngp.gov.cn/luoyang/content?infoId=1166621&channelCode=H600104
639,黄河水利职业技术学院电子商务专业群资源库建设项目包A-中标公告,http://www.hngp.gov.cn/henan/content?infoId=1166457&channelCode=H600102
644,三门峡职业技术学院建筑工程学院力学与结构协同创新研究中心建设项目-中标公告,http://www.hngp.gov.cn/henan/content?infoId=1161368&channelCode=H730202
646,林州市政北中学西广场北端、综合楼北边场地改造及教室楼东侧地埋污水管项目结果公示,http://anyang.hngp.gov.cn/anyang/content?infoId=1159946&channelCode=H660204
648,郑州信息科技职业学院学前教育多元教学专业实训室项目-中标公告,http://www.hngp.gov.cn/webfile/henan/cgxx/jggg/webinfo/2022/06/15/1158618.htm
649,郑州信息科技职业学院学前教育多元教学专业实训室项目-中标公告,http://www.hngp.gov.cn/henan/content?infoId=1158618&channelCode=H600102
650,ZFCG-G2022039号许昌电气职业学院“许昌电气职业学院技能培训认定资格考试教室项目(不见面开标)”中标结果公告,http://www.hngp.gov.cn/webfile/xuchang/cgxx/jggg/webinfo/2022/06/1156067.htm
653,河南工业和信息化职业学院《数控车铣加工》“1+X”证书培训实训室建设项目结果公告,http://www.hngp.gov.cn/webfile/henan/cgxx/jggg/webinfo/2022/06/10/1155234.htm
654,开封市卫生学校信息化教学提升、护理实训基地建设二期、多媒体教室建设工程-中标公告,http://www.hngp.gov.cn/henan/content?infoId=1177622\u0026channelCode=H600106
655,河南工业和信息化职业学院《数控车铣加工》“1+X”证书培训实训室建设项目结果公告,http://www.hngp.gov.cn/henan/content?infoId=1155234&channelCode=H600102
658,新乡县七里营镇康庄学校教室内外墙粉涂、屋顶治漏、教室线路改造工程结果公告,http://xinxiang.hngp.gov.cn/xinxiang/content?infoId=1153516&channelCode=H680204
659,河南工业和信息化职业学院无人机应用技术综合实训室建设项目结果公告,http://www.hngp.gov.cn/henan/content?infoId=1153720&channelCode=H600102
661,获嘉县职业中等专业学校双高三期项目-中标公告,http://xinxiang.hngp.gov.cn/xinxiang/content?infoId=1152564&channelCode=H680202
662,"河南工业和信息化职业学院""1+X""背景下建筑实训室提升改造项目-中标公告",http://www.hngp.gov.cn/webfile/henan/cgxx/jggg/webinfo/2022/06/08/1152158.htm
664,"河南工业和信息化职业学院""1+X""背景下建筑实训室提升改造项目-中标公告",http://www.hngp.gov.cn/henan/content?infoId=1152158&channelCode=H600102
