项目编号,notice_id,标项序号,标项名称,预算金额,中标金额,供应商_名称（中标单位）,采购人_项目联系人,合同编号,供应商联系方式,标项合同url
YH2021-11041,8514386,1,凤鸣校区教室组合家具采购项目,"214000,262000",报价:154440(元),绍兴蓝晨家具有限公司,金伟梁,11N47137201120221,13567538756,https://zfcg.czt.zj.gov.cn/innerUsed_noticeDetails/index.html?noticeId=8538348
YH2021-11041,8514386,2,文源校区教室组合家具采购项目,"214000,262000",报价:154440(元),绍兴蓝晨家具有限公司,金伟梁,11N47137201120222,13567538756,https://zfcg.czt.zj.gov.cn/innerUsed_noticeDetails/index.html?noticeId=8538349
QTFSCG2021-140-1,8516874,1,青田县江南实验学校智慧书法教室,685924,投标总价:625000(元),浙江正元智慧科技股份有限公司,刘利军,11N47234148720221,0571-88994161,https://zfcg.czt.zj.gov.cn/innerUsed_noticeDetails/index.html?noticeId=8557760
YH2021-11040,8517787,1,文源校区专用教室课桌椅等采购项目,"410000,410000",报价:375840.00(元),浙江圣力家具制造有限公司,金伟梁,11N4713720112022202,18072251189,https://zfcg.czt.zj.gov.cn/innerUsed_noticeDetails/index.html?noticeId=8537929
YH2021-11040,8517787,2,凤鸣校区专用教室课桌椅等采购项目,"410000,410000",报价:375840.00(元),浙江圣力家具制造有限公司,金伟梁,11N4713720112022201,18072251189,https://zfcg.czt.zj.gov.cn/innerUsed_noticeDetails/index.html?noticeId=8537894
绍柯采[2021]5303号,8525052,1,绍兴市柯桥区鲁迅外国语学校华齐路校区实验室及录播教室设备采购项目,3100000,报价:3087576(元),绍兴信之信文化发展有限公司,许老师,11N4713931382022401,13486502177,https://zfcg.czt.zj.gov.cn/innerUsed_noticeDetails/index.html?noticeId=8563700
HCTZ-2022-0001,8528317,1,洪家中心校新课改教室空间改造工程（家具采购）重新招标,427452,投标报价:422000(元),台州市相知家具销售有限公司,吴建伟,11N4726313022022201,0576-88675788,https://zfcg.czt.zj.gov.cn/innerUsed_noticeDetails/index.html?noticeId=8554633
HQZB-PYCG-2022011402,8531070,1,平阳县教育局新型教学空间（普通教室）建设（第二批）,2240000,报价:2200000(元),浙江先祥锋智能科技有限公司,林老师,11N62500255K2022202,0577-63724222,https://zfcg.czt.zj.gov.cn/innerUsed_noticeDetails/index.html?noticeId=8539075
OBANG2021-FW032-ZFCG0323-2,8533140,1,婺城南山省级自然保护区科普宣教室展陈项目,3000000,投标报价:2946986(元),浙江新中环建设有限公司,问青青,11NMB1H673332022201,18858121831,https://zfcg.czt.zj.gov.cn/innerUsed_noticeDetails/index.html?noticeId=8602253
HZJS2022-001,8533173,1,龙泉市第四中学报告厅、微格教室椅子项目,600000,报价:480000(元),浙江奥士家具有限公司,刘向平,11N7920629112022601,18905779002,https://zfcg.czt.zj.gov.cn/innerUsed_noticeDetails/index.html?noticeId=8594693
RTZFCG-2022-001,8712832,1,余杭区凤凰小学教室智能灯光改造项目,710000,报价:708600(元),杭州井泉环境工程设备有限公司,楼国红,11NMB170635520224603,15988429803,https://zfcg.czt.zj.gov.cn/innerUsed_noticeDetails/index.html?noticeId=8907965
YJZFCG2022-074,8715537,1,杭州市临平区育才实验小学（城西一中）专用教室项目,900000,报价:895419(元),浙江智造仪器有限公司,蒋方圆,11N47039518220224205,18868444826,https://zfcg.czt.zj.gov.cn/innerUsed_noticeDetails/index.html?noticeId=8752672
BSZB2022-BZZC073,8718242,1,浙江交通职业技术学院19间智慧教室环境改造工程,885462,总报价:690660(元),浙江广誉建设有限公司,李老师,11N47004026920224205,18257172803,https://zfcg.czt.zj.gov.cn/innerUsed_noticeDetails/index.html?noticeId=8759927
DTCG20220510032,8718901,1,洞头区职教中心迁建二期工程音乐、美术教室及体育馆等设备,458014,报价:398872(元),温州中信科教设备有限公司,唐海宝,11N00252930320221601,13588918829,https://zfcg.czt.zj.gov.cn/innerUsed_noticeDetails/index.html?noticeId=8882158
绍柯采[2022]1332号,8720274,1,绍兴市柯桥区鲁迅外国语学校华齐路校区功能教室、食堂、办公等家具招标采购项目,3000000,报价:2950250(元),浙江圣力家具制造有限公司,许老师,11N47139313820224801,18072251189,https://zfcg.czt.zj.gov.cn/innerUsed_noticeDetails/index.html?noticeId=8812359
HZHC-2022(D)004,8720715,1,湖州市教育局仁北初中创新学科教室采购项目,3000000,报价:2938000(元),湖州创杰科教用品有限公司,沈老师,11N00256419220222001,13587269867,https://zfcg.czt.zj.gov.cn/innerUsed_noticeDetails/index.html?noticeId=8762534
ZJYGZF[2022]031号,8721673,1,淳安县明眸工程（普通教室照明改造）采购项目,3000000,报价:2194650(元),杭州贤超电子科技有限公司,王建武,11N00251214920223401,0571-28050711,https://zfcg.czt.zj.gov.cn/innerUsed_noticeDetails/index.html?noticeId=8746354
DQZFCG-2022-G08,8723612,1,计算机教室设备采购项目,700000,报价:683700.00(元),中国移动通信集团浙江有限公司湖州分公司,吕老师,11NMB1B3404220221801,13665744001,https://zfcg.czt.zj.gov.cn/innerUsed_noticeDetails/index.html?noticeId=8807010
LYTSZC2022-037,8725510,1,县教育局本级中小学教室灯光标准化改造,2620000,报价:2101800(元),浙江奔康科技有限公司,文建,11N0026280022022601,13757985207,https://zfcg.czt.zj.gov.cn/innerUsed_noticeDetails/index.html?noticeId=8766446
HBZFCG-2022-016,8725805,1,杭州市临平区星光幼儿园共7个专用教室：上环桥园区新建4个（美术、生活、阅读、建构）；星辰园区增加2个（美术、科学）；星光园区增加1个（木工）。,700000,最终报价:698000(元),杭州丰慧商贸有限公司,柴丽华,11NB1E29414220224203,13656665258,https://zfcg.czt.zj.gov.cn/innerUsed_noticeDetails/index.html?noticeId=8757051
ZJJY2022-029,8727550,1,湖州仁北初中专用教室设施设备采购项目,1750000,报价:1550000(元),宁波乐小多教育科技有限公司,沈旭峰,11N00256419220222002,18217687370,https://zfcg.czt.zj.gov.cn/innerUsed_noticeDetails/index.html?noticeId=8745733
HJZCD-2022-018,8727643,1,浙江省杭州学军中学信息化项目(新课改信息通用教室),950000,开标总报价:939570(元),太古教育科技（上海）有限公司,何老师,11N47010356520223601,13701753066,https://zfcg.czt.zj.gov.cn/innerUsed_noticeDetails/index.html?noticeId=8746263
CTZB-2022040531,8732583,1,浙江中医药大学滨文南校区多媒体教室改造,707002,投标报价:565000(元),浙江中垠建筑装饰工程有限公司,朱老师,11N47000411020226616,0571-88903775,https://zfcg.czt.zj.gov.cn/innerUsed_noticeDetails/index.html?noticeId=8802474
WLCG-2022-06-GK,8733680,1,温岭市各中小学校教室多媒体设备,5496000,最终报价:5063400(元),杭州科通电子工程有限公司,莫老师,11N4727232232022401,0571-88212118,https://zfcg.czt.zj.gov.cn/innerUsed_noticeDetails/index.html?noticeId=8856043
ZJ-2261027,8734397,1,浙江中医药大学富春校区教室录播系统改造项目,990000,报价:965000(元),浙江万邦智能科技股份有限公司,卢老师,11N47000411020226623,13735571634,https://zfcg.czt.zj.gov.cn/innerUsed_noticeDetails/index.html?noticeId=8788331
SXPZ-H20220509CKY,8735775,1,新昌县梅渚小学专用教室设备采购项目,1261449,报价:1236638(元),浙江胜昔信息科技有限公司,张老师,11N47145113120221202,18758545222,https://zfcg.czt.zj.gov.cn/innerUsed_noticeDetails/index.html?noticeId=8803151
WMU-2022924,8738117,1,求知楼新建4间大教室、3间小教室所需课桌椅等家具采购,700000,报价:685080(元),温州高新瑞诚家具有限公司,王老师,11N47000591420225804,13857793495,https://zfcg.czt.zj.gov.cn/innerUsed_noticeDetails/index.html?noticeId=8789181
ZJ-2240714,8738901,1,浙江工业大学微格教室建设,318000,投标报价:309200(元),浙江晓扬科技有限公司,教育科学与技术学院陈老师,11N47000441X20227403,15381001640,https://zfcg.czt.zj.gov.cn/innerUsed_noticeDetails/index.html?noticeId=8869921
NBJX2022084G,8739462,1,微格教室及合班教室设施设备采购,400000,报价:388600(元),宁波江东新龙视讯有限公司,汝春强,11N41956763920222001,0574-87891680,https://zfcg.czt.zj.gov.cn/innerUsed_noticeDetails/index.html?noticeId=8821522
ZJ-2270456-02,8741642,1,2022年度“智慧教室”建设项目等监理服务采购项目,206000,报价:200000.00(元),浙江天航咨询监理有限公司,王老师,11N74634447520222601,0571-85190705,https://zfcg.czt.zj.gov.cn/innerUsed_noticeDetails/index.html?noticeId=8796780
LYJY2022024,8660746,1,龙游县泽雅学校创省标准化学校专用教室设备硬件采购项目,1375000,报价:1199630(元),龙游岭峰营销策划有限公司,吴老师,11N0786503532022601,13967038768,https://zfcg.czt.zj.gov.cn/innerUsed_noticeDetails/index.html?noticeId=8680656
LYCG2022GK006,8663281,1,龙游县第三中学录播教室设备采购,300000,报价:288233.00(元),龙游海威电子工程有限公司,王老师,11N7410495492022202,0570-7028553,https://zfcg.czt.zj.gov.cn/innerUsed_noticeDetails/index.html?noticeId=8684934
HJZCD-2022-010,8665578,1,杭州市交通职业高级中学教室多媒体建设项目,1300000,开标总报价:1289900(元),杭州雄龙电子技术有限公司,尹老师,11N47010386420222604,0571-85123476,https://zfcg.czt.zj.gov.cn/innerUsed_noticeDetails/index.html?noticeId=8679642
CBNB-20223078G磋,8666316,1,宁波第二技师学院教室多媒体设备项目,1825000,报价:1815880(元),宁波市利宏信息系统工程有限公司,阎老师,11N4195386192022201,13957402016,https://zfcg.czt.zj.gov.cn/innerUsed_noticeDetails/index.html?noticeId=8709628
CBNB-20226144G,8669370,1,宁波市惠贞书院高中部实验室设备采购项目（通用技术、心理教室设备采购及安装）,1198050,投标总价:1189329.4(元),宁波市紫欣科教仪器有限公司,于老师,11N4195289712022401,0574-88486656,https://zfcg.czt.zj.gov.cn/innerUsed_noticeDetails/index.html?noticeId=8724059
HYHZ2022-41（湖财采确临【2022】1632号）,8672005,1,湖州市爱山小学教育集团奥体校区录播教室、创客中心项目,1920000,报价:1885551(元),浙江乔兴科技有限公司,施老师,11N00256419220221601,13735181637,https://zfcg.czt.zj.gov.cn/innerUsed_noticeDetails/index.html?noticeId=8720190
NBJX2022062G,8676663,1,报告厅及合班教室座椅采购,420000,投标总价:358772.00(元),宁波天孜椅业有限公司,汝春强,11N41956763920221201,13858398790,https://zfcg.czt.zj.gov.cn/innerUsed_noticeDetails/index.html?noticeId=8731652
QSZB-Z(G)-C22102(CS),8677127,1,振华路校区多功能教室改造,600000,响应报价:480000(元),浙江奇豪建设有限公司,孙老师,11N47000561520223610,13093788153,https://zfcg.czt.zj.gov.cn/innerUsed_noticeDetails/index.html?noticeId=8731864
HZCPM-2022-0402,8681785,1,2022年江山市中小学教室灯光采购项目,2050730,"黑板灯:270(元),教室灯:240(元),黑板灯:154170(元),教室灯:1388160(元),总价:1542330(元)",杭州鸿雁电器有限公司,赵老师,,,
ZJJY-20211227-03,8683868,1,研讨型智慧教室建设,700000,报价:700000(元),大连智森科技有限公司,汪老师,,,
QSZB-Z(F)-B22082(GK),8686269,1,多媒体教室设备维保,"200000,200000",投标报价:169140(元),杭州新润科技有限公司,章老师,11N47000871X20224006,0571-88211664,https://zfcg.czt.zj.gov.cn/innerUsed_noticeDetails/index.html?noticeId=8723925
QSZB-Z(F)-B22082(GK),8686269,2,标准化考场设备维保,"200000,200000",投标报价:169140(元),杭州新润科技有限公司,章老师,11N47000871X20224007,15258523860,https://zfcg.czt.zj.gov.cn/innerUsed_noticeDetails/index.html?noticeId=8723926
ZJJYZB-2022-ZC07,8686524,1,德清县凤栖小学校园电台录播教室项目,700000,报价:678939(元),浙江湖州兆龙网络科技有限公司,吕老师,11NMB1B3404220221201,0572-8886868,https://zfcg.czt.zj.gov.cn/innerUsed_noticeDetails/index.html?noticeId=8736975
ZJXSJ2022043,8686733,1,衢州市柯城区新华第二小学专业教室设备采购项目,1455951,报价:1439739(元),浙江十德教育设备有限公司,毛继华,11NMB1M970512022201,15088656459,https://zfcg.czt.zj.gov.cn/innerUsed_noticeDetails/index.html?noticeId=8703307
ZJXSJ2022049,8686736,1,衢州市柯城区新华第二小学创客教室设备采购项目,653512,报价:651721(元),浙江青云在线教育科技有限公司,毛继华,11NMB1M9705120223,13958094500,https://zfcg.czt.zj.gov.cn/innerUsed_noticeDetails/index.html?noticeId=8703233
XSCL2022-ZCY005,8688062,1,萧山区残疾人综合服务中心远程教学教室建设采购项目,500000,报价:391020(元),杭州万兆科技有限公司,钟晨,11NMBOP4305420221801,15168371661,https://zfcg.czt.zj.gov.cn/innerUsed_noticeDetails/index.html?noticeId=8838519
YH-ZFCG-2022-006,8688448,1,玉环市沙门初级中学专用教室、普通教室课桌椅,1179864,报价:1151500.00(元),育才控股集团股份有限公司,干海晨,11N9238450X020222603,15267748866,https://zfcg.czt.zj.gov.cn/innerUsed_noticeDetails/index.html?noticeId=8745402
ZB2022011a,8690992,1,浙江师范大学16幢108教室升级建设虚拟教研室设备和软件,250828,最终报价:245000.00(元),上海卓越睿新数码科技股份有限公司,管老师,11N47000351320225602,021-60248600,https://zfcg.czt.zj.gov.cn/innerUsed_noticeDetails/index.html?noticeId=8755708
JHCG2022G-009,8694444,1,金华职业技术学院数字化线上线下混合教室,550100,报价:545100.00(元),上海曼恒数字技术股份有限公司,俞悦,11N47154327120223806,17621440601,https://zfcg.czt.zj.gov.cn/innerUsed_noticeDetails/index.html?noticeId=8767034
ZJXL-HSZ-202202,8695068,1,浙江省杭州第四中学江东学校合班教室及会议室设备,1290000,投标总价:1258812.53(元),上海同轶电子有限公司,虞志军,11NMB1K9072020222201,02156318110,https://zfcg.czt.zj.gov.cn/innerUsed_noticeDetails/index.html?noticeId=8721275
HCCG2021-106,8696087,1,良渚新城二小普通教室书包柜采购项目,1030000,报价:1009588(元),浙江千百万智能设备有限公司,宋继峰,11N00251116220226801,13486393888,https://zfcg.czt.zj.gov.cn/innerUsed_noticeDetails/index.html?noticeId=8779216
HCCG2022-107,8696088,1,良渚新城二小专用教室采购项目,5370000,报价:5362500(元),浙江瑞拓仪器设备有限公司,宋继峰,11N00251116220226802,19521601812,https://zfcg.czt.zj.gov.cn/innerUsed_noticeDetails/index.html?noticeId=8779217
ZJZX-HZZGH-2022001,8697981,1,湖州市总工会宿舍家具、专业教室课桌椅采购安装,2310000,报价:2259200.00(元),湖州英才实业有限公司,俞文忠,11N02564627E20221402,13819290691,https://zfcg.czt.zj.gov.cn/innerUsed_noticeDetails/index.html?noticeId=8744314
xzcg-2022-036（招）,8699622,1,天台中学天台中学创新实验室和专用教室采购项目（标项一）,"/,/",最终报价:5152170(元),浙江省公众信息产业有限公司,王华荣,11N47278025220221,0571-87396787,https://zfcg.czt.zj.gov.cn/innerUsed_noticeDetails/index.html?noticeId=8773060
xzcg-2022-036（招）,8699622,2,天台中学天台中学创新实验室和专用教室采购项目（标项二）,"/,/",最终报价:5152170(元),浙江省公众信息产业有限公司,王华荣,11N47278025220221,0571-87396787,https://zfcg.czt.zj.gov.cn/innerUsed_noticeDetails/index.html?noticeId=8773060
ZHJS（ZC)-2022-006,8700812,1,亭桥学校专用教室及其他家具,2364039,报价:2354216(元),嘉兴荣瑞仪器有限公司,金剑杰,11NMB1K494612022802,13957315859,https://zfcg.czt.zj.gov.cn/innerUsed_noticeDetails/index.html?noticeId=8796721
JJWL22030142,8702343,1,温岭市2022年学校教室灯光改造项目（标项一）,"6768720,6695280",报价:4207224.00(元),科美达（杭州）智能科技有限公司,戴海君,11N02679010720222603,0576-88680300,https://zfcg.czt.zj.gov.cn/innerUsed_noticeDetails/index.html?noticeId=8789822
JJWL22030142,8702343,2,温岭市2022年学校教室灯光改造项目（标项二）,"6768720,6695280",报价:4207224.00(元),科美达（杭州）智能科技有限公司,戴海君,11N02679010720222603,0576-88680300,https://zfcg.czt.zj.gov.cn/innerUsed_noticeDetails/index.html?noticeId=8789822
HXZFCG2022-GK-001,8704475,1,2022年桐庐县中小学教室护眼灯改造项目,1100000,报价:852600(元),浙江省公众信息产业有限公司,王群英,11N47030031520221001,0571-87396787,https://zfcg.czt.zj.gov.cn/innerUsed_noticeDetails/index.html?noticeId=8778542
HZZFCG-2022-037,8621809,1,杭州市交通职业高级中学教室讲台和桌椅采购项目,1314600,投标报价:1306600(元),浙江荣华家具有限公司,严老师,11N47010386420222006,18057219989,https://zfcg.czt.zj.gov.cn/innerUsed_noticeDetails/index.html?noticeId=8640928
YH-ZFCG-2022-001,8623258,1,玉环市沙门初级中学合班教室及报告厅桌椅,818202,报价:769638.00(元),浙江春宇舞台设备有限公司,干海晨,11N9238450X020222203,0571-64171035,https://zfcg.czt.zj.gov.cn/innerUsed_noticeDetails/index.html?noticeId=8675145
0625-22218164,8625318,1,浙江工商大学多媒体教室教学设备和桌椅,705740,投标总价:688660(元),杭州威通科技有限公司,王老师,11N47000901820222203,18858117750,https://zfcg.czt.zj.gov.cn/innerUsed_noticeDetails/index.html?noticeId=8641193
ZJZC-227016,8626136,1,骆驼中心学校（静远小学）功能教室配套设备采购项目,1700000,最终报价:1651710.00(元),宁波富华家私制造有限公司,陆怡,11N19567241920221401,0574-86576977,https://zfcg.czt.zj.gov.cn/innerUsed_noticeDetails/index.html?noticeId=8632641
ZJJY-20220301,8626290,1,玉环市芦浦中心小学综合楼专用教室普教仪器采购项目,2071603,投标报价:1995766(元),浙江子路教学设备有限公司,陈老师,,,
DTCG20220324024,8627849,1,特殊儿童社会适应训练多功能教室,440000,投标报价:437180(元),杭州摩乐贸易有限公司,叶先生,11N70653129w2022201,13606617477,https://zfcg.czt.zj.gov.cn/innerUsed_noticeDetails/index.html?noticeId=8637983
2022HCDL031,8631408,1,嘉兴市辅成教育集团教室空调配电工程,776863,投标总价:678201(元),斯帝特能源股份有限公司,戚胜明,11N73241501720221202,18967307722,https://zfcg.czt.zj.gov.cn/innerUsed_noticeDetails/index.html?noticeId=8670387
HCCG2022-102,8631990,1,金家渡小学专用教室设备采购项目,4352912,报价:4334810.00(元),杭州慧辰文化创意有限公司,宋继峰,11N00251116220224813,15700021223,https://zfcg.czt.zj.gov.cn/innerUsed_noticeDetails/index.html?noticeId=8729973
HCCG2022-104,8634107,1,金家渡小学普通教室设施设备采购项目,3770000,报价:3734980(元),杭州然哲建筑智能工程有限公司,宋继峰,11N00251116220225008,18658896888,https://zfcg.czt.zj.gov.cn/innerUsed_noticeDetails/index.html?noticeId=8729970
ZJ-2240704,8636586,1,朝晖校区东配楼教室及部分办公用房改造工程,1950000,磋商报价:1350000.00(元),浙江新中环建设集团有限公司,余老师、陈老师,11N47000441X20224466,15088760678,https://zfcg.czt.zj.gov.cn/innerUsed_noticeDetails/index.html?noticeId=8675362
CTZB-2022030170,8641150,1,湖州市教育局爱山小学奥体校区公共教学楼专用教室设备项目,3000000,报价:2935172(元),湖州杰科教育用品有限公司,朱老师,11N00256419220221001,13587948061,https://zfcg.czt.zj.gov.cn/innerUsed_noticeDetails/index.html?noticeId=8683433
ZJJY-20220302,8641158,1,玉环市芦浦中心小学综合楼专用教室多媒体设备采购项目,1260413,投标报价:1239680(元),玉环市童天计算机有限公司,陈老师,11N75491051020222801,13967695515,https://zfcg.czt.zj.gov.cn/innerUsed_noticeDetails/index.html?noticeId=8672348
RTZFCG-2022-015,8643858,1,黄湖镇中心小学改扩建专用教室设备采购项目,4600000,报价:4594700(元),杭州明微文化创意有限公司,游庆,11N00251122620224003,15757189819,https://zfcg.czt.zj.gov.cn/innerUsed_noticeDetails/index.html?noticeId=8708398
0625-22215137（重新招标）,8645077,1,临安校区公共多媒体教室改造扩声系统,299150,最终报价:297070(元),浙江广庠云科技有限公司,游老师,11N47005185720223004,15072010848,https://zfcg.czt.zj.gov.cn/innerUsed_noticeDetails/index.html?noticeId=8664197
HZZFCG-2022-053,8646701,1,杭州第四中学新湾学校报告厅及合班教室座椅采购项目,1330000,投标报价:1289300(元),浙江大丰实业股份有限公司,张老师,11NMB1K9072020221802,13867826822,https://zfcg.czt.zj.gov.cn/innerUsed_noticeDetails/index.html?noticeId=8662872
湖财采确临[2022]2072号,8647885,1,湖州市教育局爱山小学奥体校区专业教学楼专业教室设备,3300000,报价:3195000(元),湖州创杰科教用品有限公司,施先生,11N00256419220221201,13587269867,https://zfcg.czt.zj.gov.cn/innerUsed_noticeDetails/index.html?noticeId=8683434
HYZFCG-2022-005,8649413,1,良渚申遗南山区块配套小学（西溪小学）工程专用教室设备采购项目,5030000,报价:4989000(元),杭州吉兆信息科技有限公司,洪笈笈,11N00251104X20225016,13357161958,https://zfcg.czt.zj.gov.cn/innerUsed_noticeDetails/index.html?noticeId=8734473
CTZB-2022040096,8650953,1,浙江金融职业学院汇学厅、汇萃厅、汇研厅智慧教室改造项目,222525,最终报价:198047(元),浙江世贸装饰股份有限公司,金璐璐,11N47008027920223815,15267018577,https://zfcg.czt.zj.gov.cn/innerUsed_noticeDetails/index.html?noticeId=8697407
0625-22217326,8660431,1,浙江工业大学朝晖校区新教楼人文学院专业实验室、外语语音室及部分专用教室改造工程项目,1730000,磋商报价:1370000(元),金元大建设控股有限公司,余老师、杨老师,11N47000441X20225401,18258230002,https://zfcg.czt.zj.gov.cn/innerUsed_noticeDetails/index.html?noticeId=8718449
JHCG2021C-055-C01,8534369,1,金华市婺城区乾西乡中心小学教室、专用教室及办公室家具,1267954,报价:1225000(元),浙江企航工贸有限公司,张政科,11N47159047320221,15958990917,https://zfcg.czt.zj.gov.cn/innerUsed_noticeDetails/index.html?noticeId=8603485
绍柯采[2021]5318号,8544108,1,绍兴市柯桥区鲁迅外国语学校华齐路校区教室、教师办公室家具招标采购项目,3650000,报价:3627210.00(元),绍兴柯桥区坚设贸易有限公司,许老师,11N4713931382022801,13705755035,https://zfcg.czt.zj.gov.cn/innerUsed_noticeDetails/index.html?noticeId=8657930
HJZCD-2022-001,8544878,1,浙江省杭州第四中学新湾学校专用教室设施设备,2700000,开标总报价:2668080(元),杭州吉兆信息科技有限公司,张老师,11NMB1K907202022201,13357161958,https://zfcg.czt.zj.gov.cn/innerUsed_noticeDetails/index.html?noticeId=8559406
JHHX2022-HW01022-ZFCG03,8549679,1,站前幼儿园、红湖路幼儿园教室家具采购,"1770000,1400000",报价:1116564.00(元),浙江梦祥家私有限公司,叶晓明,11N7320385492022201,15905794330,https://zfcg.czt.zj.gov.cn/innerUsed_noticeDetails/index.html?noticeId=8563694
JHHX2022-HW01022-ZFCG03,8549679,2,天汇苑幼儿园教室家具采购,"1770000,1400000",报价:1116564.00(元),浙江梦祥家私有限公司,叶晓明,11N7320385492022201,15905794330,https://zfcg.czt.zj.gov.cn/innerUsed_noticeDetails/index.html?noticeId=8563694
绍柯采[2021]5414号,8552819,1,柯岩中心小学（竹林小学）扩建工程—智慧书法教室采购项目,"370000,370000",报价:368572(元),浙江柯桥新华书店有限公司,徐老师,11N73992585320221606,0575-81181906,https://zfcg.czt.zj.gov.cn/innerUsed_noticeDetails/index.html?noticeId=8698202
绍柯采[2021]5414号,8552819,2,柯岩中心小学扩建工程—智慧书法教室采购项目,"370000,370000",报价:368572(元),浙江柯桥新华书店有限公司,徐老师,11N73992585320221607,0575-81181906,https://zfcg.czt.zj.gov.cn/innerUsed_noticeDetails/index.html?noticeId=8698203
GTXJ（采购）-21201,8555209,1,仙居县下各镇中心小学学科教室建设设备采购,799154,报价:786209(元),仙居县金铭电脑有限公司,张国勇,11N47275064320221205,13968551988,https://zfcg.czt.zj.gov.cn/innerUsed_noticeDetails/index.html?noticeId=8592869
信源采招[2022]第5001号,8556102,1,镇海教师进修学校迁建工程教室用品采购项目,1100000,投标报价:1088600(元),宁波市欧亿家具有限公司,张海波,11N2046268432022202,15058801535,https://zfcg.czt.zj.gov.cn/innerUsed_noticeDetails/index.html?noticeId=8595001
HZJT-2022002,8559667,1,褚家漾小学专用教室设备采购及安装项目,3400000,最终报价:3357500.00(元),上海木分实验室装备有限公司,吴先生,11N0542398182022802,13795422000,https://zfcg.czt.zj.gov.cn/innerUsed_noticeDetails/index.html?noticeId=8959393
ZJMY(采)2021333,8561401,1,禇家漾小学多功能教室系统及设备采购项目,3800000,报价:3756000(元),湖州市科友电脑通讯工程有限公司,吴先生,11N05423981820221401,0572-2091339,https://zfcg.czt.zj.gov.cn/innerUsed_noticeDetails/index.html?noticeId=8958683
ZJMY(采)2021332,8567154,1,褚家漾小学多功能报告厅、会议室、教室办公室等设备及家具采购项目,1250000,报价:1227328(元),浙江富明伟尔泰家具有限公司,吴先生,11N05423981820221601,13867280058,https://zfcg.czt.zj.gov.cn/innerUsed_noticeDetails/index.html?noticeId=8946837
LYCG2022XJ002,8568736,1,龙游县教育发展有限公司龙游县职教中心意匠楼五楼高清显示屏与舞蹈教室设备,339118,报价:309900(元),龙游同泰电器有限公司,杨老师,11N7519115262022201,13906700720,https://zfcg.czt.zj.gov.cn/innerUsed_noticeDetails/index.html?noticeId=8604470
ZJWS2022-HYSSXX01,8571507,1,黄岩区实验小学专业教室及图书阅览室设备采购项目,518000,报价:512800(元),浙江宏周工贸有限公司,黄先生,11N12942328B2022801,18657613168,https://zfcg.czt.zj.gov.cn/innerUsed_noticeDetails/index.html?noticeId=8588737
JHHX2022-HW02032-ZFCG07,8572180,1,金华市婺城区教育局教室LED灯光改造采购与安装项目,1750320,报价:1095480.00(元),浙江久良教育科技股份有限公司,叶晓明,11N7320385492022602,0571-88993992,https://zfcg.czt.zj.gov.cn/innerUsed_noticeDetails/index.html?noticeId=8587824
JHHX2022-HW01022-ZFCG03-CZ01,8581210,1,天汇苑幼儿园教室家具采购,1400000,报价:1321200(元),浙江企航工贸有限公司,叶晓明,11N7320385492022802,15958990917,https://zfcg.czt.zj.gov.cn/innerUsed_noticeDetails/index.html?noticeId=8603623
WZZF2022(ZC)-02-016（CS）,8581556,1,设计学院智慧教室建设,756860,报价:755820(元),浙江百捷数码有限公司,左老师,11N47051055820222805,0577-88893805,https://zfcg.czt.zj.gov.cn/innerUsed_noticeDetails/index.html?noticeId=8600659
JHHX2022-HW01023-ZFCG04,8587909,1,金华市婺城区教育局幼儿园专用教室家具采购与安装项目,1290000,报价:892000.00(元),浙江企航工贸有限公司,叶晓明,11N73203854920221201,15958990917,https://zfcg.czt.zj.gov.cn/innerUsed_noticeDetails/index.html?noticeId=8604971
CGZX（CS）-2022-002,8596590,1,浙江工商大学教工路校区东院9号楼教室改造工程,690000,投标报价:586500(元),浙江鲁业建设有限公司,朱老师、钱老师,11N47000901820221403,13588195582,https://zfcg.czt.zj.gov.cn/innerUsed_noticeDetails/index.html?noticeId=8625827
云志正招2022010号,8604746,1,云和三中学生宿舍及功能教室改造工程家具采购项目,416780,报价:300520(元),浙江晨升工贸有限公司,吴老师,11N47237025320221401,18757669996,https://zfcg.czt.zj.gov.cn/innerUsed_noticeDetails/index.html?noticeId=8632776
信源采招[2022]第5002号,8609687,1,镇海区蛟川新建小学（暂名）一期项目功能教室设备项目,3100000,投标报价:3019776.00(元),宁波富华家私制造有限公司,沈家裕,11N67124554320221801,0574-86576977,https://zfcg.czt.zj.gov.cn/innerUsed_noticeDetails/index.html?noticeId=8657859
ZJZBC-GK-22-9009,8610129,1,杭州市中策职业学校钱塘学校教室课桌椅采购项目,750000,投标总价:722250(元),浙江荣华家具有限公司,童立立,11NMB1J715612022801,18057219977,https://zfcg.czt.zj.gov.cn/innerUsed_noticeDetails/index.html?noticeId=8632012
YH-ZFCG-2022-004,8610513,1,玉环市芦浦中心小学综合楼专用教室专用桌椅柜采购项目,466028,报价:458798(元),玉环文创教学用品有限公司,陈敬中,11N75491051020222004,13857740812,https://zfcg.czt.zj.gov.cn/innerUsed_noticeDetails/index.html?noticeId=8622975
浙亿云采2022-024号,8612235,1,云和县实验小学分校科学教室桌椅等设备采购项目,630000,报价:593485(元),浙江达遂科技有限公司,陈海波,11N47237023720221201,15336554102,https://zfcg.czt.zj.gov.cn/innerUsed_noticeDetails/index.html?noticeId=8647643
HZZFCG-2022-016,8613946,1,杭州第四中学新湾学校食堂家具和教室课桌椅采购项目,1630000,投标报价:1580750(元),浙江荣华家具有限公司,张老师,11NMB1K9072020221601,18057219977,https://zfcg.czt.zj.gov.cn/innerUsed_noticeDetails/index.html?noticeId=8624778
云五石招2022002号,8613988,1,云和县实验小学精品录播教室校园电视台,850000,报价:796091(元),中国联合网络通信有限公司丽水市分公司,陈海波,11N47237023720221401,15657229089,https://zfcg.czt.zj.gov.cn/innerUsed_noticeDetails/index.html?noticeId=8657275
RTZFCG-2022-018-1,8616019,1,杭州市余杭区大禹小学教室智能灯光改造采购项目,650000,报价:639600(元),浙江挺盛环境工程设备有限公司,姚文杰,11N7039506XB20223002,13396529502,https://zfcg.czt.zj.gov.cn/innerUsed_noticeDetails/index.html?noticeId=8670294
JHHX2022-HW03072-ZFCG23,8616933,1,金华实验中学学前教育实训基地幼儿园教室桌椅采购与安装项目,2184000,报价:900000(元),浙江企航工贸有限公司,徐先生,11N47162194620221,15958990917,https://zfcg.czt.zj.gov.cn/innerUsed_noticeDetails/index.html?noticeId=8653983
HZZFCG-2022-038,8621660,1,杭州市交通职业高级中学阶梯教室和报告厅桌椅采购项目,1368450,投标报价:1328000(元),浙江天和典尚实业集团有限公司,卢老师,11N47010386420222005,13738073352,https://zfcg.czt.zj.gov.cn/innerUsed_noticeDetails/index.html?noticeId=8645303
JSCG2022021(G),8795603,1,国开实验学校（暂名）中小学功能教室专用家具采购,2400000,最终报价:1503260(元),浙江云上实业有限公司,江光明,11N47100076020224401,13605730377,https://zfcg.czt.zj.gov.cn/innerUsed_noticeDetails/index.html?noticeId=8838170
CXZFCG[2022]1136号,8795817,1,教室家具及玩具,"990000,400000",投标报价:975770.00(元),浙江温尚教玩具有限公司,胡老师,11N67765051520221601,0577-86412228,https://zfcg.czt.zj.gov.cn/innerUsed_noticeDetails/index.html?noticeId=8844055
CXZFCG[2022]1136号,8795817,2,厨房配套设备,"990000,400000",投标报价:975770.00(元),浙江温尚教玩具有限公司,胡老师,11N67765051520221602,88372228,https://zfcg.czt.zj.gov.cn/innerUsed_noticeDetails/index.html?noticeId=8844057
WZZF2022(ZC)-05-099（CS）,8796096,1,安防学院单层临时钢结构用房（教室临时周转房）工程项目,3535000,最终报价:3450000(元),浙江东来建设集团有限公司,王老师,11N08426783620224404,13353319271,https://zfcg.czt.zj.gov.cn/innerUsed_noticeDetails/index.html?noticeId=8851829
AJJXGK2022-014B,8797480,1,安吉县教育保障中心STEAM教室建设政府采购项目,850000,,杭州卓越创新信息技术有限公司,俞宁,11N94722142Q20222401,17682300426,https://zfcg.czt.zj.gov.cn/innerUsed_noticeDetails/index.html?noticeId=8826332
0625-22217709-1,8797672,1,浙江旅游职业学院基于“双碳”目标的教室节能系统项目,150000,磋商报价:148000(元),浙江东讯文化集团有限公司,邵仲铭,11N47002873720226407,19157778149,https://zfcg.czt.zj.gov.cn/innerUsed_noticeDetails/index.html?noticeId=8842530
LYCG2022GK013,8798116,1,龙游县华岗中学音美教室改造项目,300000,报价:295139(元),龙游同心家具有限公司,俞老师,11NMB0Q9162020221202,13362018799,https://zfcg.czt.zj.gov.cn/innerUsed_noticeDetails/index.html?noticeId=8848512
DL[2022]088,8798722,1,杭州职业技术学院教学楼教室电容量扩建项目一期（空调一期安装配套项目）,799819,报价:785000(元),杭州大达电力集团有限公司,余老师,11N47012223X20227207,0571-89001800,https://zfcg.czt.zj.gov.cn/innerUsed_noticeDetails/index.html?noticeId=8823776
CGZX（CS）-2022-013,8798915,1,浙江工商大学教工路校区东院多媒体教室改造,1050000,投标报价:711111(元),林森建设集团有限公司,朱老师、钱老师,11N47000901820225610,13989878565,https://zfcg.czt.zj.gov.cn/innerUsed_noticeDetails/index.html?noticeId=8848218
YG2022-FW4226-ZFCG109（202205187）,8798922,1,金华职业技术学院智慧教室配套设备采购项目,2208420,报价:2098457(元),金华新远方数码科技有限公司,盛胜航,11N47154327120226406,0579-82395781,https://zfcg.czt.zj.gov.cn/innerUsed_noticeDetails/index.html?noticeId=8846379
ZJWS-GS202212G,8800626,1,2022年思齐楼部分阶梯教室家具,216000,报价:199020(元),宁波钢导办公家具有限公司,张老师,11N47000282820226002,18968313305,https://zfcg.czt.zj.gov.cn/innerUsed_noticeDetails/index.html?noticeId=8849303
4017112022009-CJCG22026,8803134,1,永康市第三中学校园网络监控改造1批，专用教室装备1批，路灯50套,963000,报价:951705.00(元),永康市恒创科技有限公司,陈中华,11N71830174A20221801,13758998211,https://zfcg.czt.zj.gov.cn/innerUsed_noticeDetails/index.html?noticeId=8804692
Z-GBLC20220530002,8803157,1,温州市鹿城区教育技术中心温馨教室空调采购-标段一,"/,/",报价:4509810(元),浙江亿龙制冷工程有限公司,王丁于,11NMB1F3175020221602,13325988880,https://zfcg.czt.zj.gov.cn/innerUsed_noticeDetails/index.html?noticeId=8840596
Z-GBLC20220530002,8803157,2,温州市鹿城区教育技术中心温馨教室空调采购-标段二,"/,/",报价:4509810(元),浙江亿龙制冷工程有限公司,王丁于,11NMB1F3175020221602,13325988880,https://zfcg.czt.zj.gov.cn/innerUsed_noticeDetails/index.html?noticeId=8840596
建湖【2022】采040号（重招）,8803527,1,湖州市爱山小学教育集团青阳校区教室及周围环境改造项目,1059145,报价:840000(元),浙江千裕建设有限公司,柳月春,11N71172976220224204,13735171636,https://zfcg.czt.zj.gov.cn/innerUsed_noticeDetails/index.html?noticeId=8853783
临[2022]1451号,8804145,1,临安区2022年学校零星维修项目（临安区中小学教室灯光改造工程）,2300000,报价:1099588(元),杭州宇中高虹照明电器有限公司,王前锋,11N6917481132022801,18958114861,https://zfcg.czt.zj.gov.cn/innerUsed_noticeDetails/index.html?noticeId=8842846
QSZB-Z(G)-C22203(CS),8805470,1,浙江机电职业技术学院海宁校区智慧教室项目（一期）,2800000,响应报价:2450000(元),浙江万邦智能科技股份有限公司,郁老师,11N47003873220225605,13735571634,https://zfcg.czt.zj.gov.cn/innerUsed_noticeDetails/index.html?noticeId=8847095
HZSYCG2022-030,8805937,1,杭州市临平区吴昌硕实验学校专用教室设备采购项目,1450000,报价:1442880(元),杭州益星文创科技有限公司,戴海锋,11NMB1K8824120224601,15669977950,https://zfcg.czt.zj.gov.cn/innerUsed_noticeDetails/index.html?noticeId=8861486
HJZCD-2022-030,8806764,1,杭州高级中学钱塘学校配套信息化及专用教室设备（电子班牌二期）项目,"738500,600000",开标总报价:722100(元),杭州晓雷科技有限公司,储老师,11NMB1C7712320224002,15868486776,https://zfcg.czt.zj.gov.cn/innerUsed_noticeDetails/index.html?noticeId=8812386
HJZCD-2022-030,8806764,2,杭州高级中学钱塘学校配套信息化及专用教室设备（空天信特色教学空间）项目,"738500,600000",开标总报价:722100(元),杭州晓雷科技有限公司,储老师,11NMB1C7712320224001,0571-56891266,https://zfcg.czt.zj.gov.cn/innerUsed_noticeDetails/index.html?noticeId=8812385
DJG202206,8806777,1,衢州市实验学校教育集团第五实验学校科学、美术、音乐专用教室设备项目,855295,最终报价:782115.00(元),浙江子路教学设备有限公司,任老师,11N73380298320224801,18057021952,https://zfcg.czt.zj.gov.cn/innerUsed_noticeDetails/index.html?noticeId=8831993
NBDT-20220601,8806846,1,教室护眼灯采购项目,409920,投标价:387000(元),宁波市蓝源物联科技有限公司,胡鹏杰,11N4195364102022201,0874-87493370,https://zfcg.czt.zj.gov.cn/innerUsed_noticeDetails/index.html?noticeId=8862094
ZRZJZFCG2022-001,8807365,1,杭州市临平区临平第三小学专用教室项目,1300000,报价:1296322(元),浙江智造仪器有限公司,张建强,11N35245926120226002,18868444826,https://zfcg.czt.zj.gov.cn/innerUsed_noticeDetails/index.html?noticeId=8839405
ZJCT6-HQZ2022-06,8808231,1,浙江省杭州第七中学两校区教室护眼灯光改造项目,880000,投标报价:798792(元),海宁蓝地球电气有限公司,唐琪洋,11N47010346920226201,13758312828,https://zfcg.czt.zj.gov.cn/innerUsed_noticeDetails/index.html?noticeId=8812553
HZGZ2022-23,8808379,1,湖州市教育局爱山小学奥体校区办公设备、计算机教室、语言教室设备采购项目,2150000,报价:2114800(元),湖州深蓝计算机科技发展有限公司,施先生,11N00256419220223601,15968251281,https://zfcg.czt.zj.gov.cn/innerUsed_noticeDetails/index.html?noticeId=8838839
Z-GB20220615006,8808686,1,分体吸顶式空调,"5950000,2660000","投标报价:5355000(元),投标报价:1957760(元)","浙江亿龙制冷工程有限公司,温州铭诚制冷工程有限公司",黄老师,11N4706201592022201,15157751196,https://zfcg.czt.zj.gov.cn/innerUsed_noticeDetails/index.html?noticeId=8848012
Z-GB20220615006,8808686,2,分体壁挂式空调,"5950000,2660000","投标报价:5355000(元),投标报价:1957760(元)","浙江亿龙制冷工程有限公司,温州铭诚制冷工程有限公司",黄老师,11N47062015920221,13325988880,https://zfcg.czt.zj.gov.cn/innerUsed_noticeDetails/index.html?noticeId=8848013
WCCG-2022-06,8808921,1,2022年民生实事“温馨教室”新风设备及安装,2650000,报价:1683000(元),浙江普瑞泰环境设备有限公司,徐苏红,11N00253920220223001,13958511100,https://zfcg.czt.zj.gov.cn/innerUsed_noticeDetails/index.html?noticeId=8889101
浙亿云采2022-034号,8809254,1,云和县云和中学精品录播教室改造采购项目,200000,报价:185700(元),丽水时和网络科技有限公司,张纪宇,11N47237035X20223402,15990803911,https://zfcg.czt.zj.gov.cn/innerUsed_noticeDetails/index.html?noticeId=8825178
ZB2022047,8809339,1,浙江师范大学微格教室灯光、音响设备及设备运维软件,294000,最终报价:288000.00(元),浙江重实科技有限公司,归老师,11N47000351320228202,18658862020,https://zfcg.czt.zj.gov.cn/innerUsed_noticeDetails/index.html?noticeId=8843279
ZHJS（ZC)-2022-008,8809965,1,专用教室仪器设备,569452,报价:552305(元),嘉兴荣瑞仪器有限公司,金剑杰,11NMB1K4946120221801,13957315859,https://zfcg.czt.zj.gov.cn/innerUsed_noticeDetails/index.html?noticeId=8853213
JHCG2022C-017,8810151,1,上海财经大学浙江学院智慧教室建设,1860000,最终报价:1849800.00(元),浙江毅飞信息科技有限公司,王迅,11N35547218920225201,0579-82770507,https://zfcg.czt.zj.gov.cn/innerUsed_noticeDetails/index.html?noticeId=8829669
YH2022-05003-2,8811186,1,音乐多功能学科教室建设,"361418,435582",报价:359377.00(元),绍兴市枝叶情信息科技有限公司,钱峰,11N47132207320223801,18888723093,https://zfcg.czt.zj.gov.cn/innerUsed_noticeDetails/index.html?noticeId=8834808
YH2022-05003-2,8811186,2,美术多功能学科教室建设,"361418,435582",报价:359377.00(元),绍兴市枝叶情信息科技有限公司,钱峰,11N47132207320223802,18888723093,https://zfcg.czt.zj.gov.cn/innerUsed_noticeDetails/index.html?noticeId=8834810
龙政采F2022-47G18,8812258,1,龙泉市第五中学教室课桌椅、书包柜、学生宿舍床及观摩座椅等设备采购（第一期）,17158300000,报价:1461889.00(元),浙江腾亚工贸有限公司,叶先生,11N00265623020223202,13738962296,https://zfcg.czt.zj.gov.cn/innerUsed_noticeDetails/index.html?noticeId=8838138
信源采招[2022]第5006号,8813362,1,镇海区职业教育中心学校智慧教室建设项目,1500000,投标报价:1495000(元),北京世纪超星信息技术发展有限责任公司,虞春杰,11N19568009R20227601,15776765881,https://zfcg.czt.zj.gov.cn/innerUsed_noticeDetails/index.html?noticeId=8875551
HZJZCG-2022(006),8813399,1,长兴县教育信息技术中心智慧教室多媒体设备采购项目,927500,报价:926850(元),浙江教育用品发展有限公司,王老师,11N4712522982022801,0571-87299655,https://zfcg.czt.zj.gov.cn/innerUsed_noticeDetails/index.html?noticeId=8921014
xzcg-2022-038(招),8769281,1,天台县实验小学始丰校区专用教室设备设施采购,600000,最终报价:594930(元),浙江铭派博杰家具有限公司,陈宇,11N72780113820221201,13336186518,https://zfcg.czt.zj.gov.cn/innerUsed_noticeDetails/index.html?noticeId=8820387
JACG2022006,8771306,1,新建海宁市龙渡小学（暂定名）项目学校录播教室、校园电视台设备采购,435000,报价:418680(元),浙江利恪科技服务有限公司,沈铭年,11N47110165X20225005,13506730121,https://zfcg.czt.zj.gov.cn/innerUsed_noticeDetails/index.html?noticeId=8810663
HJZCD-2022-023,8771970,1,杭州市电子信息职业学校教学专业设备(教室和办公室智慧灯光达标)项目,660000,开标总报价:617740(元),浙江久良教育科技股份有限公司,汤老师,11N47010387220223003,0571-88993992,https://zfcg.czt.zj.gov.cn/innerUsed_noticeDetails/index.html?noticeId=8785001
浙亿云采2022-035号（第二次）,8772107,1,云和县2022年中小学教室采光照明提标改造项目,1060000,报价:986832(元),中国联合网络通信有限公司丽水市分公司,汤老师,11NMB1H216772022401,15657229089,https://zfcg.czt.zj.gov.cn/innerUsed_noticeDetails/index.html?noticeId=8806598
HZHQ-WZJY-202201,8772276,1,温州市2022年“温馨教室”工程市直属学校新风采购项目-1,"3052000,374000","① 新风机设备、安装总价:1648080.00(元),② 6次维护保养费:413000.00(元),本项目的投标总报价（①+②）:2061080.00(元)",浙江正理生能科技有限公司,周先生,11NPDY00861X20221202,18968772868,https://zfcg.czt.zj.gov.cn/innerUsed_noticeDetails/index.html?noticeId=8827818
HZHQ-WZJY-202201,8772276,2,温州市2022年“温馨教室”工程市直属学校新风采购项目-2,"3052000,374000","① 新风机设备、安装总价:1648080.00(元),② 6次维护保养费:413000.00(元),本项目的投标总报价（①+②）:2061080.00(元)",浙江正理生能科技有限公司,周先生,11NPDY00861X20221202,18968772868,https://zfcg.czt.zj.gov.cn/innerUsed_noticeDetails/index.html?noticeId=8827818
HXCG-ZF-2022-022B,8773394,1,安吉县教育保障中心学科教室,800000,报价:794284.00(元),浙江教育用品发展有限公司,俞宁,11N94722142Q20222202,0571-87299655,https://zfcg.czt.zj.gov.cn/innerUsed_noticeDetails/index.html?noticeId=8788656
HNCG2022038,8773628,1,海宁市鹃湖学校各类办公家具,"/,/,/",最终报价:1790785(元),浙江恒大家具有限公司,沈老师,11N66517041820223603,0573-86031887,https://zfcg.czt.zj.gov.cn/innerUsed_noticeDetails/index.html?noticeId=9020690
HNCG2022038,8773628,2,海宁市鹃湖学校专用教室家具,"/,/,/",最终报价:1790785(元),浙江恒大家具有限公司,沈老师,11N66517041820221602,18157920339,https://zfcg.czt.zj.gov.cn/innerUsed_noticeDetails/index.html?noticeId=8809903
HNCG2022038,8773628,3,海宁市鹃湖学校课桌椅,"/,/,/",最终报价:1790785(元),浙江恒大家具有限公司,沈老师,11N66517041820221401,0573-86031887,https://zfcg.czt.zj.gov.cn/innerUsed_noticeDetails/index.html?noticeId=8809839
GSZFCG-2022-004,8774941,1,杭州市拱墅区部分学校台式计算机及计算机教室静电地板、布线采购项目,7081500,报价:5451150(元),杭州晓雷科技有限公司,朱频,11N74294164320222802,0571-56891266,https://zfcg.czt.zj.gov.cn/innerUsed_noticeDetails/index.html?noticeId=8792231
HZY2022013,8776581,1,智慧教室建设（设备）,1208000,投标报价:1202800(元),杭州威通科技有限公司,寿老师,11N47012223X20227015,18858117750,https://zfcg.czt.zj.gov.cn/innerUsed_noticeDetails/index.html?noticeId=8810662
杭政采分-2022-01190,8777121,1,教室维修,1103732.83,投标报价:846780(元),浙江博尊建设有限公司,骆冠,11N47010387220223206,13706711966,https://zfcg.czt.zj.gov.cn/innerUsed_noticeDetails/index.html?noticeId=8810293
JSCG2022018(G),8777194,1,国开实验学校（暂名）中小学功能教室教学专用设备采购,2088488,最终报价:1997097(元),浙江智学仪器有限公司,江光明,11N47100076020223803,13906730488,https://zfcg.czt.zj.gov.cn/innerUsed_noticeDetails/index.html?noticeId=8792511
TZFD(2022)-1038号,8778970,1,台州职业技术学院智慧教室,1190000,报价:1179510.00(元),台州海晟信息技术有限公司,何向华,11N47258268620227017,15757391140,https://zfcg.czt.zj.gov.cn/innerUsed_noticeDetails/index.html?noticeId=8844481
HJZCD-2022-038,8779021,1,杭州市开元商贸职业学校专用设备（教室多媒体教学设备更新）项目,693000,开标总报价:689100(元),杭州国太电子科技有限公司,林老师,11N69456618X20226608,15372052001,https://zfcg.czt.zj.gov.cn/innerUsed_noticeDetails/index.html?noticeId=8786270
DQZFCG-2022-G15,8782871,1,计算机教室更新采购项目,1630000,报价:1369325(元),浙江晓扬科技有限公司,"鲍志刚(1),沈森(2),居乐业(3),宣建峰(4),姚云锋(5)",11N47122124820222203,15381001640,https://zfcg.czt.zj.gov.cn/innerUsed_noticeDetails/index.html?noticeId=9029164
QZYCG2022-086,8783149,1,衢州职业技术学院智慧教室改造1,1736750,报价:1728750(元),衢州市好兄弟电脑技术有限公司,朱老师,11N47186364620225401,0570-3080233,https://zfcg.czt.zj.gov.cn/innerUsed_noticeDetails/index.html?noticeId=8823661
JD2022BF-084,8784710,1,建德市中小学教室灯光智能控制改造采购项目,460000,报价:455000(元),杭州颐阳工程技术有限公司,张先生,11N4704831072022801,18958195131,https://zfcg.czt.zj.gov.cn/innerUsed_noticeDetails/index.html?noticeId=8813738
JHZZ2022-ZFCG-0607,8786397,1,进化镇中教学楼教室、走廊综合改造,798393,报价:715800(元),杭州欧邦实业有限公司,葛立春,11N47045094620221601,13867199488,https://zfcg.czt.zj.gov.cn/innerUsed_noticeDetails/index.html?noticeId=8828754
诸暨博开2022-06-01,8786470,1,浣江小学教育集团行知小学艺术教室（专用教室）及相关空间布展采购项目,800000,报价:798890(元),诸暨市零刻传媒有限公司,徐鹏飞,11N75493415X20222201,13567521791,https://zfcg.czt.zj.gov.cn/innerUsed_noticeDetails/index.html?noticeId=8839351
QTFSCG2022--046,8787046,1,青田县职业技术学校教室智慧纳米黑板采购（二次）,1073232,报价:1033776(元),浙江诚锐信息科技有限公司,周景毅,11N47234080420221201,13625887255,https://zfcg.czt.zj.gov.cn/innerUsed_noticeDetails/index.html?noticeId=8836442
HJZCD-2022-042,8787495,1,杭州市源清中学教育综合楼室内工程（学科教室提升与改造）项目,960000,开标总报价:958549.64(元),浙江声视智能科技有限公司,唐老师,11N47010407420222801,18016005705,https://zfcg.czt.zj.gov.cn/innerUsed_noticeDetails/index.html?noticeId=8823068
NBITC-202250081GCE,8788294,1,浙江工商职业技术学院2022年智慧教室装修项目,799248,响应报价:679760(元),浙江得昇建设有限公司,张老师,11N47000282820225801,18286690417,https://zfcg.czt.zj.gov.cn/innerUsed_noticeDetails/index.html?noticeId=8802834
CBZJ-20223031G,8788383,1,姜山镇中小学2022年教室智慧照明采购项目,1371000,投标报价:1299760(元),浙江迈哲科技有限公司,张老师,11N41961386920221,13857843494,https://zfcg.czt.zj.gov.cn/innerUsed_noticeDetails/index.html?noticeId=8812564
HJZCD-2022-029,8788846,1,杭州高级中学钱塘学校配套信息化及专用教室设备(实验室三期)项目,1642500,开标总报价:1627686.97(元),上海锡鼎实业有限公司,储老师,11NMB1C7712320223602,021-52231891,https://zfcg.czt.zj.gov.cn/innerUsed_noticeDetails/index.html?noticeId=8812135
BJJYJ-ZKGK2022-0613,8789894,1,杭州市滨江区教育局下属学校2022年功能教室采购项目,3482000,最终报价:3398900(元),杭州学友科教设备有限公司,詹立军,11NPDY00963920222802,13958123963,https://zfcg.czt.zj.gov.cn/innerUsed_noticeDetails/index.html?noticeId=8803581
HQZB-PYCG-2022060601,8790942,1,平阳县2022年“温馨教室”工程学校新风采购及安装,6305000,本项目的投标总报价:3880000.00(元),江苏净松环境科技有限公司,林老师,11N62500255K20224601,18551699112,https://zfcg.czt.zj.gov.cn/innerUsed_noticeDetails/index.html?noticeId=8837894
WZZS-2022053001,8791051,1,温州市瓯海区第一高级中学教学楼教室、教师办公室装修和体育馆三楼地木板改造工程,3353854.6,报价:3200000(元),温州乐豪建设有限公司,胡老师,11N06202948220222201,18966261053,https://zfcg.czt.zj.gov.cn/innerUsed_noticeDetails/index.html?noticeId=8831959
QCGZ2022009,8791420,1,衢州学院智慧教室二期采购,5824663,报价:5799613(元),中国联合网络通信有限公司衢州市分公司,徐先生,11N56238476320227804,15657006221,https://zfcg.czt.zj.gov.cn/innerUsed_noticeDetails/index.html?noticeId=8863579
QSZB-Z(H)-B22203(CS),8792180,1,马克思主义学院思政教育主题智慧教室项目,902000,响应报价:900000(元),北京文华在线教育科技股份有限公司,施老师,11N47008027920227607,010-65258968,https://zfcg.czt.zj.gov.cn/innerUsed_noticeDetails/index.html?noticeId=8910847
DTCG20220609049,8792492,1,2022年洞头区民生实事“温馨教室”新风采购及安装,712000,本项目的投标总报价（五所学校新风机设备、安装总价）:516200(元),浙江金海高科股份有限公司,"刘玉飞(1),倪帮斌(2),柯位晶(3),林晓坚(4),张克(5)",11N47065152920223402,15216760402,https://zfcg.czt.zj.gov.cn/innerUsed_noticeDetails/index.html?noticeId=8860376
SXDC2022-04-15,8792624,1,绍兴市公安局视频电教室采购项目,936599,报价:491042.17(元),浙江林叶网络科技有限公司,杜工,,,
龙政采F2022-41G15,8792726,1,龙泉市第五中学实验教室、人文教室及科学仪器等设备采购（第一期）,2428770,报价:1779990.00(元),宁波华茂文教股份有限公司,叶先生,11N00265623020222801,0574-88055726,https://zfcg.czt.zj.gov.cn/innerUsed_noticeDetails/index.html?noticeId=8822074
HJZCD-2022-039,8793981,1,杭州市美术职业学校阶梯教室改造,1914000,开标总报价:1889196.00(元),杭州誉之声视听科技有限公司,诸葛老师,11N47010369620227403,13867441199,https://zfcg.czt.zj.gov.cn/innerUsed_noticeDetails/index.html?noticeId=8858504
PYCG220607018,8794022,1,平阳县2022年“温馨教室”工程学校空调设备采购及安装,4365000,报价:3422160(元),温州市永乐冷气工程有限公司,林老师,11N62500255K20224402,0577-88848866,https://zfcg.czt.zj.gov.cn/innerUsed_noticeDetails/index.html?noticeId=8833459
JJWL22030142-1,8795262,1,温岭市2022年学校教室灯光改造项目（标项一）,6768720,报价:4502526(元),中国电信股份有限公司台州分公司,戴海君,11N02679010720224601,0576-88680300,https://zfcg.czt.zj.gov.cn/innerUsed_noticeDetails/index.html?noticeId=8827141
0625-22217579,8742944,1,浙江旅游职业学院智慧教室三期装修工程项目,2650000,磋商报价:2135430(元),龙邦建设股份有限公司,邵仲铭,11N47002873720225601,13819186567,https://zfcg.czt.zj.gov.cn/innerUsed_noticeDetails/index.html?noticeId=8814041
DQZFCG-2022-G13,8744056,1,专用教室设备采购项目,1110000,报价:1102426(元),浙江德清县新华书店有限公司,吕老师,11NMB1B3404220222001,0572-8076078,https://zfcg.czt.zj.gov.cn/innerUsed_noticeDetails/index.html?noticeId=8770381
云五石招2022006号,8745474,1,云和县实验小学美术教室设备,385000,报价:367180(元),浙江达遂科技有限公司,陈海波,11N47237023720222601,15336554102,https://zfcg.czt.zj.gov.cn/innerUsed_noticeDetails/index.html?noticeId=8806803
HJZCD-2022-035,8747581,1,杭州市中策职业学校钱塘学校教室多媒体设备,1400000,开标总报价:1149500(元),杭州宝诺智能科技有限公司,杨老师,11NMB1J7156120223202,13588197506,https://zfcg.czt.zj.gov.cn/innerUsed_noticeDetails/index.html?noticeId=8834618
HZZFCG-2022-080,8748277,1,杭四中吴山校区阶梯教室LED大屏及视频会议系统升级改造项目,500000,投标报价:468524.00(元),杭州誉之声视听科技有限公司,朱文瑜,11N47010343420225606,13867441199,https://zfcg.czt.zj.gov.cn/innerUsed_noticeDetails/index.html?noticeId=8777382
LCZ2022-003-1,8748396,1,2022年丽水职业技术学院全校教室空调项目,1278000,最终报价:1070000.00(元),松华控股有限公司,凌源,11N47226155920224803,13906881907,https://zfcg.czt.zj.gov.cn/innerUsed_noticeDetails/index.html?noticeId=8781685
CXCG202205004,8749222,1,长兴县教育信息技术中心2022年中小学计算机教室采购项目,2650000,报价:2265700(元),浙江晓扬科技有限公司,周建宇,11N4712522982022601,15381001640,https://zfcg.czt.zj.gov.cn/innerUsed_noticeDetails/index.html?noticeId=8855367
ZJSX01202205003,8749904,1,洞头区第一中学三谦楼、教学楼厕所、教室餐厅装修工程,2293527,最终报价:2010000(元),温州金来建设有限公司,陈刚,11N70651617N20225801,13706608611,https://zfcg.czt.zj.gov.cn/innerUsed_noticeDetails/index.html?noticeId=8801032
YG2022-HW4153-ZFCG085,8749962,1,金华市金东区实验小学教学用实验箱等仪器设备一批,380000,报价:371479(元),金华市新杰瑞电子有限公司,周先生,11N7652358562022401,18967939918,https://zfcg.czt.zj.gov.cn/innerUsed_noticeDetails/index.html?noticeId=8754239
YH2022-05055,8749979,1,绍兴市越城区教育体育局实验教学与功能教室数字化管理平台项目,500000,报价:485000(元),湖南联羿科技有限公司,潘老师,11N73240266220223001,17788932736,https://zfcg.czt.zj.gov.cn/innerUsed_noticeDetails/index.html?noticeId=8809626
信源采招[2022]第5007号,8752879,1,教学设备,"750000,560000,390000",投标报价:687990.00(元),宁波富华家私制造有限公司,赵伟巍,11N41956763920222203,18606606345,https://zfcg.czt.zj.gov.cn/innerUsed_noticeDetails/index.html?noticeId=8805184
信源采招[2022]第5007号,8752879,2,科学实验室设备,"750000,560000,390000",投标报价:687990.00(元),宁波富华家私制造有限公司,赵伟巍,11N41956763920222202,0577-67398602,https://zfcg.czt.zj.gov.cn/innerUsed_noticeDetails/index.html?noticeId=8805032
信源采招[2022]第5007号,8752879,3,艺术类设备,"750000,560000,390000",投标报价:687990.00(元),宁波富华家私制造有限公司,赵伟巍,11N41956763920222201,0574-86576977,https://zfcg.czt.zj.gov.cn/innerUsed_noticeDetails/index.html?noticeId=8805033
ZSJY-2-2022-ZFCG-008,8754173,1,浙江舟山群岛新区旅游与健康职业学院明德楼智慧教室建设,2857000,报价:2831000(元),舟山市普陀同舟电子科技有限公司,宣敏,11N30751834920222201,0580-3821110,https://zfcg.czt.zj.gov.cn/innerUsed_noticeDetails/index.html?noticeId=8879308
HZHC-2022(A)060,8754362,1,浙江省湖州中学湖中采购教学区教室整体更新改造项目,1440418,报价:1375000(元),浙江梦怡建筑装饰有限公司,张根荣,11N12330500420222201,13362225366,https://zfcg.czt.zj.gov.cn/innerUsed_noticeDetails/index.html?noticeId=8777377
JNJKC2022（GK)-023号,8754367,1,景宁县教育局（本级）LED灯光改造,1070000,投标报价:989056(元),浙江教育用品发展有限公司,陈海平,11N02666383820222401,0571-87299655,https://zfcg.czt.zj.gov.cn/innerUsed_noticeDetails/index.html?noticeId=8818775
BSZB2022-AZZG072,8755801,1,浙江交通职业技术学院19间教室智慧化改造项目,4720438,投标报价:4691370(元),杭州西旭科技信息工程有限公司,李老师,11N47004026920225401,0571-89807080,https://zfcg.czt.zj.gov.cn/innerUsed_noticeDetails/index.html?noticeId=8774749
QSZB-Z(H)-C22149(GK),8756410,1,振华路校区多功能教室改造设备,1050000,投标报价:995800(元),杭州云颂科技有限公司,孙老师,11N47000561520226001,15267169788,https://zfcg.czt.zj.gov.cn/innerUsed_noticeDetails/index.html?noticeId=8802914
QTJZCG2022-002-1,8756830,1,青田中学食堂多联机及教室天花机空调采购项目,1350000,最终报价:1280000(元),青田县新四海电器有限公司,林金荣,11N4723406012022201,13375787988,https://zfcg.czt.zj.gov.cn/innerUsed_noticeDetails/index.html?noticeId=8788810
WMU-2022913,8757730,1,智慧教室建设设备,2142400,报价:2140700.00(元),中国移动通信集团浙江有限公司温州分公司,陈老师,11N47000591420226604,13957707782,https://zfcg.czt.zj.gov.cn/innerUsed_noticeDetails/index.html?noticeId=8803323
CBNB-20223108G,8758036,1,教室智能灯光改造（一）（详见学校及改造,"3797800,3224600,2799500,2245300",教室灯投标综合单价:417(元),宁波市星耀智能科技有限公司,陈老师,,,
CBNB-20223108G,8758036,2,教室智能灯光改造（二）（详见学校及改造,"3797800,3224600,2799500,2245300",教室灯投标综合单价:417(元),宁波市星耀智能科技有限公司,陈老师,,,
CBNB-20223108G,8758036,3,教室智能灯光改造（三）（详见学校及改造,"3797800,3224600,2799500,2245300",教室灯投标综合单价:417(元),宁波市星耀智能科技有限公司,陈老师,,,
CBNB-20223108G,8758036,4,教室智能灯光改造（四）（详见学校及改造,"3797800,3224600,2799500,2245300",教室灯投标综合单价:417(元),宁波市星耀智能科技有限公司,陈老师,,,
ZJJY-20220506,8758086,1,玉环市芦浦中心小学综合楼专用教室普教仪器采购项目(重新),2059090,投标报价:1978498.00(元),衢州市东能教学设备有限公司,陈老师,11N75491051020224801,18868052135,https://zfcg.czt.zj.gov.cn/innerUsed_noticeDetails/index.html?noticeId=8825358
YC采字（2022）05-01,8759512,1,2022年织里镇中学艺术教育专用教室、教师办公室、学生餐厅等装饰装修项目,1398835,报价:1180000(元),浙江富海建筑装饰工程股份有限公司,郑铭泽,11N73775271720223201,0572-2530790,https://zfcg.czt.zj.gov.cn/innerUsed_noticeDetails/index.html?noticeId=8884947
诸政采2022-05-06,8761959,1,浙江省诸暨市职业教育中心智慧教室及数字媒体中心建设（2）,2200000,报价:2175000(元),诸暨恩语智能科技有限公司,金允昌,11N69237790820223201,13655756030,https://zfcg.czt.zj.gov.cn/innerUsed_noticeDetails/index.html?noticeId=8796230
BJJYJ-ZKGK2022-0605,8763270,1,杭州市滨江区教育局下属学校2022年创新教室采购项目,3750000,最终报价:3697540(元),浙江省新华书店集团有限公司,詹立军,11NPDY00963920222602,15355065681,https://zfcg.czt.zj.gov.cn/innerUsed_noticeDetails/index.html?noticeId=8803484
绍柯采[2022]1385号,8764111,1,柯岩中心小学（竹林小学）扩建工程专用教室家具采购项目,664332,报价:623790(元),浙江圣力家具制造有限公司,徐兴伟,11N73992585320227603,18072251189,https://zfcg.czt.zj.gov.cn/innerUsed_noticeDetails/index.html?noticeId=8893177
HZSY20220517,8764945,1,安吉县中小学教室护眼灯光改造项目,3900000,报价:3121570.00(元),上海格灵奥智能科技股份有限公司,教育保障中心,11N94722142Q20222201,18094379656,https://zfcg.czt.zj.gov.cn/innerUsed_noticeDetails/index.html?noticeId=8792096
SMCG-2022-GK006,8765509,1,三门县教育局2022年薄改资金小学电脑教室设备采购项目,2164900,报价:1659900(元),浙江奇悦信息科技有限公司,马超群,11N72846883720221401,13566498849,https://zfcg.czt.zj.gov.cn/innerUsed_noticeDetails/index.html?noticeId=8796881
ZC2022003,8767202,1,温馨教室空调,3640000,报价:3328000(元),温州市永乐冷气工程有限公司,李先生,11N02537215Y20225003,0577-88848866,https://zfcg.czt.zj.gov.cn/innerUsed_noticeDetails/index.html?noticeId=8848463
QTCG-GK-2022-137,8767821,1,杭州钱塘区教育局下属学校专用教室设备采购,2119800,最终报价:2089656(元),浙江十德教育设备有限公司,陶老师,11NMB1J6781020223003,15088656459,https://zfcg.czt.zj.gov.cn/innerUsed_noticeDetails/index.html?noticeId=8790953
NBITC-202250068GCE,8768739,1,浙江工商职业技术学院思齐楼部分阶梯教室装修项目,484772,响应报价:416168(元),浙江得昇建设有限公司,张老师,11N47000282820225405,18286690417,https://zfcg.czt.zj.gov.cn/innerUsed_noticeDetails/index.html?noticeId=8802843
ZJ-2270456-08,8769141,1,浙江省社会主义学院智慧教室建设项目,6168111,报价:5899991.00(元),杭州精英在线教育科技股份有限公司,杨老师,11N74634447520222801,13735811234,https://zfcg.czt.zj.gov.cn/innerUsed_noticeDetails/index.html?noticeId=8819307
ZJKXJZXCS1050162022002,8866360,1,实验小学教室改造工程信息化设备采购项目,647900,报价:638930(元),浙江浦江凯讯电子有限公司,石先生,11N95926704R2022403,13967958600,https://zfcg.czt.zj.gov.cn/innerUsed_noticeDetails/index.html?noticeId=8902241
dscg-lx临[2022]740号-101,8866546,1,兰溪市教育局2022年“明眸摘镜”工程中小学教室灯光改造项目,1500000,单价报价（元/盏）:408(元),浙江神箭信息科技有限公司,肖栩,11N73380954420221202,15058560070,https://zfcg.czt.zj.gov.cn/innerUsed_noticeDetails/index.html?noticeId=8882528
LGCG2022209,8868103,1,龙港市学校教室交互式多媒体采购项目,5940000,投标报价:5877300(元),浙江省新华书店集团有限公司,吴回盘,11NMB1D8065720225405,15355065681,https://zfcg.czt.zj.gov.cn/innerUsed_noticeDetails/index.html?noticeId=8911553
Z-GBLC20220713002,8869215,1,温州市鹿城区教育技术中心温馨教室空调采购,800000,报价:750000(元),浙江亿龙制冷工程有限公司,王丁于,11NMB1F3175020222001,13325988880,https://zfcg.czt.zj.gov.cn/innerUsed_noticeDetails/index.html?noticeId=8898442
QSZB-Z(H)-B22308(CS),8869272,1,智慧教室家具,243000,响应报价:223000(元),浙江琦天家具制造有限公司,李老师,11N47005521720226609,17376548980,https://zfcg.czt.zj.gov.cn/innerUsed_noticeDetails/index.html?noticeId=8978229
Z-GB202207130158,8870520,1,永嘉县瓯北第三中学阶梯教室家具,845610,报价:838534(元),浙江华教实业有限公司,金老师,11N7782608902022801,13968983988,https://zfcg.czt.zj.gov.cn/innerUsed_noticeDetails/index.html?noticeId=8988146
dscg-lx[2022]697号-099,8870900,1,2022年兰溪市中小学专用教室及实验器材,950000,报价:938909.85(元),浙江三和科教仪器有限公司,项林兵,11N7864318802022601,0577-67398602,https://zfcg.czt.zj.gov.cn/innerUsed_noticeDetails/index.html?noticeId=8922672
ZJHY-SZ2022018,8871131,1,嵊州中学嵊州中学通用技术金工、木工专用教室设施设备采购项目,333660,报价:328600(元),浙江胜昔信息科技有限公司,周韩可,11N47143000720222003,18758545222,https://zfcg.czt.zj.gov.cn/innerUsed_noticeDetails/index.html?noticeId=8884219
HZJS2022-002,8871909,1,龙泉市第四中学扩建工程实验室等功能教室仪器设备采购,660000,报价:445000.00(元),温州豪跃科教设备有限公司,刘向平,11N79206291120226602,13736997600,https://zfcg.czt.zj.gov.cn/innerUsed_noticeDetails/index.html?noticeId=8878394
ZJJG-OB20220627,8872498,1,浙江警官职业学院语音教室改造项目,479100,报价:478580(元),杭州核星信息科技有限公司,程煦,11N47006402520225404,18457344109,https://zfcg.czt.zj.gov.cn/innerUsed_noticeDetails/index.html?noticeId=8930359
ZJJG-OB20220618-2,8872499,1,浙江警官职业学院教学场所信息化升级及智慧教室建设,1742600,报价:1740500(元),杭州华鼎数码科技有限公司,王钧,11N47006402520225601,0571-88212345,https://zfcg.czt.zj.gov.cn/innerUsed_noticeDetails/index.html?noticeId=8961008
NBITC-202230739G,8873274,1,物理创新探究实验室,1410000,报价:1399000.00(元),浙江新学友信息技术有限公司,金洪森,11N41956710220225201,0574-88025300,https://zfcg.czt.zj.gov.cn/innerUsed_noticeDetails/index.html?noticeId=8929398
LCZ2022-023,8874730,1,丽中莲城书院、莲都区城西学校（初中部）教学项目（教师计算机、学生计算机教室）项目,2545100,最终报价:2362000.00(元),浙江丽水市新华书店有限公司,冯明敏,11N47226090020221804,13645780638,https://zfcg.czt.zj.gov.cn/innerUsed_noticeDetails/index.html?noticeId=8930023
NBITC-202230533G,8874748,1,多媒体教室、会议室设备采购及安装,2320000,报价:1849890(元),浙江迈新科技股份有限公司,乐老师,11N1952505XA20221601,0574-87797585,https://zfcg.czt.zj.gov.cn/innerUsed_noticeDetails/index.html?noticeId=8910013
NBITC-202230709GC,8875095,1,宁波市第二中学地理学科教室建设项目,550000,报价:540000(元),宁波米多乐信息科技有限公司,徐老师,11N19540508U20221001,13805881509,https://zfcg.czt.zj.gov.cn/innerUsed_noticeDetails/index.html?noticeId=8917669
YH2022-07024,8875651,1,越州中学录播教室改造项目,550000,报价:537570(元),绍兴博洋信息技术有限公司,蔡老师,11N67387185520225808,15957571812,https://zfcg.czt.zj.gov.cn/innerUsed_noticeDetails/index.html?noticeId=8879874
ZJXC-2022CS070501-1,8875660,1,浙江师范大学附属中学信息技术学科专业教室和人工智能教室改造工程（重新招标）,699449,磋商投标报价:695952(元),沃腾建设股份有限公司,谢老师,11N47000351320228629,15606508525,https://zfcg.czt.zj.gov.cn/innerUsed_noticeDetails/index.html?noticeId=8958685
ZJXC-2022G052601,8875722,1,浙江师范大学附属中学教室、办公室用空调采购项目,1128000,报价:863500(元),浙江索信商贸有限公司,王老师,11N47000351320228822,15924243712,https://zfcg.czt.zj.gov.cn/innerUsed_noticeDetails/index.html?noticeId=8958105
绍柯采[2022]2208号,8877233,1,华舍小学蓝天实验学校旧楼改造智慧书法教室工程,500000,报价:498980(元),绍兴市三智信息科技有限公司,宋老师,11N59720273920227408,0575-88268726,https://zfcg.czt.zj.gov.cn/innerUsed_noticeDetails/index.html?noticeId=8945452
绍柯采[2022]2214号,8877235,1,华舍小学蓝天实验学校旧楼改造创客教室工程,479700,报价:476177.00(元),绍兴信之信文化发展有限公司,宋老师,11N59720273920227608,13486502177,https://zfcg.czt.zj.gov.cn/innerUsed_noticeDetails/index.html?noticeId=8945450
CNDL2022208,8877930,1,2022年度苍南县教育局智能教室改造采购项目,12040000,报价:11899880.00(元),浙江教育用品发展有限公司,杨宗畅,11N02537215Y20226203,0571-87299655,https://zfcg.czt.zj.gov.cn/innerUsed_noticeDetails/index.html?noticeId=8906400
WZLCZB（W）-2022-07316,8878410,1,校园录播教室装修改造,285000,报价（人民币）:284870(元),帝杰曼科技股份有限公司,陈刚,11N70651617N20226804,0577-88831360,https://zfcg.czt.zj.gov.cn/innerUsed_noticeDetails/index.html?noticeId=9025092
2022-07-0055,8865344,1,老年大学教室设备采购项目B,623000,报价:611340(元),绍兴耐特信息技术有限公司,陆皓人,11N47005473220227609,18057529568,https://zfcg.czt.zj.gov.cn/innerUsed_noticeDetails/index.html?noticeId=8967660
台财采确[2022]4115-4116号,8865534,1,台州学院教师教育学院书画教室设备采购项目,581929,报价:439000(元),中国通信建设第三工程局有限公司,梁老师,11N47258000720229040,18007127226,https://zfcg.czt.zj.gov.cn/innerUsed_noticeDetails/index.html?noticeId=8894926
HQZB-RA-2022-41,8838666,1,标项1壁挂式单体双向流新风机（塘下莘塍飞云马屿高楼片区）设备一批，具体详见招标文件第三部分；,"2543000,1960000,1997000",投标综合总单价（①+②）（元）:2840(元),上海士诺净化科技有限公司,金老师,11N07865191120222002,15821958423,https://zfcg.czt.zj.gov.cn/innerUsed_noticeDetails/index.html?noticeId=8994603
HQZB-RA-2022-41,8838666,2,标项2壁挂式单体双向流新风机（市区陶山湖岭片区）设备一批，具体详见招标文件第三部分；,"2543000,1960000,1997000",投标综合总单价（①+②）（元）:2840(元),上海士诺净化科技有限公司,金老师,11N07865191120222003,13736701787,https://zfcg.czt.zj.gov.cn/innerUsed_noticeDetails/index.html?noticeId=8908497
HQZB-RA-2022-41,8838666,3,标项3吊装式双向流新风机（全市）设备一批，具体详见招标文件第三部分；,"2543000,1960000,1997000",投标综合总单价（①+②）（元）:2840(元),上海士诺净化科技有限公司,金老师,11N07865191120222004,15216760402,https://zfcg.czt.zj.gov.cn/innerUsed_noticeDetails/index.html?noticeId=8872455
HZJSGLJH-HW2022008,8838719,1,金华市金东区孝顺镇中心小学“双减”应用场景特色教室项目,750000,报价:739200(元),金华市新杰瑞电子有限公司,孔永平,11N75300139020221802,18967939918,https://zfcg.czt.zj.gov.cn/innerUsed_noticeDetails/index.html?noticeId=8896758
浙亿云采2022-049号,8840975,1,云和县实验小学心理健康教室设备采购项目,470000,报价:458900.00(元),浙江云和县新华书店有限公司,陈海波,11N47237023720223404,13884383865,https://zfcg.czt.zj.gov.cn/innerUsed_noticeDetails/index.html?noticeId=8867837
DTCG20220629058,8842400,1,温州市洞头区教育局人工智能深水港码头定制化沙盘教学系统等人工智能创客教室设备,350000,报价:349919(元),温州科锐弗教育科技有限公司,唐海宝,11N00252930320222401,18818279592,https://zfcg.czt.zj.gov.cn/innerUsed_noticeDetails/index.html?noticeId=8929180
XHZFCG-2022-G-30,8843199,1,杭州市西湖职业高级中学教室监控系统提升改造建设项目,480000,投标报价:458850(元),浙江万信数码科技有限公司,翁明华,11N13813813820226034,0571-85174931,https://zfcg.czt.zj.gov.cn/innerUsed_noticeDetails/index.html?noticeId=8857339
ZJXY-HZ2022-66,8843213,1,义桥二小教师办公室、教室改造工程,695597,报价:580823(元),浙江华尔达建设有限公司,韩斌,11N75720321320223603,0571-56177036,https://zfcg.czt.zj.gov.cn/innerUsed_noticeDetails/index.html?noticeId=8880125
HJZCD-2022-057,8843837,1,杭州市源清中学教育综合楼室内工程（计算机专用教室建设）,1000000,开标总报价:975000(元),杭州晓雷科技有限公司,唐老师,11N47010407420223804,0571-56891266,https://zfcg.czt.zj.gov.cn/innerUsed_noticeDetails/index.html?noticeId=8866572
GS（采）2022-091,8843848,1,湖州市南浔区南浔锦绣实验学校教室空调采购及安装项目,991000,报价:880000(元),浙江同泰建设集团有限公司,毛友强,11N76390494820224607,18257236688,https://zfcg.czt.zj.gov.cn/innerUsed_noticeDetails/index.html?noticeId=8890102
JSS2022D037Q-1,8843860,1,学校专用教室设备采购,569000,报价:402587(元),衢州美智电子科技有限公司,周老师,11NMB1K5111520221204,18357095508,https://zfcg.czt.zj.gov.cn/innerUsed_noticeDetails/index.html?noticeId=8932879
ZZCG2022F-GK-145,8843864,1,浙江金融职业学院智慧教室建设项目,5877281,投标总价:5495770.00(元),杭州威通科技有限公司,陈学将,11N47008027920228206,18858117750,https://zfcg.czt.zj.gov.cn/innerUsed_noticeDetails/index.html?noticeId=8895677
LGCG2022194,8844223,1,龙港中学学科教室二期项目,3004459,报价:2999000.00(元),浙江三和科教仪器有限公司,陈先生,11N47077154720223001,15869493386,https://zfcg.czt.zj.gov.cn/innerUsed_noticeDetails/index.html?noticeId=8897412
ZJJYDQ-2022-JC04,8844538,1,湖州市技师学院报告厅、室内篮球场、阶梯教室改造工程采购项目,898139,报价:754436(元),浙江德清永恒建设有限公司,沈晓斌,11N47122113320225401,13867247508,https://zfcg.czt.zj.gov.cn/innerUsed_noticeDetails/index.html?noticeId=8866005
龙政采F2022-58C33,8844589,1,龙泉市中等职业学校教室多媒体设备采购项目,2583000,报价:2498000(元),浙江龙威智能工程有限公司,卓先生,11N72400811w20225201,0578-2221895,https://zfcg.czt.zj.gov.cn/innerUsed_noticeDetails/index.html?noticeId=8870952
JHCG2022F-028C,8846426,1,金华职业技术学院智慧教室桌椅采购项目,500000,报价:448000(元),浙江宣华家俱有限公司,盛胜航,11N47154327120227204,13505797176,https://zfcg.czt.zj.gov.cn/innerUsed_noticeDetails/index.html?noticeId=8862919
TSCG202207024,8849519,1,泰顺县2022年“温馨教室”工程学校新风系统采购（重）,2658600,投标报价:1635672(元),浙江金四通数码技术有限公司,董直持,11N73923197420221802,0577-62574040,https://zfcg.czt.zj.gov.cn/innerUsed_noticeDetails/index.html?noticeId=8912777
ZJJSCG202207008,8849620,1,瑞安市第十中学功能教室及门卫室改造工程,2933155,报价:2660000(元),浙江博诚信息技术有限公司,吴老师,11N47086642320222201,13958819168,https://zfcg.czt.zj.gov.cn/innerUsed_noticeDetails/index.html?noticeId=8905472
绍柯采[2022]2121号,8850516,1,绍兴市柯桥区鲁迅外国语学校华齐路校区心理咨询室等专用教室设备装饰装修采购项目,1518000,报价:1498776.00(元),绍兴市中天信息科技有限公司,许老师,11N47139313820226605,13567552684,https://zfcg.czt.zj.gov.cn/innerUsed_noticeDetails/index.html?noticeId=8891752
JSS2022D040Q,8852357,1,江山市大溪滩小学专用教室设备及办公桌椅,480000,报价:415000.00(元),江山科达家居有限公司,祝先生,11N30760101120221401,0570-4023000,https://zfcg.czt.zj.gov.cn/innerUsed_noticeDetails/index.html?noticeId=8917981
ZJYC2022145(GK),8853734,1,温州理工学院滨海校区多媒体教室建设（二期）,2381350,报价:2380950(元),中国移动通信集团浙江有限公司温州分公司,李老师,11N27614775A20224401,13957707782,https://zfcg.czt.zj.gov.cn/innerUsed_noticeDetails/index.html?noticeId=8923261
ZJZM-2022-20（1）,8854192,1,嘉兴经济技术开发区2022年公办小学教室采光照明提标改造项目,465750,报价:415896(元),启福光照明科技（上海）有限公司,计老师,11N00254547720226804,15821024688,https://zfcg.czt.zj.gov.cn/innerUsed_noticeDetails/index.html?noticeId=8878214
zhzb-2022-006(招),8854706,1,天台县特殊教育中心新校区教室设备采购项目,800000,报价:755810(元),浙江铭派博杰家具有限公司,范敏,11N4727812042022401,13336186518,https://zfcg.czt.zj.gov.cn/innerUsed_noticeDetails/index.html?noticeId=8911234
JHJYCG2022002,8855322,1,金华市金东区教育体育局所属学校教室教学信息化服务项目,4798600,报价:4560468(元),金华合创科技有限公司,柳军才,11N73203543620222202,13750982537,https://zfcg.czt.zj.gov.cn/innerUsed_noticeDetails/index.html?noticeId=8875251
YH-ZFCG-2022-018（重）,8855371,1,玉环市陈屿中心小学合班、微格教室课桌椅项目,435200,报价:429730(元),浙江春宇舞台设备有限公司,林有益,11N72841094U20226403,0571-64171035,https://zfcg.czt.zj.gov.cn/innerUsed_noticeDetails/index.html?noticeId=8900058
云五石招2022010号,8855376,1,云和县实验小学国画书法教室,450000,报价:431806(元),杭州佳昂网络科技有限公司,陈海波,11N47237023720223602,15957155655,https://zfcg.czt.zj.gov.cn/innerUsed_noticeDetails/index.html?noticeId=8867249
政府采购2022-05,8855765,1,嵊州市教育体育局(本级)录播教室设备,1080000,报价:1046000(元),绍兴市明道网络科技有限公司,孔樟军,11N00258509X20221802,13619807711,https://zfcg.czt.zj.gov.cn/innerUsed_noticeDetails/index.html?noticeId=8861236
JYZFCG2022-02,8856055,1,缙云县教育局（系统）中小学（幼儿园）教室多媒体采购,4000000,最终报价:3129140(元),浙江省公众信息产业有限公司,刘雄伟,11N0011223342022801,0571-87396787,https://zfcg.czt.zj.gov.cn/innerUsed_noticeDetails/index.html?noticeId=8912985
ZJFZ-03082-2022,8856903,1,岱山县职业技术学校智慧教室建设项目,800000,报价:764579(元),浙江嘉文科技有限公司,叶富杰,11N47220148420225803,15957465968,https://zfcg.czt.zj.gov.cn/innerUsed_noticeDetails/index.html?noticeId=8899993
WQ2022174-ZFCG029,8857091,1,旅游专业智慧教室建设项目,450000,报价:405900(元),浙江毅飞信息科技有限公司,李老师,11N71540986920221001,0579-82770507,https://zfcg.czt.zj.gov.cn/innerUsed_noticeDetails/index.html?noticeId=8876806
HJZCD-2022-059,8857415,1,浙江省杭州学军中学信息化项目(多功能教室全彩大屏),640000,开标总报价:629000(元),杭州迅悦科技有限公司,何老师,11N47010356520225601,0571-56707014,https://zfcg.czt.zj.gov.cn/innerUsed_noticeDetails/index.html?noticeId=8880405
0625-22215606（重招）,8859465,1,研究生学习室工位和研究生教室桌椅项目,510000,最终报价:506040.00(元),杭州恒丰家具有限公司,谭老师,11N47005185720227209,0571-88173885,https://zfcg.czt.zj.gov.cn/innerUsed_noticeDetails/index.html?noticeId=8873580
ZZCG2022D-CS-138,8859467,1,浙江中医药大学滨文南校区多媒体教室建设工程项目,1215300,投标总价:1208800.00(元),浙江哈曼视听科技有限公司,刘清明,11N47000411020229025,0571-81902288,https://zfcg.czt.zj.gov.cn/innerUsed_noticeDetails/index.html?noticeId=8947325
RTZFCG-2022-060,8859646,1,杭州市瓶窑中学教室智慧灯光项目,864000,报价:859392(元),杭州五邦通信科技有限公司,吴培玉,11N47039217620226401,18072995088,https://zfcg.czt.zj.gov.cn/innerUsed_noticeDetails/index.html?noticeId=8875441
HXCG-ZF-2022-034,8859979,1,凤凰中心幼儿园洗消间、教室卫生间设计施工一体化项目,640000,报价:633000(元),浙江志合建设有限公司,李先生,11N68452009X20227410,15268256637,https://zfcg.czt.zj.gov.cn/innerUsed_noticeDetails/index.html?noticeId=8941871
HQZB-OHQ-2022061628,8819054,1,吊装式单体双向流新风机,"6426000,3906000","① 新风机设备、安装总价:3029400(元),② 6次维护保养费:758000(元),本项目的投标总报价（①+②）:3787400(元),① 新风机设备、安装总价:1506600(元),② 6次维护保养费:376650(元),本项目的投标总报价（①+②）:1883250(元)","杭州卡丽智能科技股份有限公司,浙江金海高科股份有限公司",黄老师,11N47062015920222,15216760402,https://zfcg.czt.zj.gov.cn/innerUsed_noticeDetails/index.html?noticeId=8889186
HQZB-OHQ-2022061628,8819054,2,壁挂式单体双向流新风机,"6426000,3906000","① 新风机设备、安装总价:3029400(元),② 6次维护保养费:758000(元),本项目的投标总报价（①+②）:3787400(元),① 新风机设备、安装总价:1506600(元),② 6次维护保养费:376650(元),本项目的投标总报价（①+②）:1883250(元)","杭州卡丽智能科技股份有限公司,浙江金海高科股份有限公司",黄老师,11N4706201592022202,13567182531,https://zfcg.czt.zj.gov.cn/innerUsed_noticeDetails/index.html?noticeId=8889100
CNDL2022166,8820402,1,苍南县2022年“温馨教室”工程学校新风系统,4160000,报价:3050320(元),北京米微环保科技有限公司,李先生,11N02537215Y20225603,15010042520,https://zfcg.czt.zj.gov.cn/innerUsed_noticeDetails/index.html?noticeId=8855153
MYWZ-202206041900,8821608,1,吊装式双向流新风机,"/,/",报价:2943560(元),杭州卡丽智能科技股份有限公司,杨老师,11NMB1F3175020221801,13567182531,https://zfcg.czt.zj.gov.cn/innerUsed_noticeDetails/index.html?noticeId=8875694
MYWZ-202206041900,8821608,2,壁挂式单体双向流新风机,"/,/",报价:2943560(元),杭州卡丽智能科技股份有限公司,杨老师,11NMB1F3175020221801,13567182531,https://zfcg.czt.zj.gov.cn/innerUsed_noticeDetails/index.html?noticeId=8875694
QSZB-Z(H)-B22233(CS),8821943,1,A2智慧教室建设项目,666400,响应报价:643000(元),杭州新润科技有限公司,章老师,11N47000871X20227203,0571-88211664,https://zfcg.czt.zj.gov.cn/innerUsed_noticeDetails/index.html?noticeId=8879131
QSZB-Z(H)-B22247(CS),8821944,1,A2多媒体教室环境控制系统提升改造项目,612000,响应报价:600000.00(元),杭州皓扬科技工程有限公司,章老师,11N47000871X20227204,15258523860,https://zfcg.czt.zj.gov.cn/innerUsed_noticeDetails/index.html?noticeId=8879132
ZJHY-20220621-H,8822131,1,温州浙南沿海先进装备产业集聚区文化和教育体育局2022年民生实事温馨教室新风机采购,1350000,报价:583500.00(元),温州联盈教育科技有限公司,项先生,11N05284530420223202,0577-62633505,https://zfcg.czt.zj.gov.cn/innerUsed_noticeDetails/index.html?noticeId=8928762
DLLH-Z（H）-KC20220522（GK）,8822594,1,浙江建设职业技术学院教学楼AB区教室标准化考场设备,250000,报价:247400(元),中国联合网络通信有限公司杭州市分公司,梅老师,11N47003279520225805,15657173731,https://zfcg.czt.zj.gov.cn/innerUsed_noticeDetails/index.html?noticeId=8883148
HJZCD-2022-053,8822937,1,浙江省杭州第七中学2022年教育教学配套设施设备（转塘校区教室多媒体设备改造二期）,"890000,836000",开标总报价:880400(元),杭州雄龙电子技术有限公司,唐老师,11N47010346920226203,0571-85025821,https://zfcg.czt.zj.gov.cn/innerUsed_noticeDetails/index.html?noticeId=8848075
HJZCD-2022-053,8822937,2,浙江省杭州第七中学2022年教育教学配套设施设备（解放路校区教室与画室多媒体设备改造三期）,"890000,836000",开标总报价:880400(元),杭州雄龙电子技术有限公司,唐老师,11N47010346920226406,0571-56891266,https://zfcg.czt.zj.gov.cn/innerUsed_noticeDetails/index.html?noticeId=8848048
NBMC-20223042G,8823264,1,教室多媒体升级改造项目,825000,报价:816800(元),宁波兆华信息技术有限公司,郑老师,11N4195288242022601,13905745313,https://zfcg.czt.zj.gov.cn/innerUsed_noticeDetails/index.html?noticeId=8922836
ZHJS（ZC)-2022-005,8823759,1,功能教室设备,684525,报价:668000.00(元),嘉兴敏皓信息科技有限公司,金剑杰,11NMB1K4946120222001,18067090292,https://zfcg.czt.zj.gov.cn/innerUsed_noticeDetails/index.html?noticeId=8867409
QSZB-Z(H)-C22217(CS),8824480,1,无损检测实训室-智慧教室类,179000,响应报价:174500.00(元),浙江效辕科技有限公司,于老师,11N47003873220225808,13588046666,https://zfcg.czt.zj.gov.cn/innerUsed_noticeDetails/index.html?noticeId=8881317
QSZB-Z(H)-B22241(CS),8824762,1,教室智慧班牌项目,1500000,响应报价:1450000(元),浙江浙大网新图灵信息科技有限公司,雷老师,11N47008027920228002,13958127141,https://zfcg.czt.zj.gov.cn/innerUsed_noticeDetails/index.html?noticeId=8886512
Z-GB202206210156,8824784,1,永嘉县2022年“温馨教室”工程学校空调采购,5598000,报价:4913800(元),浙江亿龙制冷工程有限公司,汤老师,11N00253354820221401,13325988880,https://zfcg.czt.zj.gov.cn/innerUsed_noticeDetails/index.html?noticeId=8937659
ZJJG-OB20220617,8825048,1,浙江警官职业学院教学场所信息化升级及多媒体教室建设项目,1623730,报价:1617800(元),杭州威通科技有限公司,王钧,11N47006402520225201,18858117750,https://zfcg.czt.zj.gov.cn/innerUsed_noticeDetails/index.html?noticeId=8906029
HYHZ2022-133（临[2022]7058号）,8825419,1,湖州市月河小学教育集团（浮玉校区）专用教室装修改造工程,828034,报价:799800(元),浙江梦怡建筑装饰有限公司,汤老师,11N47117023320221601,13362225366,https://zfcg.czt.zj.gov.cn/innerUsed_noticeDetails/index.html?noticeId=8888751
ZZCG2022D-GK-124,8826162,1,浙江旅游职业学院智慧教室三期建设设备,"/,/,/",投标总价:7969980.00(元),浙江锐西科技有限公司,邵仲铭,11N47002873720227201,13626715925,https://zfcg.czt.zj.gov.cn/innerUsed_noticeDetails/index.html?noticeId=8862525
ZZCG2022D-GK-124,8826162,2,浙江旅游职业学院中心机房改造,"/,/,/",投标总价:7969980.00(元),浙江锐西科技有限公司,邵仲铭,11N47002873720227201,13626715925,https://zfcg.czt.zj.gov.cn/innerUsed_noticeDetails/index.html?noticeId=8862525
ZZCG2022D-GK-124,8826162,3,浙江旅游职业学院服务器项目,"/,/,/",投标总价:7969980.00(元),浙江锐西科技有限公司,邵仲铭,11N47002873720227201,13626715925,https://zfcg.czt.zj.gov.cn/innerUsed_noticeDetails/index.html?noticeId=8862525
CG202206A05,8826502,1,2022年乐清市中小学校“温馨教室”工程空调设备采购项目,11000000,投标报价:8033400(元),温州市永乐冷气工程有限公司,盛老师,11N79314809620221001,0577-88848866,https://zfcg.czt.zj.gov.cn/innerUsed_noticeDetails/index.html?noticeId=8866758
THZB-22AC36047,8827657,1,杭州市西溪中学专用教室教学仪器项目,3800000,,杭州英牛科技有限公司,徐鑫刚,11N13813813820226204,18758120708,https://zfcg.czt.zj.gov.cn/innerUsed_noticeDetails/index.html?noticeId=8854453
F-GB202206170555,8828277,1,永嘉县2022年“温馨教室”工程学校新风采购-1,"4548000,2916000",报价:2967570(元),畅能科技（温州）有限公司,汤老师,11N00253354820221602,15088583560,https://zfcg.czt.zj.gov.cn/innerUsed_noticeDetails/index.html?noticeId=9002299
F-GB202206170555,8828277,2,永嘉县2022年“温馨教室”工程学校新风采购-2,"4548000,2916000",报价:2967570(元),畅能科技（温州）有限公司,汤老师,11N00253354820221601,13923155578,https://zfcg.czt.zj.gov.cn/innerUsed_noticeDetails/index.html?noticeId=9002264
HSZX-ZCY-CS2022001,8828504,1,河上镇小创新教室等改造,1070388,报价:995000(元),宁波盛灏建设有限公司,瞿国阳,11N47045184220221401,15968404575,https://zfcg.czt.zj.gov.cn/innerUsed_noticeDetails/index.html?noticeId=8882470
中际-ZJZJGC（2022）嘉18号,8828664,1,清华附中嘉兴实验高中（筹）年初预算专项支出,1100000,报价:1075674(元),上海引砺波教育装备有限公司,周老师,11NMB1B328562022601,18717819981,https://zfcg.czt.zj.gov.cn/innerUsed_noticeDetails/index.html?noticeId=8837596
HZZFCG-2022-117,8830476,1,杭州师范大学教室课桌椅采购项目,500000,投标报价:494000(元),浙江荣华家具有限公司,毛老师,11N47010330320229811,18057219977,https://zfcg.czt.zj.gov.cn/innerUsed_noticeDetails/index.html?noticeId=8848247
HZZFCG-2022-121,8830815,1,杭州职业技术学院教学楼教室空调一期新增项目,2200000,投标报价:2190576(元),杭州恒海贸易有限公司,杨超群,11N47012223X20228201,13777494035,https://zfcg.czt.zj.gov.cn/innerUsed_noticeDetails/index.html?noticeId=8860572
ZZCG2022X-GK-126,8831369,1,浙江财经大学新型多媒体教室改造项目,1603000,投标总价:1563560.00(元),杭州新润科技有限公司,俞玲泉,11N47000621220228601,0571-88211664,https://zfcg.czt.zj.gov.cn/innerUsed_noticeDetails/index.html?noticeId=8910157
CG202206A06,8831502,1,2022年乐清市中小学校“温馨教室”工程新风设备采购项目-标项一,"6048000,4788000",合计总价:3602640(元),上海士诺净化科技有限公司,盛老师,11N79314809620221201,0577-62633505,https://zfcg.czt.zj.gov.cn/innerUsed_noticeDetails/index.html?noticeId=8859675
CG202206A06,8831502,2,2022年乐清市中小学校“温馨教室”工程新风设备采购项目-标项二,"6048000,4788000",合计总价:3602640(元),上海士诺净化科技有限公司,盛老师,11N79314809620221002,15821958423,https://zfcg.czt.zj.gov.cn/innerUsed_noticeDetails/index.html?noticeId=8859679
CTZB--2022060406,8832399,1,湖州二中教学区域连廊及教室铝合金窗维修更换及路面、路灯维修工程（重新招标）,2535000,报价:2319525(元),浙江广成建设发展集团有限公司,曹康舰,11N47117100920225001,19857262296,https://zfcg.czt.zj.gov.cn/innerUsed_noticeDetails/index.html?noticeId=8875591
TSCG202207009,8832889,1,2022年泰顺县中小学教室空调采购（二次）,1899000,报价:1419608(元),温州温泽制冷设备有限公司,董直持,11N73923197420221801,18006690830,https://zfcg.czt.zj.gov.cn/innerUsed_noticeDetails/index.html?noticeId=8882153
WZLCZB（W）-2022-06237,8833152,1,2022年新办幼儿园教室家具,3250000,,"2022年新办幼儿园教室家具,浙江奥士家具有限公司",黄老师,11N4706201592022601,18905779002,https://zfcg.czt.zj.gov.cn/innerUsed_noticeDetails/index.html?noticeId=8858714
HJZCD-2022-055,8833325,1,浙江大学附属中学2022年两校区设备更新项目（教室多媒体设备更新）,1500000,开标总报价:1490200(元),杭州雄龙电子技术有限公司,杨老师,11N12330100420225801,0571-85025821,https://zfcg.czt.zj.gov.cn/innerUsed_noticeDetails/index.html?noticeId=8863727
xzcg-2022-036(招)（第二次）,8833364,1,天台中学学科教室有关智能化设备采购,3250000,最终报价:3183200(元),台州市合创电子工程有限公司,王华荣,11N47278025220221201,13357602575,https://zfcg.czt.zj.gov.cn/innerUsed_noticeDetails/index.html?noticeId=8870659
LNCG2022-004,8833835,1,安吉县教育保障中心专用功能教室项目政府采购项目,600000,"第九小学专用功能教室—新型阅读空间:355620(元),晓墅小学专用功能教室—新型阅读空间:234280(元),投标总价:589900(元)",北京世纪超星信息技术发展有限责任公司,俞宁,11N94722142Q20222601,15776765881,https://zfcg.czt.zj.gov.cn/innerUsed_noticeDetails/index.html?noticeId=8865193
RAJC20220609,8836171,1,瑞安市电化教育与教育装备中心2022年“温馨教室”壁挂式空调（瑞安市安阳实验中学等）,"/,/,/",综合单价:3720(元),温州市永乐冷气工程有限公司,金友伟,11N07865191120222001,0577-88848866,https://zfcg.czt.zj.gov.cn/innerUsed_noticeDetails/index.html?noticeId=8872462
RAJC20220609,8836171,2,瑞安市电化教育与教育装备中心瑞安市电化教育与教育装备中心2022年“温馨教室”壁挂式空调（瑞安市林垟学校等）,"/,/,/",综合单价:3720(元),温州市永乐冷气工程有限公司,金友伟,11N07865191120222201,0577-89897650,https://zfcg.czt.zj.gov.cn/innerUsed_noticeDetails/index.html?noticeId=8872458
RAJC20220609,8836171,3,瑞安市电化教育与教育装备中心瑞安市电化教育与教育装备中心2022年“温馨教室”立柜式空调（瑞安市锦湖第一中学等）,"/,/,/",综合单价:3720(元),温州市永乐冷气工程有限公司,金友伟,11N07865191120222202,0577-65909200,https://zfcg.czt.zj.gov.cn/innerUsed_noticeDetails/index.html?noticeId=8872459
台财采确【2022】3656号-1,8837549,1,台州学院临海校区教室课桌椅桌斗、座椅板等维修更换项目（重新招标）,600000,报价:353004(元),台州市大洋教学设备有限公司,梁老师,11N47258000720229017,18262579596,https://zfcg.czt.zj.gov.cn/innerUsed_noticeDetails/index.html?noticeId=8854128
2022NBHSJC031,8837616,1,宁波市海曙区高桥镇人民政府功能室（教室）需配备48套推拉黑板、86吋触摸交互一体机及配套软件，135台电脑室计算机，录播教室用于人工AR智能课堂及吸音处理，会议室配备LED显示屏、音箱系统等设备,3200000,投标总价 （人民币：元）:2587185(元),宁波保税区锦都数码电子有限公司,张工,11N00297170820223601,0574-27887168,https://zfcg.czt.zj.gov.cn/innerUsed_noticeDetails/index.html?noticeId=8894938
G22070230339,8838240,1,浙大城市学院文三教室达标改造工程,2903603,报价:2272884(元),杭州江北建筑工程有限公司,丁老师,11NMB1B9207420226614,18058717867,https://zfcg.czt.zj.gov.cn/innerUsed_noticeDetails/index.html?noticeId=8864594
CS2022013,8813680,1,17幢301教室室内装修改造工程,396000,最终报价:311820(元),浙江普厦建筑科技有限公司,郑老师,11N47000351320228204,15068739753,https://zfcg.czt.zj.gov.cn/innerUsed_noticeDetails/index.html?noticeId=8865904
JHCG2022E-013,8814026,1,金华职业技术学院智慧教室改造空调采购,1521900,最终报价:1504116(元),兰溪市正大家电有限公司,盛胜航,11N47154327120226801,13335931105,https://zfcg.czt.zj.gov.cn/innerUsed_noticeDetails/index.html?noticeId=8843936
JHCG2022G-025,8815029,1,金华职业技术学院智慧教室信息化项目设备采购,"/,/,/,/,/",报价:2826180(元),金华合创科技有限公司,盛胜航,11N47154327120226802,13750982537,https://zfcg.czt.zj.gov.cn/innerUsed_noticeDetails/index.html?noticeId=8861617
JHCG2022G-025,8815029,2,金华职业技术学院智慧教室信息化项目设备采购,"/,/,/,/,/",报价:2826180(元),金华合创科技有限公司,盛胜航,11N47154327120226804,13757968777,https://zfcg.czt.zj.gov.cn/innerUsed_noticeDetails/index.html?noticeId=8857946
JHCG2022G-025,8815029,3,金华职业技术学院智慧教室信息化项目设备采购,"/,/,/,/,/",报价:2826180(元),金华合创科技有限公司,盛胜航,11N47154327120226805,0579-83184608,https://zfcg.czt.zj.gov.cn/innerUsed_noticeDetails/index.html?noticeId=8857948
JHCG2022G-025,8815029,4,金华职业技术学院智慧教室信息化项目设备采购,"/,/,/,/,/",报价:2826180(元),金华合创科技有限公司,盛胜航,11N47154327120226604,0579-82395781,https://zfcg.czt.zj.gov.cn/innerUsed_noticeDetails/index.html?noticeId=8843933
JHCG2022G-025,8815029,5,金华职业技术学院智慧教室信息化项目设备采购,"/,/,/,/,/",报价:2826180(元),金华合创科技有限公司,盛胜航,11N47154327120226803,0579-82395781,https://zfcg.czt.zj.gov.cn/innerUsed_noticeDetails/index.html?noticeId=8843793
ZJZBC-GK-22-9021,8815898,1,浙江省杭州第十一中学数字化美术教室项目,522000,投标总价:521500(元),杭州易木宏达网络工程有限公司,翁老师,11N47010350620224003,13750847872,https://zfcg.czt.zj.gov.cn/innerUsed_noticeDetails/index.html?noticeId=8834221
WZZF2022(ZC)-05-107（GK）,8816825,1,智慧教室设备采购,595200,报价:594000(元),北京世纪超星信息技术发展有限责任公司,王老师,11N08426783620224804,15776765881,https://zfcg.czt.zj.gov.cn/innerUsed_noticeDetails/index.html?noticeId=8862804
HZHC-2022（J）001,8817991,1,南浔开发区实验学校2022年屋面维修及专用教室装修工程,953473,报价:780000(元),浙江富海建筑装饰工程股份有限公司,沈先生,11N47117089020223804,0572-2530790,https://zfcg.czt.zj.gov.cn/innerUsed_noticeDetails/index.html?noticeId=8959554
ZJ-2241390,8818152,1,浙江传媒学院课程教学创新实验区建设（五期）教学楼部分教室智慧化升级项目,5000000,报价:4978430.00(元),杭州西旭科技信息工程有限公司,陈老师,11N47000841020227602,13588813700,https://zfcg.czt.zj.gov.cn/innerUsed_noticeDetails/index.html?noticeId=8868156
恒合【2022】采048,8818797,1,湖州市南浔区南浔锦绣实验学校普通教室装修工程,2360572,报价:2216000(元),浙江宇翔建筑装饰工程有限公司,蒋老师,11N76390494820224201,13868297815,https://zfcg.czt.zj.gov.cn/innerUsed_noticeDetails/index.html?noticeId=8882861
0625-22217B07,8942241,1,学院多媒体教室集控系统升级改造,350000,投标报价:343800(元),杭州威通科技有限公司,王钧,11N47006402520226602,18858117750,https://zfcg.czt.zj.gov.cn/innerUsed_noticeDetails/index.html?noticeId=9054486
JHCG2022C-032-C01,8943915,1,东苑小学录播教室改造,350000,最终报价:348901.00(元),浙江昊维科技有限公司,叶龙,11N47154221x20221801,18967901088,https://zfcg.czt.zj.gov.cn/innerUsed_noticeDetails/index.html?noticeId=8950225
ZJTZCA2022009ZC号,8944008,1,淳安县教育局2022年薄改专业教室提升项目,3260000,报价:3230000.00(元),浙江淳安县新华书店有限公司,王友权,11N00251214920226807,0571-64817670,https://zfcg.czt.zj.gov.cn/innerUsed_noticeDetails/index.html?noticeId=8953363
TZTX-2022-CS063,8944021,1,台州开放大学直播教室项目,500000,报价:496800(元),台州广电网络有限公司,顾老师,11N72581480Y20224404,13676697550,https://zfcg.czt.zj.gov.cn/innerUsed_noticeDetails/index.html?noticeId=8982387
HZCPM-2022-0801,8944183,1,2022年江山市中小学教室灯光采购项目(第二次),1700000,报价:1319180(元),江山华数广电网络有限公司,赵老师,11N09783996020222001,13967001375,https://zfcg.czt.zj.gov.cn/innerUsed_noticeDetails/index.html?noticeId=8980770
ZJJSCG202207014-,8946237,1,瑞安市仙降中学温馨教室电力线路改造及电力扩容工程（重2）,779873,报价:779000(元),浙江诚名智能工程有限公司,诸葛老师,11N70865025P20222201,0577-65639993,https://zfcg.czt.zj.gov.cn/innerUsed_noticeDetails/index.html?noticeId=8977030
HNCG2022044,8946609,1,海宁市教育信息中心触控一体机,5500000,最终报价:3428550(元),浙江新远方信息产业发展有限公司,金老师,11N74634451220222003,0571-88994664,https://zfcg.czt.zj.gov.cn/innerUsed_noticeDetails/index.html?noticeId=8973228
QTFSCG2022-151,8948099,1,青田县江南实验学校普通教室改造项目,779598,最终报价:775000(元),浙江重实科技有限公司,刘利军,11N4723414872022801,15168317550,https://zfcg.czt.zj.gov.cn/innerUsed_noticeDetails/index.html?noticeId=9016411
MYWZ-202206041900（第三次）,8948285,1,中小学教室新风系统-标项2（第三次）,107900,报价:84000.00(元),温州联盈教育科技有限公司,杨老师,11NMB1F3175020222201,0577-62633505,https://zfcg.czt.zj.gov.cn/innerUsed_noticeDetails/index.html?noticeId=9030384
QTFSCG2022-154,8951539,1,青田县章旦中学教育集团普通教室新型教学空间改造,505570,最终报价:498000(元),浙江承佑科技有限公司,金铭,11N4723413642022401,18557906412,https://zfcg.czt.zj.gov.cn/innerUsed_noticeDetails/index.html?noticeId=9008796
YHZFCG2022-160,8952247,1,黄湖镇中学专用教室设备采购,900000,投标总报价:896614(元),杭州良径科技有限公司,方老师,11N47039111420225201,18758140521,https://zfcg.czt.zj.gov.cn/innerUsed_noticeDetails/index.html?noticeId=9008802
HZSYCG2022-053,8955414,1,杭州市余杭高级中学微格教室音视频设备,600000,报价:585300(元),杭州希灵数字技术有限公司,方华,11N47039951120225001,13372558570,https://zfcg.czt.zj.gov.cn/innerUsed_noticeDetails/index.html?noticeId=8990376
ZJWY-SS-2022006,8956450,1,嵊泗县洋山镇人民政府洋山镇幼儿园教室家具、午睡家具、玩具等采购,700000,报价:650200(元),浙江飞友康体设备有限公司,顾嘉云,11N0264335X720225401,13957182531,https://zfcg.czt.zj.gov.cn/innerUsed_noticeDetails/index.html?noticeId=9056503
HMZB20221079-2,8957198,1,温州市实验小学桃花岛校区设备等七项—功能教室设备（第二次）,1500000,报价:1489800(元),温州中信科教设备有限公司,陈晓茅,11N74100788320224402,13588918829,https://zfcg.czt.zj.gov.cn/innerUsed_noticeDetails/index.html?noticeId=9029172
NBRL-22088,8957242,1,宁波市同济中学同济中学航天特色空间教室设备采购,750000,报价:746583.25(元),宁波米多乐信息科技有限公司,金老师,11N41961139620221001,13805881509,https://zfcg.czt.zj.gov.cn/innerUsed_noticeDetails/index.html?noticeId=9005554
ZJCJ-H22090403,8959349,1,滨江校区教室灯光改造,320000,报价:316020(元),浙江海纳信息技术有限公司,蔡老师,11N47051152620228401,0577-88813600,https://zfcg.czt.zj.gov.cn/innerUsed_noticeDetails/index.html?noticeId=8998895
YK2022400X,8961050,1,春晖中学教室门采购及安装项目（第三次）,500000,最终报价:439000(元),哈尔滨中正科技有限公司,杜海江,11N47151103420225801,19845162810,https://zfcg.czt.zj.gov.cn/innerUsed_noticeDetails/index.html?noticeId=9017615
浙亿云采2022-074号,8961113,1,云和县中小学“薄改”教室建设采购项目,1850000,报价:1788425(元),浙江教育用品发展有限公司,刘建波,11NMB1H2167720221201,0571-87299655,https://zfcg.czt.zj.gov.cn/innerUsed_noticeDetails/index.html?noticeId=8994213
ZHJS（ZC)-2022-011,8965482,1,北斗航天教室教具,590000,报价:579350.00(元),武汉斯克莱特智能创客科技有限公司,金剑杰,11NMB1K4946120222601,18062562160,https://zfcg.czt.zj.gov.cn/innerUsed_noticeDetails/index.html?noticeId=9038634
CGZX（CS）-2022-019,8913418,1,浙江工商大学下沙校区食品学院教室及实验室改造工程,500000,报价:398000(元),浙江鲁业建设有限公司,朱老师、钱老师,11N47000901820227402,13588195582,https://zfcg.czt.zj.gov.cn/innerUsed_noticeDetails/index.html?noticeId=8938511
ZJXSJ2022159,8913525,1,全区中小学专用教室护眼灯光提升工程,2642976,报价:2537640(元),浙江贝尔环境科技有限公司,张培青,11NE9615670520223,13906792308,https://zfcg.czt.zj.gov.cn/innerUsed_noticeDetails/index.html?noticeId=8928504
330282202207002798,8914148,1,教室灯光改造,630000,报价:465000(元),广州市番禺奥莱照明电器有限公司,王哲丰,,,
QZGS2022024,8917117,1,柯城区书院中学专用教室改造提升工程（教具采购）,317911,报价:315910(元),衢州市柯城汇纵建材商行,余飞,11N73992421X2022401,13625800687,https://zfcg.czt.zj.gov.cn/innerUsed_noticeDetails/index.html?noticeId=8935680
ZSCG202229-GK13（2）,8917519,1,常山县学校教室灯光改造项目（二次）,675000,投标总价:615681(元),浙江民望建筑智能科技有限公司,王润梅,11N4719706872022801,15157084788,https://zfcg.czt.zj.gov.cn/innerUsed_noticeDetails/index.html?noticeId=8946443
WZZYCG-20220727,8917527,1,中共温州市委党校2022年度功能教室及报告厅家具采购项目（第二次）,500000,报价:495362(元),浙江奥士家具有限公司,许文樟,11N70515017420227001,18905779002,https://zfcg.czt.zj.gov.cn/innerUsed_noticeDetails/index.html?noticeId=8937043
浙志正招2022104号,8918598,1,云和县实验小学分校人工智能及机器人教室项目,620000,报价:596319(元),浙江教育用品发展有限公司,陈海波,11N47237023720224401,0571-87299655,https://zfcg.czt.zj.gov.cn/innerUsed_noticeDetails/index.html?noticeId=8954780
TLZFCG2022-GK-016,8918763,1,2022年桐庐县中小学校专用教室改造设备采购及安装项目,2000000,最终报价:1706588.00(元),浙江三和科教仪器有限公司,周敏,11N47030031520224001,0577-67398602,https://zfcg.czt.zj.gov.cn/innerUsed_noticeDetails/index.html?noticeId=9016440
0625-22212A94,8918944,1,浙江中医药大学护理学院智慧示教室设备项目,220000,磋商总报价（小写）:218000.00(元),浙江兆久成信息技术股份有限公司,黄老师,11N470004110202210603,0571-28180183,https://zfcg.czt.zj.gov.cn/innerUsed_noticeDetails/index.html?noticeId=8974734
QJCG202212,8920202,1,2022年中小学计算机教室电脑及配套设施采购,4129000,报价:3710000.00(元),衢州华数广电网络有限公司,毛俊淇,11N00261564X20225001,0570-2290600,https://zfcg.czt.zj.gov.cn/innerUsed_noticeDetails/index.html?noticeId=8959470
ZJKP2022YW205G,8920545,1,义乌工商职业技术学院智慧教室改造货物一批,1699070,最终报价:1680000(元),义乌市威翔信息科技有限公司,郑清松,11N47177278720228802,15267995577,https://zfcg.czt.zj.gov.cn/innerUsed_noticeDetails/index.html?noticeId=8972507
QSZB-Z(F)-E22240(CS)L,8921109,1,1号教学楼106智慧教室改造项目,600000,响应报价:578000(元),杭州新润科技有限公司,王老师,11N47000621220229805,0571-88211664,https://zfcg.czt.zj.gov.cn/innerUsed_noticeDetails/index.html?noticeId=8989929
QTJZCG2022-003-1,8922609,1,青田县职业技术学校2022年校园二期宿舍、教室及办公室等空调设备采购,1750000,最终报价:1391374(元),青田县红静家电总汇有限公司,周景毅,11N47234080420222401,13906782058,https://zfcg.czt.zj.gov.cn/innerUsed_noticeDetails/index.html?noticeId=8933997
WMU-2022961,8924107,1,智慧教室软件及平台运行服务,480000,报价:475000(元),上海智慧知到网络科技有限公司,施老师,11N47000591420228805,15099037569,https://zfcg.czt.zj.gov.cn/innerUsed_noticeDetails/index.html?noticeId=8963044
ZJ-2242055,8924872,1,中国美术学院象山校区2号楼公共课教室课桌椅改造项目,1470000,报价:1453000.00(元),杭州恒丰家具有限公司,李明键,11N47000907720229604,13757106518,https://zfcg.czt.zj.gov.cn/innerUsed_noticeDetails/index.html?noticeId=8979605
xzcg-2022-069(招),8926340,1,2022年学校教室灯光改造,1000000,最终报价:970000(元),浙江久良教育科技股份有限公司,徐晓峰,11N77570937320221,0571-88993992,https://zfcg.czt.zj.gov.cn/innerUsed_noticeDetails/index.html?noticeId=8965028
ZJZC-227065,8929247,1,AI书法教室及其他专用教室设施设备,2896000,报价:2868000.00(元),上海珀玑教育科技有限公司,朱老师,11NMB1H128692022601,021-67735697,https://zfcg.czt.zj.gov.cn/innerUsed_noticeDetails/index.html?noticeId=8952819
浙勋代理C[2022] 246号,8929339,1,桐乡市老年大学管理服务中心直播录播教室项目,500000,报价:497940(元),杭州羽滕网络技术有限公司,施高琼,11N78643369120221201,13356038376,https://zfcg.czt.zj.gov.cn/innerUsed_noticeDetails/index.html?noticeId=8962853
ZJWS2022-DGJYEY02,8930422,1,教室课桌椅、床等采购项目,610000,报价:598000(元),温州牛牛教学设备有限公司,丁迎迎,,,
CBNB-20221464G,8930807,1,浙江大学宁波“五位一体”校区科研大楼智慧教室建设,2800000,,浙江新学友信息技术有限公司,郑老师,11NB0473588C20222201,18667890648,https://zfcg.czt.zj.gov.cn/innerUsed_noticeDetails/index.html?noticeId=8991124
330282202207002940,8931334,1,微格教室和教室多媒体更新,550000,报价:543920.00(元),宁波晨客创诚电子商务有限公司,杨老师,11N41968815820221801,18806748899,https://zfcg.czt.zj.gov.cn/innerUsed_noticeDetails/index.html?noticeId=8961330
JD2022BJ-024,8931866,1,建德市中小学录播教室设备采购。,474324,报价:448000.00(元),建德市万鹏电子科技有限公司,李斌,11N00251708920222201,13357167889,https://zfcg.czt.zj.gov.cn/innerUsed_noticeDetails/index.html?noticeId=8970616
YK2022358,8933157,1,上虞中学历史学科教室设备采购项目,382600,报价:381430.00(元),绍兴方诺教育设备有限公司,应卫良,11N47151104220226201,15905756785,https://zfcg.czt.zj.gov.cn/innerUsed_noticeDetails/index.html?noticeId=8973676
DFJW2022-CA-002号,8933355,1,2022年第三小学智能创客教室建设采购项目,360000,投标报价:358500.00(元),杭州古德微机器人有限公司,王友权,11N00251214920226601,18072752009,https://zfcg.czt.zj.gov.cn/innerUsed_noticeDetails/index.html?noticeId=8949617
ZJXC-2022G071901,8933389,1,浙江师范大学附属中学信息技术学科专业教室和人工智能教室等设备,1730180,报价:1729997.00(元),杭州纳茵特科技有限公司,谢老师,11N470003513202210602,0571-88837274,https://zfcg.czt.zj.gov.cn/innerUsed_noticeDetails/index.html?noticeId=9036174
LYCG2022XJ024,8933430,1,龙游县塔石小学多功能厅改造设备,"200000,200000",报价:198922(元),龙游丰贝电子科技有限公司,超级机构管理员,11N79588751Q2022801,13906705202,https://zfcg.czt.zj.gov.cn/innerUsed_noticeDetails/index.html?noticeId=8984967
LYCG2022XJ024,8933430,2,龙游县塔石小学音乐美术教学空间设备,"200000,200000",报价:198922(元),龙游丰贝电子科技有限公司,超级机构管理员,11N79588751Q2022801,13906705202,https://zfcg.czt.zj.gov.cn/innerUsed_noticeDetails/index.html?noticeId=8984967
QTSFCG2022-137,8935807,1,青田县海口镇小学2022年新型教学空间－普通教室改造项目,410000,报价:407000(元),温州中信科教设备有限公司,金丽伟,11NE9658630X20222001,13588918829,https://zfcg.czt.zj.gov.cn/innerUsed_noticeDetails/index.html?noticeId=8974207
QTFSCG2022-138,8936700,1,青田县实验小学教育集团学士路校区普通教室改造,840000,最终报价:835000(元),浙江晓扬科技有限公司,廖肖平,11N47234149520221001,15381001640,https://zfcg.czt.zj.gov.cn/innerUsed_noticeDetails/index.html?noticeId=8982379
QTFSCG2022-147,8938505,1,普通教室新型教学空间项目,600000,最终报价:590000(元),浙江必简科技有限公司,洪飞华,11N47234137220221001,19858188871,https://zfcg.czt.zj.gov.cn/innerUsed_noticeDetails/index.html?noticeId=9011563
YH2022-08030,8940048,1,绍兴市中等专业学校商务英语语音教室建设项目（设备采购等）,621500,报价:619920.00(元),绍兴至臻教育科技有限公司,单萍萍,11N47132206520229407,18069628691,https://zfcg.czt.zj.gov.cn/innerUsed_noticeDetails/index.html?noticeId=8977759
浙安采字2022-024,8941118,1,湖州师范学院教师教育学院数码钢琴教室升级改造（货物部分）采购项目,650000,报价:640700(元),湖州深蓝电子有限公司,徐老师,11N471172503202210006,0572-2023348,https://zfcg.czt.zj.gov.cn/innerUsed_noticeDetails/index.html?noticeId=8975830
PYCG220831058,8941209,1,平阳县教育局学生计算机教室等设备,1210100,折扣率:98(%),平阳县水岸贸易有限公司,林老师,11N62500255K20226804,15858785855,https://zfcg.czt.zj.gov.cn/innerUsed_noticeDetails/index.html?noticeId=8954616
ZJZC-221191,8941548,1,宁波大学本部1号教学楼多媒体教室信息化整体改造项目,5363250,报价:5328800(元),浙江浙天通信工程有限公司,刁老师,11N41952910620228213,13857390097,https://zfcg.czt.zj.gov.cn/innerUsed_noticeDetails/index.html?noticeId=9054278
ZZCG2022X-GK-145,8892023,1,浙江工业大学多媒体教室新建及教室设备更新项目,1802470,投标总价:1795400.00(元),杭州威通科技有限公司,高剑,11N47000441X20229605,18858117750,https://zfcg.czt.zj.gov.cn/innerUsed_noticeDetails/index.html?noticeId=8924360
WZZF2022(ZC)-07-172（TP）,8892163,1,教室多媒体小平台,702000,报价:701500(元),浙江博诚信息技术有限公司,陈老师,11N45848276220222801,13958819168,https://zfcg.czt.zj.gov.cn/innerUsed_noticeDetails/index.html?noticeId=8902396
HYCG-2022-XJ07号,8892219,1,“空调进教室”采购项目,2872000,报价:2541002(元),宁波和盛环境工程有限公司,"牟先生(1),徐先生(2),周先生(3),吴先生(4),张先生(5),陈先生(6)",11N12942328B20223601,15968049259,https://zfcg.czt.zj.gov.cn/innerUsed_noticeDetails/index.html?noticeId=8964661
NBITC-202220176G-1,8893265,1,宁波市镇海区龙赛中学智慧教室建设项目,500000,投标总价:491096(元),中国联合网络通信有限公司宁波市分公司,胡老师,11N41956735620222801,15657476121,https://zfcg.czt.zj.gov.cn/innerUsed_noticeDetails/index.html?noticeId=8954323
LGDL2022224,8894028,1,龙港市2022年“温馨教室”工程学校新风采购,1592000,报价:1094500(元),安徽统达智慧科技有限公司,尤育隆,11NMB1D8065720227203,0577-62633505,https://zfcg.czt.zj.gov.cn/innerUsed_noticeDetails/index.html?noticeId=8953991
TY2022-HW142-ZFCG142,8895919,1,兰溪市曙光学校（兰溪市特殊教育指导中心）2022年资源教室设备采购项目,400000,报价:350016(元),杭州朴峰科技服务有限公司,盛国文,11N08290157320221201,13846044181,https://zfcg.czt.zj.gov.cn/innerUsed_noticeDetails/index.html?noticeId=8929532
CS-LY2022-020,8896270,1,实验小学“空调进教室”线路改造工程,1740583,报价:1450155(元),台州新绿地生态环境工程有限公司,黄老师,11N12942328B20223801,18057691988,https://zfcg.czt.zj.gov.cn/innerUsed_noticeDetails/index.html?noticeId=8944029
330282202207002706,8897733,1,教室桌椅柜,650000,报价:645720(元),浙江大风车教育装备有限公司,何辉,11NMB1J580922022401,18957435606,https://zfcg.czt.zj.gov.cn/innerUsed_noticeDetails/index.html?noticeId=8955031
LCZ2022-027,8897988,1,丽水市职工中等卫生学校教学项目（教师计算机、学生计算机教室、打印复印多功能一体机）项目,1535600,最终报价:1520080.00(元),丽水市云上信息科技有限公司,赵静浩,11N47231026920221802,18905885688,https://zfcg.czt.zj.gov.cn/innerUsed_noticeDetails/index.html?noticeId=8907643
WMU-2022960,8898246,1,沉浸式智慧教室建设,779500,报价:760000(元),上海卓越睿新数码科技股份有限公司,陈老师,11N47000591420228005,021-60248600,https://zfcg.czt.zj.gov.cn/innerUsed_noticeDetails/index.html?noticeId=8932756
ZJWS-GS202211G,8899853,1,阶梯教室改造配套设备,574700,报价:539000(元),宁波鼎骐物联科技有限公司,朱震,11N47000282820227601,15757854170,https://zfcg.czt.zj.gov.cn/innerUsed_noticeDetails/index.html?noticeId=8940132
ZJWS-GS202213G,8899854,1,多媒体教室改造,458500,报价:430580(元),宁波升维信息技术有限公司,朱震,11N47000282820227401,15356069582,https://zfcg.czt.zj.gov.cn/innerUsed_noticeDetails/index.html?noticeId=8935401
JD2022BJ-025,8900360,1,建德市新安江第二小学新安江第二小学创客、机器人、创意工坊等专用教室设施设备采购项目,999958,报价:989458(元),浙江建德市新华书店有限公司,朱玉泉,11N47048290520221401,0571-64735675,https://zfcg.czt.zj.gov.cn/innerUsed_noticeDetails/index.html?noticeId=8909145
TZYY-2208-002号,8902518,1,椒江区第二中学学生公寓烹饪教室、餐厅等改造工程,892347,最终报价:731725(元),浙江钱杭建设有限公司,王老师,11N4726310112022801,17369556639,https://zfcg.czt.zj.gov.cn/innerUsed_noticeDetails/index.html?noticeId=8927565
ZJZC-223247,8903160,1,多功能智慧教室（思齐楼10间）,"966800,633200",报价:949800(元),宁波拓固信息科技有限公司,钟老师,11N47000282820227603,0574-87419673,https://zfcg.czt.zj.gov.cn/innerUsed_noticeDetails/index.html?noticeId=8955485
ZJZC-223247,8903160,2,多功能智慧教室（思齐楼2间+博学楼2间）,"966800,633200",报价:949800(元),宁波拓固信息科技有限公司,钟老师,11N47000282820227402,13586538080,https://zfcg.czt.zj.gov.cn/innerUsed_noticeDetails/index.html?noticeId=8955487
ZJWS-GS202215G,8903484,1,宁海智慧教室改造,"/,/",报价:267500(元),宁波市甬立欣和信息系统工程有限公司,朱震,11N47000282820227403,0574-87419673,https://zfcg.czt.zj.gov.cn/innerUsed_noticeDetails/index.html?noticeId=8949818
ZJWS-GS202215G,8903484,2,明德楼智慧教室建设,"/,/",报价:267500(元),宁波市甬立欣和信息系统工程有限公司,朱震,11N47000282820227604,0574-87419673,https://zfcg.czt.zj.gov.cn/innerUsed_noticeDetails/index.html?noticeId=8946444
临[2022]907号,8903522,1,温州市龙湾区实验中学（龙江校区）专用功能教室设备,1880567,报价:1878000(元),浙江三和科教仪器有限公司,王志坚,11N79556117720221601,0577-67398602,https://zfcg.czt.zj.gov.cn/innerUsed_noticeDetails/index.html?noticeId=8957872
TZFD(2022)-1089号,8903773,1,台州职业技术学实训室、保时捷理论教室智慧化改造项目,"749420,181360",报价:745420(元),台州海晟信息技术有限公司,何向华,11N47258268620228804,15757391140,https://zfcg.czt.zj.gov.cn/innerUsed_noticeDetails/index.html?noticeId=8959472
ZJJY-20220623-01,8904285,1,研讨型智慧教室建设,700000,报价:698000(元),上海高瞩科技有限公司,汪瑶,11N47000621220229402,18360495888,https://zfcg.czt.zj.gov.cn/innerUsed_noticeDetails/index.html?noticeId=8992363
330282202207002799,8905329,1,教室智能灯光改造,529200,报价:521136(元),宁波市星耀智能科技有限公司,徐梦迪,11N41968814X20224401,18905847709,https://zfcg.czt.zj.gov.cn/innerUsed_noticeDetails/index.html?noticeId=8951195
ZZCG2022D-GK-145,8906605,1,浙江警察学院智慧教室及教室数字化改造项目,2609998,投标总价:2580157.22(元),杭州云颂科技有限公司,张辉,11N47006501X20226001,15267169788,https://zfcg.czt.zj.gov.cn/innerUsed_noticeDetails/index.html?noticeId=8978285
CTZB-2022080236,8907172,1,浙江特殊教育职业学院第二报告厅和117阶梯教室装修升级改造-2,311899,报价:277000(元),荣高建设有限公司,朱金锋,11N70000419Q20226402,13905719455,https://zfcg.czt.zj.gov.cn/innerUsed_noticeDetails/index.html?noticeId=8952867
OBJC-20220113,8908676,1,浙江警察学院舞蹈美育教室改造工程,849587,最终报价:645800(元),中顺鼎泰建设（杭州）有限公司,司老师,11N47006501X20226201,13777569190,https://zfcg.czt.zj.gov.cn/innerUsed_noticeDetails/index.html?noticeId=8991043
QTCG-GK-2022-218,8908744,1,专用教室设施设备,1967535,最终报价:1949807(元),浙江十德教育设备有限公司,陶老师,11NMB1J6781020224803,15088656459,https://zfcg.czt.zj.gov.cn/innerUsed_noticeDetails/index.html?noticeId=8926743
JD2022BJ-018,8909550,1,建德市教育发展服务中心建德市中小学幼儿园教室多媒体项目,7897310,报价:7649920.00(元),杭州晓雷科技有限公司,郭勤红,11N47048310720221401,0571-56891266,https://zfcg.czt.zj.gov.cn/innerUsed_noticeDetails/index.html?noticeId=8936657
BSZB2022-BZZC169-1,8910104,1,浙江交通职业技术学院第三教学楼AB区智慧教室空调线路安装工程项目,246222,磋商报价:201800(元),杭州兴宇建设有限公司,陈老师,11N47004026920227404,18106529278,https://zfcg.czt.zj.gov.cn/innerUsed_noticeDetails/index.html?noticeId=8921536
HCZX-2022072001,8910497,1,温州市中等幼儿师范学校智慧教室及录制教学课堂设备,489000,报价:488490(元),温州技凯贸易有限公司,林先生,11N54200761220224002,18267776108,https://zfcg.czt.zj.gov.cn/innerUsed_noticeDetails/index.html?noticeId=8982389
CAZFCGGK2022-19号,8912329,1,淳安县教育局2022年薄改项目普通教室提升,610000,报价:596600(元),浙江教育用品发展有限公司,余德祥,11N00251214920225805,0571-87299655,https://zfcg.czt.zj.gov.cn/innerUsed_noticeDetails/index.html?noticeId=8926812
SXDC2022-04-15-2,8912849,1,绍兴市公安局视频电教室采购项目（第三次）,936599,报价:720000(元),浙江智神科技股份有限公司,杜工,11N02577508j20227832,13757591188,https://zfcg.czt.zj.gov.cn/innerUsed_noticeDetails/index.html?noticeId=9010535
ZJ-2241776,8878456,1,浙江工业大学多媒体教室耗材,187750,投标报价:182440(元),杭州慧荣电子有限公司,教师教学发展中心高老师,11N47000441X20229266,0571-56779839,https://zfcg.czt.zj.gov.cn/innerUsed_noticeDetails/index.html?noticeId=8922979
ZJXSJ2022145,8879381,1,衢州市柯城区书院幼儿园及地下室公共停车场建设项目-专用教室家具、户外玩具采购项目,1956507,报价:1896710.00(元),杭州美诉文化科技有限公司,郑老师,11NMB177036520221001,13757121318,https://zfcg.czt.zj.gov.cn/innerUsed_noticeDetails/index.html?noticeId=8897375
ZJZC-221202,8879419,1,宁波大学叶耀珍教学楼多媒体教室升级改造项目,4345200,报价:4296680.00(元),宁波博学易知信息科技有限公司,刁老师,11N41952910620226648,0574-87349301,https://zfcg.czt.zj.gov.cn/innerUsed_noticeDetails/index.html?noticeId=8927452
CAZFCGGK2022-17号,8880613,1,淳安县教育局2022年中小学教室多媒体项目,1480000,报价:1032439(元),浙江省邮电工程建设有限公司,余德祥,11N00251214920225009,15325813129,https://zfcg.czt.zj.gov.cn/innerUsed_noticeDetails/index.html?noticeId=8900017
HZZY-GK-2022-001,8881486,1,浙江省杭州高级中学全智能护眼教室照明改造项目,935000,报价:835011.00(元),浙江环艺电力照明工程技术有限公司,高老师,11N47010340X20225001,0571-88834088,https://zfcg.czt.zj.gov.cn/innerUsed_noticeDetails/index.html?noticeId=8910814
LCZ2022-024,8883385,1,丽水市莲都区城西学校（初中部）专用教室教学设备项目,4209846,最终报价:4080786.00(元),浙江省邮电工程建设有限公司,冯明敏,11N47226090020222001,15325813129,https://zfcg.czt.zj.gov.cn/innerUsed_noticeDetails/index.html?noticeId=8928982
浙金丽招2022059号,8883412,1,松阳县第一中学松阳县第一中学智慧平板教室采购项目,784400,报价:772000(元),杭州施强教育科技有限公司,叶先生,11N47252099520223001,13857178211,https://zfcg.czt.zj.gov.cn/innerUsed_noticeDetails/index.html?noticeId=8916530
CAZFCGGK2022-18号,8883663,1,淳安县教育局2022年中小学计算机教室和办公电脑项目,3350000,报价:2954710(元),淳安县四通电脑科技有限公司,余德祥,11N00251214920225402,13906819272,https://zfcg.czt.zj.gov.cn/innerUsed_noticeDetails/index.html?noticeId=8897373
dscg-lx[2022]824号-116,8883940,1,2022年兰溪市中小学普通教室智能黑板项目,2500000,报价:2474990(元),浙江新远方信息产业发展有限公司,项林兵,11N78643188020221001,0571-88994664,https://zfcg.czt.zj.gov.cn/innerUsed_noticeDetails/index.html?noticeId=8922671
LCZ2022-025,8886110,1,丽中莲城书院新建工程教学及办公设备项目（专用教室教学设备）项目,3299504,最终报价:2868587.33(元),浙江丽水市新华书店有限公司,冯明敏,,,
HZTC-(Z)2022010,8887284,1,井安小学校园文化建设工程（特殊教育教室、卫生室、资源中心）,830000,报价:801000(元),浙江宇翔建筑装饰工程有限公司,张老师,11NMB1F067582022401,0572-2860538,https://zfcg.czt.zj.gov.cn/innerUsed_noticeDetails/index.html?noticeId=8911636
CGSHZJ-2022-N000717,8888581,1,绍兴文理学院多媒体教室改造项目,5064720,报价:4917670(元),中广（绍兴）有线信息网络有限公司,聂玉冰,11N47132200620229601,13857591367,https://zfcg.czt.zj.gov.cn/innerUsed_noticeDetails/index.html?noticeId=8980033
NBITC-202252021G,8889055,1,教学设施设备提升-智慧教室设备,1109800,投标报价:1105000.00(元),杭州威通科技有限公司,李军,11N47000472720229811,18858117750,https://zfcg.czt.zj.gov.cn/innerUsed_noticeDetails/index.html?noticeId=8958041
NBITC-202252022G,8889124,1,教学设施提升-99间教室教学设施更新,2152500,投标报价:2076555.00(元),浙江畅想信息科技有限公司,李军,11N47000472720229812,18967200509,https://zfcg.czt.zj.gov.cn/innerUsed_noticeDetails/index.html?noticeId=8959032
NBITC-202252023G,8889158,1,教学设施设备提升-智慧教室课桌椅,464900,投标报价:339480.00(元),杭州威通科技有限公司,李军,11N47000472720229611,18858117750,https://zfcg.czt.zj.gov.cn/innerUsed_noticeDetails/index.html?noticeId=8987447
Z-GB202207210159,8889725,1,2022年永嘉县明眸皓齿工程中小学教室交互式多媒体改造,8060000,报价:6066000(元),浙江网新图灵电子有限公司,汤老师,11N7345179812022601,18805771861,https://zfcg.czt.zj.gov.cn/innerUsed_noticeDetails/index.html?noticeId=8906324
CTZB-2022070526,8891742,1,浙江特殊教育职业学院第二报告厅和117阶梯教室专业音视频多媒体系统升级改造设备项目,1013000,报价:1007000(元),浙江哈谷科技有限公司,朱金锋,11N70000419Q20225802,13675858461,https://zfcg.czt.zj.gov.cn/innerUsed_noticeDetails/index.html?noticeId=8937657
