项目编号,notice_id,采购日期,截止日期,预算金额,标项_count,URL
YH2021-11041,8514386,2021-11-24,2021年12月15日14:00,"214000,262000",2,https://zfcg.czt.zj.gov.cn/innerUsed_noticeDetails/index.html?noticeId=8411080
QTFSCG2021-140-1,8516874,2021-12-31,,685924,1,https://zfcg.czt.zj.gov.cn/innerUsed_noticeDetails/index.html?noticeId=8506180
YH2021-11040,8517787,2021-11-24,2021年12月15日09:00,"410000,410000",2,https://zfcg.czt.zj.gov.cn/innerUsed_noticeDetails/index.html?noticeId=8411062
绍柯采[2021]5303号,8525052,2021-12-27,2022年01月20日09:30,3100000,1,https://zfcg.czt.zj.gov.cn/innerUsed_noticeDetails/index.html?noticeId=8499006
HCTZ-2022-0001,8528317,2022-01-13,,427452,1,https://zfcg.czt.zj.gov.cn/innerUsed_noticeDetails/index.html?noticeId=8518009
HQZB-PYCG-2022011402,8531070,2022-01-14,,2240000,1,https://zfcg.czt.zj.gov.cn/innerUsed_noticeDetails/index.html?noticeId=8520095
OBANG2021-FW032-ZFCG0323-2,8533140,2022-01-06,2022年01月27日09:00,3000000,1,https://zfcg.czt.zj.gov.cn/innerUsed_noticeDetails/index.html?noticeId=8511521
HZJS2022-001,8533173,2022-01-17,,600000,1,https://zfcg.czt.zj.gov.cn/innerUsed_noticeDetails/index.html?noticeId=8521166
RTZFCG-2022-001,8712832,2022-05-07,2022年05月27日10:00,710000,1,https://zfcg.czt.zj.gov.cn/innerUsed_noticeDetails/index.html?noticeId=8669084
YJZFCG2022-074,8715537,2022-05-07,2022年05月30日13:30,900000,1,https://zfcg.czt.zj.gov.cn/innerUsed_noticeDetails/index.html?noticeId=8670023
BSZB2022-BZZC073,8718242,2022-05-19,,885462,1,https://zfcg.czt.zj.gov.cn/innerUsed_noticeDetails/index.html?noticeId=8695809
DTCG20220510032,8718901,2022-05-10,2022年05月31日09:30,458014,1,https://zfcg.czt.zj.gov.cn/innerUsed_noticeDetails/index.html?noticeId=8675339
绍柯采[2022]1332号,8720274,2022-05-09,2022年05月31日09:30,3000000,1,https://zfcg.czt.zj.gov.cn/innerUsed_noticeDetails/index.html?noticeId=8671558
HZHC-2022(D)004,8720715,2022-05-20,,3000000,1,https://zfcg.czt.zj.gov.cn/innerUsed_noticeDetails/index.html?noticeId=8698533
ZJYGZF[2022]031号,8721673,2022-05-09,2022年05月31日09:30,3000000,1,https://zfcg.czt.zj.gov.cn/innerUsed_noticeDetails/index.html?noticeId=8671535
DQZFCG-2022-G08,8723612,2022-05-05,2022年06月02日09:00,700000,1,https://zfcg.czt.zj.gov.cn/innerUsed_noticeDetails/index.html?noticeId=8662886
LYTSZC2022-037,8725510,2022-05-09,2022年06月02日09:30,2620000,1,https://zfcg.czt.zj.gov.cn/innerUsed_noticeDetails/index.html?noticeId=8671352
HBZFCG-2022-016,8725805,2022-05-13,2022年06月02日09:30,700000,1,https://zfcg.czt.zj.gov.cn/innerUsed_noticeDetails/index.html?noticeId=8683117
ZJJY2022-029,8727550,2022-05-19,,1750000,1,https://zfcg.czt.zj.gov.cn/innerUsed_noticeDetails/index.html?noticeId=8695297
HJZCD-2022-018,8727643,2022-05-12,2022年06月02日09:00,950000,1,https://zfcg.czt.zj.gov.cn/innerUsed_noticeDetails/index.html?noticeId=8679978
CTZB-2022040531,8732583,2022-05-27,,707002,1,https://zfcg.czt.zj.gov.cn/innerUsed_noticeDetails/index.html?noticeId=8713438
WLCG-2022-06-GK,8733680,2022-05-16,2022年06月07日09:00,5496000,1,https://zfcg.czt.zj.gov.cn/innerUsed_noticeDetails/index.html?noticeId=8685711
ZJ-2261027,8734397,2022-05-25,,990000,1,https://zfcg.czt.zj.gov.cn/innerUsed_noticeDetails/index.html?noticeId=8707883
SXPZ-H20220509CKY,8735775,2022-05-09,2022年05月31日09:30,1261449,1,https://zfcg.czt.zj.gov.cn/innerUsed_noticeDetails/index.html?noticeId=8672865
WMU-2022924,8738117,2022-05-19,2022年06月09日09:30,700000,1,https://zfcg.czt.zj.gov.cn/innerUsed_noticeDetails/index.html?noticeId=8695366
ZJ-2240714,8738901,2022-05-18,2022年06月08日09:00,318000,1,https://zfcg.czt.zj.gov.cn/innerUsed_noticeDetails/index.html?noticeId=8692816
NBJX2022084G,8739462,2022-05-18,2022年06月09日14:00,400000,1,https://zfcg.czt.zj.gov.cn/innerUsed_noticeDetails/index.html?noticeId=8691841
ZJ-2270456-02,8741642,2022-05-30,,206000,1,https://zfcg.czt.zj.gov.cn/innerUsed_noticeDetails/index.html?noticeId=8716960
LYJY2022024,8660746,2022-04-08,2022年04月29日09:30,1375000,1,https://zfcg.czt.zj.gov.cn/innerUsed_noticeDetails/index.html?noticeId=8619519
LYCG2022GK006,8663281,2022-04-13,2022年05月05日14:30,300000,1,https://zfcg.czt.zj.gov.cn/innerUsed_noticeDetails/index.html?noticeId=8625088
HJZCD-2022-010,8665578,2022-04-15,2022年05月06日09:00,1300000,1,https://zfcg.czt.zj.gov.cn/innerUsed_noticeDetails/index.html?noticeId=8630932
CBNB-20223078G磋,8666316,2022-04-24,,1825000,1,https://zfcg.czt.zj.gov.cn/innerUsed_noticeDetails/index.html?noticeId=8647393
CBNB-20226144G,8669370,2022-04-13,2022年05月07日09:00,1198050,1,https://zfcg.czt.zj.gov.cn/innerUsed_noticeDetails/index.html?noticeId=8626732
HYHZ2022-41（湖财采确临【2022】1632号）,8672005,2022-04-13,2022年05月07日14:00,1920000,1,https://zfcg.czt.zj.gov.cn/innerUsed_noticeDetails/index.html?noticeId=8625394
NBJX2022062G,8676663,2022-04-19,2022年05月10日14:00,420000,1,https://zfcg.czt.zj.gov.cn/innerUsed_noticeDetails/index.html?noticeId=8635839
QSZB-Z(G)-C22102(CS),8677127,2022-04-27,,600000,1,https://zfcg.czt.zj.gov.cn/innerUsed_noticeDetails/index.html?noticeId=8654490
HZCPM-2022-0402,8681785,2022-04-20,2022年05月12日09:00,2050730,1,https://zfcg.czt.zj.gov.cn/innerUsed_noticeDetails/index.html?noticeId=8639862
ZJJY-20211227-03,8683868,2022-04-20,2022年05月11日09:30,700000,1,https://zfcg.czt.zj.gov.cn/innerUsed_noticeDetails/index.html?noticeId=8639358
QSZB-Z(F)-B22082(GK),8686269,2022-04-21,2022年05月12日09:00,"200000,200000",2,https://zfcg.czt.zj.gov.cn/innerUsed_noticeDetails/index.html?noticeId=8641284
ZJJYZB-2022-ZC07,8686524,2022-04-25,2022年05月16日09:00,700000,1,https://zfcg.czt.zj.gov.cn/innerUsed_noticeDetails/index.html?noticeId=8649145
ZJXSJ2022043,8686733,2022-04-25,2022年05月16日14:00,1455951,1,https://zfcg.czt.zj.gov.cn/innerUsed_noticeDetails/index.html?noticeId=8649722
ZJXSJ2022049,8686736,2022-04-26,2022年05月16日09:30,653512,1,https://zfcg.czt.zj.gov.cn/innerUsed_noticeDetails/index.html?noticeId=8651196
XSCL2022-ZCY005,8688062,2022-04-25,2022年05月16日13:00,500000,1,https://zfcg.czt.zj.gov.cn/innerUsed_noticeDetails/index.html?noticeId=8649410
YH-ZFCG-2022-006,8688448,2022-04-26,2022年05月17日09:00,1179864,1,https://zfcg.czt.zj.gov.cn/innerUsed_noticeDetails/index.html?noticeId=8652296
ZB2022011a,8690992,2022-04-26,2022年05月18日09:00,250828,1,https://zfcg.czt.zj.gov.cn/innerUsed_noticeDetails/index.html?noticeId=8649962
JHCG2022G-009,8694444,2022-04-29,2022年05月19日09:00,550100,1,https://zfcg.czt.zj.gov.cn/innerUsed_noticeDetails/index.html?noticeId=8658279
ZJXL-HSZ-202202,8695068,2022-04-26,2022年05月17日14:00,1290000,1,https://zfcg.czt.zj.gov.cn/innerUsed_noticeDetails/index.html?noticeId=8652370
HCCG2021-106,8696087,2022-04-29,2022年05月19日09:00,1030000,1,https://zfcg.czt.zj.gov.cn/innerUsed_noticeDetails/index.html?noticeId=8658205
HCCG2022-107,8696088,2022-04-29,2022年05月19日13:30,5370000,1,https://zfcg.czt.zj.gov.cn/innerUsed_noticeDetails/index.html?noticeId=8658199
ZJZX-HZZGH-2022001,8697981,2022-04-27,2022年05月20日09:00,2310000,1,https://zfcg.czt.zj.gov.cn/innerUsed_noticeDetails/index.html?noticeId=8654535
xzcg-2022-036（招）,8699622,2022-04-29,2022年05月19日14:00,"/,/",2,https://zfcg.czt.zj.gov.cn/innerUsed_noticeDetails/index.html?noticeId=8658036
ZHJS（ZC)-2022-006,8700812,2022-04-29,2022年05月19日10:00,2364039,1,https://zfcg.czt.zj.gov.cn/innerUsed_noticeDetails/index.html?noticeId=8659454
JJWL22030142,8702343,2022-04-24,2022年05月20日09:00,"6768720,6695280",2,https://zfcg.czt.zj.gov.cn/innerUsed_noticeDetails/index.html?noticeId=8647156
HXZFCG2022-GK-001,8704475,2022-04-24,2022年05月16日10:00,1100000,1,https://zfcg.czt.zj.gov.cn/innerUsed_noticeDetails/index.html?noticeId=8646818
HZZFCG-2022-037,8621809,2022-03-18,2022年04月11日09:30,1314600,1,https://zfcg.czt.zj.gov.cn/innerUsed_noticeDetails/index.html?noticeId=8586246
YH-ZFCG-2022-001,8623258,2022-03-23,2022年04月12日09:00,818202,1,https://zfcg.czt.zj.gov.cn/innerUsed_noticeDetails/index.html?noticeId=8591075
0625-22218164,8625318,2022-03-23,2022年04月12日14:00,705740,1,https://zfcg.czt.zj.gov.cn/innerUsed_noticeDetails/index.html?noticeId=8592677
ZJZC-227016,8626136,2022-03-18,2022年04月12日14:00,1700000,1,https://zfcg.czt.zj.gov.cn/innerUsed_noticeDetails/index.html?noticeId=8586282
ZJJY-20220301,8626290,2022-03-24,2022年04月13日09:30,2071603,1,https://zfcg.czt.zj.gov.cn/innerUsed_noticeDetails/index.html?noticeId=8593577
DTCG20220324024,8627849,2022-03-24,2022年04月14日09:30,440000,1,https://zfcg.czt.zj.gov.cn/innerUsed_noticeDetails/index.html?noticeId=8593893
2022HCDL031,8631408,2022-03-23,,776863,1,https://zfcg.czt.zj.gov.cn/innerUsed_noticeDetails/index.html?noticeId=8592231
HCCG2022-102,8631990,2022-03-25,2022年04月15日13:00,4352912,1,https://zfcg.czt.zj.gov.cn/innerUsed_noticeDetails/index.html?noticeId=8597400
HCCG2022-104,8634107,2022-03-28,2022年04月18日13:00,3770000,1,https://zfcg.czt.zj.gov.cn/innerUsed_noticeDetails/index.html?noticeId=8598078
ZJ-2240704,8636586,2022-04-08,,1950000,1,https://zfcg.czt.zj.gov.cn/innerUsed_noticeDetails/index.html?noticeId=8619547
CTZB-2022030170,8641150,2022-03-31,2022年04月20日09:30,3000000,1,https://zfcg.czt.zj.gov.cn/innerUsed_noticeDetails/index.html?noticeId=8606199
ZJJY-20220302,8641158,2022-04-01,2022年04月21日09:30,1260413,1,https://zfcg.czt.zj.gov.cn/innerUsed_noticeDetails/index.html?noticeId=8607433
RTZFCG-2022-015,8643858,2022-03-31,2022年04月22日10:00,4600000,1,https://zfcg.czt.zj.gov.cn/innerUsed_noticeDetails/index.html?noticeId=8606665
0625-22215137（重新招标）,8645077,2022-04-01,2022年04月21日13:30,299150,1,https://zfcg.czt.zj.gov.cn/innerUsed_noticeDetails/index.html?noticeId=8609335
HZZFCG-2022-053,8646701,2022-04-01,2022年04月22日10:00,1330000,1,https://zfcg.czt.zj.gov.cn/innerUsed_noticeDetails/index.html?noticeId=8608711
湖财采确临[2022]2072号,8647885,2022-04-02,2022年04月22日09:30,3300000,1,https://zfcg.czt.zj.gov.cn/innerUsed_noticeDetails/index.html?noticeId=8610397
HYZFCG-2022-005,8649413,2022-03-31,2022年04月24日13:00,5030000,1,https://zfcg.czt.zj.gov.cn/innerUsed_noticeDetails/index.html?noticeId=8606841
CTZB-2022040096,8650953,2022-04-12,,222525,1,https://zfcg.czt.zj.gov.cn/innerUsed_noticeDetails/index.html?noticeId=8623347
0625-22217326,8660431,2022-04-19,,1730000,1,https://zfcg.czt.zj.gov.cn/innerUsed_noticeDetails/index.html?noticeId=8637498
JHCG2021C-055-C01,8534369,2022-01-07,2022年01月28日09:30,1267954,1,https://zfcg.czt.zj.gov.cn/innerUsed_noticeDetails/index.html?noticeId=8512833
绍柯采[2021]5318号,8544108,2022-01-19,2022年02月15日09:30,3650000,1,https://zfcg.czt.zj.gov.cn/innerUsed_noticeDetails/index.html?noticeId=8523893
HJZCD-2022-001,8544878,2022-01-24,2022年02月14日09:00,2700000,1,https://zfcg.czt.zj.gov.cn/innerUsed_noticeDetails/index.html?noticeId=8528454
JHHX2022-HW01022-ZFCG03,8549679,2022-01-27,2022年02月21日09:00,"1770000,1400000",2,https://zfcg.czt.zj.gov.cn/innerUsed_noticeDetails/index.html?noticeId=8533128
绍柯采[2021]5414号,8552819,2022-01-27,2022年02月23日09:30,"370000,370000",2,https://zfcg.czt.zj.gov.cn/innerUsed_noticeDetails/index.html?noticeId=8532527
GTXJ（采购）-21201,8555209,2022-01-28,2022年02月23日09:00,799154,1,https://zfcg.czt.zj.gov.cn/innerUsed_noticeDetails/index.html?noticeId=8534522
信源采招[2022]第5001号,8556102,2022-01-29,2022年02月25日09:30,1100000,1,https://zfcg.czt.zj.gov.cn/innerUsed_noticeDetails/index.html?noticeId=8535830
HZJT-2022002,8559667,2022-02-08,2022年02月28日13:30,3400000,1,https://zfcg.czt.zj.gov.cn/innerUsed_noticeDetails/index.html?noticeId=8537524
ZJMY(采)2021333,8561401,2022-02-08,2022年03月01日13:30,3800000,1,https://zfcg.czt.zj.gov.cn/innerUsed_noticeDetails/index.html?noticeId=8537743
ZJMY(采)2021332,8567154,2022-02-08,2022年03月01日09:30,1250000,1,https://zfcg.czt.zj.gov.cn/innerUsed_noticeDetails/index.html?noticeId=8537745
LYCG2022XJ002,8568736,2022-03-03,,339118,1,https://zfcg.czt.zj.gov.cn/innerUsed_noticeDetails/index.html?noticeId=8563889
ZJWS2022-HYSSXX01,8571507,2022-02-17,2022年03月09日14:00,518000,1,https://zfcg.czt.zj.gov.cn/innerUsed_noticeDetails/index.html?noticeId=8546364
JHHX2022-HW02032-ZFCG07,8572180,2022-02-16,2022年03月09日09:00,1750320,1,https://zfcg.czt.zj.gov.cn/innerUsed_noticeDetails/index.html?noticeId=8544729
JHHX2022-HW01022-ZFCG03-CZ01,8581210,2022-02-22,2022年03月16日09:00,1400000,1,https://zfcg.czt.zj.gov.cn/innerUsed_noticeDetails/index.html?noticeId=8550523
WZZF2022(ZC)-02-016（CS）,8581556,2022-03-04,,756860,1,https://zfcg.czt.zj.gov.cn/innerUsed_noticeDetails/index.html?noticeId=8564341
JHHX2022-HW01023-ZFCG04,8587909,2022-02-14,2022年03月07日09:00,1290000,1,https://zfcg.czt.zj.gov.cn/innerUsed_noticeDetails/index.html?noticeId=8542356
CGZX（CS）-2022-002,8596590,2022-03-14,,690000,1,https://zfcg.czt.zj.gov.cn/innerUsed_noticeDetails/index.html?noticeId=8577364
云志正招2022010号,8604746,2022-03-07,2022年03月29日09:00,416780,1,https://zfcg.czt.zj.gov.cn/innerUsed_noticeDetails/index.html?noticeId=8568453
信源采招[2022]第5002号,8609687,2022-03-11,2022年04月01日09:30,3100000,1,https://zfcg.czt.zj.gov.cn/innerUsed_noticeDetails/index.html?noticeId=8575786
ZJZBC-GK-22-9009,8610129,2022-03-11,2022年04月01日14:00,750000,1,https://zfcg.czt.zj.gov.cn/innerUsed_noticeDetails/index.html?noticeId=8576057
YH-ZFCG-2022-004,8610513,2022-03-22,,466028,1,https://zfcg.czt.zj.gov.cn/innerUsed_noticeDetails/index.html?noticeId=8590518
浙亿云采2022-024号,8612235,2022-03-29,,630000,1,https://zfcg.czt.zj.gov.cn/innerUsed_noticeDetails/index.html?noticeId=8602216
HZZFCG-2022-016,8613946,2022-03-15,2022年04月06日10:00,1630000,1,https://zfcg.czt.zj.gov.cn/innerUsed_noticeDetails/index.html?noticeId=8579987
云五石招2022002号,8613988,2022-03-29,,850000,1,https://zfcg.czt.zj.gov.cn/innerUsed_noticeDetails/index.html?noticeId=8602014
RTZFCG-2022-018-1,8616019,2022-03-16,2022年04月07日10:00,650000,1,https://zfcg.czt.zj.gov.cn/innerUsed_noticeDetails/index.html?noticeId=8580261
JHHX2022-HW03072-ZFCG23,8616933,2022-03-24,,2184000,1,https://zfcg.czt.zj.gov.cn/innerUsed_noticeDetails/index.html?noticeId=8593430
HZZFCG-2022-038,8621660,2022-03-18,2022年04月11日10:00,1368450,1,https://zfcg.czt.zj.gov.cn/innerUsed_noticeDetails/index.html?noticeId=8586243
JSCG2022021(G),8795603,2022-06-11,2022年07月01日09:30,2400000,1,https://zfcg.czt.zj.gov.cn/innerUsed_noticeDetails/index.html?noticeId=8742518
CXZFCG[2022]1136号,8795817,2022-06-07,2022年07月01日09:30,"990000,400000",2,https://zfcg.czt.zj.gov.cn/innerUsed_noticeDetails/index.html?noticeId=8731919
WZZF2022(ZC)-05-099（CS）,8796096,2022-06-20,,3535000,1,https://zfcg.czt.zj.gov.cn/innerUsed_noticeDetails/index.html?noticeId=8761109
AJJXGK2022-014B,8797480,2022-06-10,2022年07月01日14:00,850000,1,https://zfcg.czt.zj.gov.cn/innerUsed_noticeDetails/index.html?noticeId=8741135
0625-22217709-1,8797672,2022-06-21,,150000,1,https://zfcg.czt.zj.gov.cn/innerUsed_noticeDetails/index.html?noticeId=8763166
LYCG2022GK013,8798116,2022-06-14,2022年07月04日09:00,300000,1,https://zfcg.czt.zj.gov.cn/innerUsed_noticeDetails/index.html?noticeId=8748441
DL[2022]088,8798722,2022-06-17,,799819,1,https://zfcg.czt.zj.gov.cn/innerUsed_noticeDetails/index.html?noticeId=8757678
CGZX（CS）-2022-013,8798915,2022-06-21,,1050000,1,https://zfcg.czt.zj.gov.cn/innerUsed_noticeDetails/index.html?noticeId=8763737
YG2022-FW4226-ZFCG109（202205187）,8798922,2022-06-09,2022年07月04日09:30,2208420,1,https://zfcg.czt.zj.gov.cn/innerUsed_noticeDetails/index.html?noticeId=8737663
ZJWS-GS202212G,8800626,2022-06-13,2022年07月04日14:00,216000,1,https://zfcg.czt.zj.gov.cn/innerUsed_noticeDetails/index.html?noticeId=8745431
4017112022009-CJCG22026,8803134,2022-06-15,2022年07月05日09:00,963000,1,https://zfcg.czt.zj.gov.cn/innerUsed_noticeDetails/index.html?noticeId=8751527
Z-GBLC20220530002,8803157,2022-06-14,2022年07月05日09:30,"/,/",2,https://zfcg.czt.zj.gov.cn/innerUsed_noticeDetails/index.html?noticeId=8747405
建湖【2022】采040号（重招）,8803527,2022-06-23,,1059145,1,https://zfcg.czt.zj.gov.cn/innerUsed_noticeDetails/index.html?noticeId=8772128
临[2022]1451号,8804145,2022-06-15,2022年07月05日09:30,2300000,1,https://zfcg.czt.zj.gov.cn/innerUsed_noticeDetails/index.html?noticeId=8750412
QSZB-Z(G)-C22203(CS),8805470,2022-06-23,,2800000,1,https://zfcg.czt.zj.gov.cn/innerUsed_noticeDetails/index.html?noticeId=8773407
HZSYCG2022-030,8805937,2022-06-14,2022年07月06日14:00,1450000,1,https://zfcg.czt.zj.gov.cn/innerUsed_noticeDetails/index.html?noticeId=8745915
HJZCD-2022-030,8806764,2022-06-15,2022年07月06日09:00,"738500,600000",2,https://zfcg.czt.zj.gov.cn/innerUsed_noticeDetails/index.html?noticeId=8751613
DJG202206,8806777,2022-06-15,2022年07月05日09:00,855295,1,https://zfcg.czt.zj.gov.cn/innerUsed_noticeDetails/index.html?noticeId=8751995
NBDT-20220601,8806846,2022-06-16,2022年07月07日09:00,409920,1,https://zfcg.czt.zj.gov.cn/innerUsed_noticeDetails/index.html?noticeId=8753813
ZRZJZFCG2022-001,8807365,2022-06-06,2022年06月27日09:30,1300000,1,https://zfcg.czt.zj.gov.cn/innerUsed_noticeDetails/index.html?noticeId=8727862
ZJCT6-HQZ2022-06,8808231,2022-06-17,2022年07月07日09:30,880000,1,https://zfcg.czt.zj.gov.cn/innerUsed_noticeDetails/index.html?noticeId=8757602
HZGZ2022-23,8808379,2022-06-14,2022年07月07日09:00,2150000,1,https://zfcg.czt.zj.gov.cn/innerUsed_noticeDetails/index.html?noticeId=8748220
Z-GB20220615006,8808686,2022-06-15,2022年07月07日09:30,"5950000,2660000",2,https://zfcg.czt.zj.gov.cn/innerUsed_noticeDetails/index.html?noticeId=8751152
WCCG-2022-06,8808921,2022-06-24,,2650000,1,https://zfcg.czt.zj.gov.cn/innerUsed_noticeDetails/index.html?noticeId=8776245
浙亿云采2022-034号,8809254,2022-07-04,,200000,1,https://zfcg.czt.zj.gov.cn/innerUsed_noticeDetails/index.html?noticeId=8797505
ZB2022047,8809339,2022-06-17,2022年07月08日09:00,294000,1,https://zfcg.czt.zj.gov.cn/innerUsed_noticeDetails/index.html?noticeId=8757963
ZHJS（ZC)-2022-008,8809965,2022-06-17,2022年07月08日10:00,569452,1,https://zfcg.czt.zj.gov.cn/innerUsed_noticeDetails/index.html?noticeId=8755966
JHCG2022C-017,8810151,2022-05-23,2022年06月14日09:30,1860000,1,https://zfcg.czt.zj.gov.cn/innerUsed_noticeDetails/index.html?noticeId=8701816
YH2022-05003-2,8811186,2022-06-17,2022年07月07日14:00,"361418,435582",2,https://zfcg.czt.zj.gov.cn/innerUsed_noticeDetails/index.html?noticeId=8757763
龙政采F2022-47G18,8812258,2022-06-17,2022年07月08日09:30,17158300000,1,https://zfcg.czt.zj.gov.cn/innerUsed_noticeDetails/index.html?noticeId=8758449
信源采招[2022]第5006号,8813362,2022-06-16,2022年07月08日09:00,1500000,1,https://zfcg.czt.zj.gov.cn/innerUsed_noticeDetails/index.html?noticeId=8753886
HZJZCG-2022(006),8813399,2022-06-28,,927500,1,https://zfcg.czt.zj.gov.cn/innerUsed_noticeDetails/index.html?noticeId=8784169
xzcg-2022-038(招),8769281,2022-06-02,2022年06月22日09:00,600000,1,https://zfcg.czt.zj.gov.cn/innerUsed_noticeDetails/index.html?noticeId=8725400
JACG2022006,8771306,2022-06-02,2022年06月23日09:30,435000,1,https://zfcg.czt.zj.gov.cn/innerUsed_noticeDetails/index.html?noticeId=8724581
HJZCD-2022-023,8771970,2022-06-02,2022年06月23日09:00,660000,1,https://zfcg.czt.zj.gov.cn/innerUsed_noticeDetails/index.html?noticeId=8724611
浙亿云采2022-035号（第二次）,8772107,2022-06-17,,1060000,1,https://zfcg.czt.zj.gov.cn/innerUsed_noticeDetails/index.html?noticeId=8756719
HZHQ-WZJY-202201,8772276,2022-06-01,2022年06月22日09:30,"3052000,374000",2,https://zfcg.czt.zj.gov.cn/innerUsed_noticeDetails/index.html?noticeId=8722696
HXCG-ZF-2022-022B,8773394,2022-06-02,2022年06月23日09:00,800000,1,https://zfcg.czt.zj.gov.cn/innerUsed_noticeDetails/index.html?noticeId=8725060
HNCG2022038,8773628,2022-05-27,2022年06月17日09:30,"/,/,/",3,https://zfcg.czt.zj.gov.cn/innerUsed_noticeDetails/index.html?noticeId=8712522
GSZFCG-2022-004,8774941,2022-05-19,2022年06月08日10:30,7081500,1,https://zfcg.czt.zj.gov.cn/innerUsed_noticeDetails/index.html?noticeId=8694927
HZY2022013,8776581,2022-06-01,2022年06月23日09:30,1208000,1,https://zfcg.czt.zj.gov.cn/innerUsed_noticeDetails/index.html?noticeId=8722274
杭政采分-2022-01190,8777121,2022-06-11,,1103732.83,1,https://zfcg.czt.zj.gov.cn/innerUsed_noticeDetails/index.html?noticeId=8742510
JSCG2022018(G),8777194,2022-06-02,2022年06月24日09:30,2088488,1,https://zfcg.czt.zj.gov.cn/innerUsed_noticeDetails/index.html?noticeId=8726153
TZFD(2022)-1038号,8778970,2022-05-25,2022年06月15日09:20,1190000,1,https://zfcg.czt.zj.gov.cn/innerUsed_noticeDetails/index.html?noticeId=8707510
HJZCD-2022-038,8779021,2022-06-06,2022年06月27日09:00,693000,1,https://zfcg.czt.zj.gov.cn/innerUsed_noticeDetails/index.html?noticeId=8728981
DQZFCG-2022-G15,8782871,2022-06-07,2022年06月28日09:00,1630000,1,https://zfcg.czt.zj.gov.cn/innerUsed_noticeDetails/index.html?noticeId=8729718
QZYCG2022-086,8783149,2022-06-07,2022年06月28日09:00,1736750,1,https://zfcg.czt.zj.gov.cn/innerUsed_noticeDetails/index.html?noticeId=8731402
JD2022BF-084,8784710,2022-06-01,2022年06月28日09:30,460000,1,https://zfcg.czt.zj.gov.cn/innerUsed_noticeDetails/index.html?noticeId=8721785
JHZZ2022-ZFCG-0607,8786397,2022-06-17,,798393,1,https://zfcg.czt.zj.gov.cn/innerUsed_noticeDetails/index.html?noticeId=8758447
诸暨博开2022-06-01,8786470,2022-06-07,2022年06月27日09:30,800000,1,https://zfcg.czt.zj.gov.cn/innerUsed_noticeDetails/index.html?noticeId=8731843
QTFSCG2022--046,8787046,2022-06-08,2022年06月29日09:00,1073232,1,https://zfcg.czt.zj.gov.cn/innerUsed_noticeDetails/index.html?noticeId=8734971
HJZCD-2022-042,8787495,2022-06-08,2022年06月29日09:00,960000,1,https://zfcg.czt.zj.gov.cn/innerUsed_noticeDetails/index.html?noticeId=8733481
NBITC-202250081GCE,8788294,2022-06-16,,799248,1,https://zfcg.czt.zj.gov.cn/innerUsed_noticeDetails/index.html?noticeId=8754580
CBZJ-20223031G,8788383,2022-05-24,2022年06月14日09:00,1371000,1,https://zfcg.czt.zj.gov.cn/innerUsed_noticeDetails/index.html?noticeId=8703603
HJZCD-2022-029,8788846,2022-06-08,2022年06月29日09:00,1642500,1,https://zfcg.czt.zj.gov.cn/innerUsed_noticeDetails/index.html?noticeId=8733965
BJJYJ-ZKGK2022-0613,8789894,2022-06-16,,3482000,1,https://zfcg.czt.zj.gov.cn/innerUsed_noticeDetails/index.html?noticeId=8754198
HQZB-PYCG-2022060601,8790942,2022-06-06,2022年06月30日09:30,6305000,1,https://zfcg.czt.zj.gov.cn/innerUsed_noticeDetails/index.html?noticeId=8729307
WZZS-2022053001,8791051,2022-06-18,,3353854.6,1,https://zfcg.czt.zj.gov.cn/innerUsed_noticeDetails/index.html?noticeId=8758888
QCGZ2022009,8791420,2022-06-10,2022年06月30日09:30,5824663,1,https://zfcg.czt.zj.gov.cn/innerUsed_noticeDetails/index.html?noticeId=8739092
QSZB-Z(H)-B22203(CS),8792180,2022-06-17,,902000,1,https://zfcg.czt.zj.gov.cn/innerUsed_noticeDetails/index.html?noticeId=8758123
DTCG20220609049,8792492,2022-06-09,2022年06月30日09:30,712000,1,https://zfcg.czt.zj.gov.cn/innerUsed_noticeDetails/index.html?noticeId=8738783
SXDC2022-04-15,8792624,2022-06-09,2022年06月30日14:30,936599,1,https://zfcg.czt.zj.gov.cn/innerUsed_noticeDetails/index.html?noticeId=8738959
龙政采F2022-41G15,8792726,2022-05-26,2022年06月16日09:30,2428770,1,https://zfcg.czt.zj.gov.cn/innerUsed_noticeDetails/index.html?noticeId=8710271
HJZCD-2022-039,8793981,2022-06-09,2022年06月30日09:00,1914000,1,https://zfcg.czt.zj.gov.cn/innerUsed_noticeDetails/index.html?noticeId=8738424
PYCG220607018,8794022,2022-06-09,2022年07月01日09:30,4365000,1,https://zfcg.czt.zj.gov.cn/innerUsed_noticeDetails/index.html?noticeId=8737791
JJWL22030142-1,8795262,2022-06-10,2022年06月30日14:00,6768720,1,https://zfcg.czt.zj.gov.cn/innerUsed_noticeDetails/index.html?noticeId=8741214
0625-22217579,8742944,2022-05-31,,2650000,1,https://zfcg.czt.zj.gov.cn/innerUsed_noticeDetails/index.html?noticeId=8719845
DQZFCG-2022-G13,8744056,2022-05-09,2022年06月07日09:00,1110000,1,https://zfcg.czt.zj.gov.cn/innerUsed_noticeDetails/index.html?noticeId=8671863
云五石招2022006号,8745474,2022-06-07,,385000,1,https://zfcg.czt.zj.gov.cn/innerUsed_noticeDetails/index.html?noticeId=8732871
HJZCD-2022-035,8747581,2022-05-24,2022年06月14日09:00,1400000,1,https://zfcg.czt.zj.gov.cn/innerUsed_noticeDetails/index.html?noticeId=8702707
HZZFCG-2022-080,8748277,2022-05-20,2022年06月09日09:30,500000,1,https://zfcg.czt.zj.gov.cn/innerUsed_noticeDetails/index.html?noticeId=8698666
LCZ2022-003-1,8748396,2022-05-23,2022年06月14日09:00,1278000,1,https://zfcg.czt.zj.gov.cn/innerUsed_noticeDetails/index.html?noticeId=8702028
CXCG202205004,8749222,2022-05-24,2022年06月14日09:30,2650000,1,https://zfcg.czt.zj.gov.cn/innerUsed_noticeDetails/index.html?noticeId=8704092
ZJSX01202205003,8749904,2022-05-26,,2293527,1,https://zfcg.czt.zj.gov.cn/innerUsed_noticeDetails/index.html?noticeId=8709747
YG2022-HW4153-ZFCG085,8749962,2022-05-23,2022年06月14日09:30,380000,1,https://zfcg.czt.zj.gov.cn/innerUsed_noticeDetails/index.html?noticeId=8700219
YH2022-05055,8749979,2022-05-24,2022年06月14日09:00,500000,1,https://zfcg.czt.zj.gov.cn/innerUsed_noticeDetails/index.html?noticeId=8704788
信源采招[2022]第5007号,8752879,2022-05-24,2022年06月15日09:30,"750000,560000,390000",3,https://zfcg.czt.zj.gov.cn/innerUsed_noticeDetails/index.html?noticeId=8705161
ZSJY-2-2022-ZFCG-008,8754173,2022-05-25,2022年06月16日09:00,2857000,1,https://zfcg.czt.zj.gov.cn/innerUsed_noticeDetails/index.html?noticeId=8708024
HZHC-2022(A)060,8754362,2022-06-02,,1440418,1,https://zfcg.czt.zj.gov.cn/innerUsed_noticeDetails/index.html?noticeId=8723576
JNJKC2022（GK)-023号,8754367,2022-05-27,2022年06月16日09:30,1070000,1,https://zfcg.czt.zj.gov.cn/innerUsed_noticeDetails/index.html?noticeId=8711441
BSZB2022-AZZG072,8755801,2022-05-26,2022年06月16日09:00,4720438,1,https://zfcg.czt.zj.gov.cn/innerUsed_noticeDetails/index.html?noticeId=8710235
QSZB-Z(H)-C22149(GK),8756410,2022-05-27,2022年06月17日09:30,1050000,1,https://zfcg.czt.zj.gov.cn/innerUsed_noticeDetails/index.html?noticeId=8712035
QTJZCG2022-002-1,8756830,2022-05-27,2022年06月17日09:00,1350000,1,https://zfcg.czt.zj.gov.cn/innerUsed_noticeDetails/index.html?noticeId=8712608
WMU-2022913,8757730,2022-05-27,2022年06月17日09:30,2142400,1,https://zfcg.czt.zj.gov.cn/innerUsed_noticeDetails/index.html?noticeId=8711506
CBNB-20223108G,8758036,2022-05-26,2022年06月16日09:00,"3797800,3224600,2799500,2245300",4,https://zfcg.czt.zj.gov.cn/innerUsed_noticeDetails/index.html?noticeId=8709843
ZJJY-20220506,8758086,2022-05-27,2022年06月17日09:30,2059090,1,https://zfcg.czt.zj.gov.cn/innerUsed_noticeDetails/index.html?noticeId=8712958
YC采字（2022）05-01,8759512,2022-05-31,,1398835,1,https://zfcg.czt.zj.gov.cn/innerUsed_noticeDetails/index.html?noticeId=8717579
诸政采2022-05-06,8761959,2022-05-27,2022年06月17日09:30,2200000,1,https://zfcg.czt.zj.gov.cn/innerUsed_noticeDetails/index.html?noticeId=8712946
BJJYJ-ZKGK2022-0605,8763270,2022-06-09,,3750000,1,https://zfcg.czt.zj.gov.cn/innerUsed_noticeDetails/index.html?noticeId=8737324
绍柯采[2022]1385号,8764111,2022-05-30,2022年06月21日09:30,664332,1,https://zfcg.czt.zj.gov.cn/innerUsed_noticeDetails/index.html?noticeId=8715060
HZSY20220517,8764945,2022-05-27,2022年06月17日09:00,3900000,1,https://zfcg.czt.zj.gov.cn/innerUsed_noticeDetails/index.html?noticeId=8712801
SMCG-2022-GK006,8765509,2022-05-27,2022年06月17日09:00,2164900,1,https://zfcg.czt.zj.gov.cn/innerUsed_noticeDetails/index.html?noticeId=8712415
ZC2022003,8767202,2022-05-31,2022年06月21日09:30,3640000,1,https://zfcg.czt.zj.gov.cn/innerUsed_noticeDetails/index.html?noticeId=8719310
QTCG-GK-2022-137,8767821,2022-05-26,2022年06月20日09:30,2119800,1,https://zfcg.czt.zj.gov.cn/innerUsed_noticeDetails/index.html?noticeId=8710222
NBITC-202250068GCE,8768739,2022-06-10,,484772,1,https://zfcg.czt.zj.gov.cn/innerUsed_noticeDetails/index.html?noticeId=8741757
ZJ-2270456-08,8769141,2022-05-27,2022年06月17日09:00,6168111,1,https://zfcg.czt.zj.gov.cn/innerUsed_noticeDetails/index.html?noticeId=8713275
ZJKXJZXCS1050162022002,8866360,2022-07-21,,647900,1,https://zfcg.czt.zj.gov.cn/innerUsed_noticeDetails/index.html?noticeId=8840899
dscg-lx临[2022]740号-101,8866546,2022-07-07,2022年08月04日14:30,1500000,1,https://zfcg.czt.zj.gov.cn/innerUsed_noticeDetails/index.html?noticeId=8807483
LGCG2022209,8868103,2022-07-08,2022年08月02日09:30,5940000,1,https://zfcg.czt.zj.gov.cn/innerUsed_noticeDetails/index.html?noticeId=8810487
Z-GBLC20220713002,8869215,2022-07-14,2022年08月03日09:30,800000,1,https://zfcg.czt.zj.gov.cn/innerUsed_noticeDetails/index.html?noticeId=8822979
QSZB-Z(H)-B22308(CS),8869272,2022-07-22,,243000,1,https://zfcg.czt.zj.gov.cn/innerUsed_noticeDetails/index.html?noticeId=8843839
Z-GB202207130158,8870520,2022-07-13,2022年08月04日09:30,845610,1,https://zfcg.czt.zj.gov.cn/innerUsed_noticeDetails/index.html?noticeId=8822089
dscg-lx[2022]697号-099,8870900,2022-07-11,2022年08月04日09:30,950000,1,https://zfcg.czt.zj.gov.cn/innerUsed_noticeDetails/index.html?noticeId=8814629
ZJHY-SZ2022018,8871131,2022-07-12,2022年08月02日09:00,333660,1,https://zfcg.czt.zj.gov.cn/innerUsed_noticeDetails/index.html?noticeId=8818625
HZJS2022-002,8871909,2022-07-25,,660000,1,https://zfcg.czt.zj.gov.cn/innerUsed_noticeDetails/index.html?noticeId=8847867
ZJJG-OB20220627,8872498,2022-07-12,2022年08月04日09:30,479100,1,https://zfcg.czt.zj.gov.cn/innerUsed_noticeDetails/index.html?noticeId=8817478
ZJJG-OB20220618-2,8872499,2022-07-15,2022年08月04日14:00,1742600,1,https://zfcg.czt.zj.gov.cn/innerUsed_noticeDetails/index.html?noticeId=8825332
NBITC-202230739G,8873274,2022-07-14,2022年08月03日14:00,1410000,1,https://zfcg.czt.zj.gov.cn/innerUsed_noticeDetails/index.html?noticeId=8824960
LCZ2022-023,8874730,2022-07-12,2022年08月05日09:00,2545100,1,https://zfcg.czt.zj.gov.cn/innerUsed_noticeDetails/index.html?noticeId=8816440
NBITC-202230533G,8874748,2022-07-15,2022年08月04日14:00,2320000,1,https://zfcg.czt.zj.gov.cn/innerUsed_noticeDetails/index.html?noticeId=8827336
NBITC-202230709GC,8875095,2022-07-25,,550000,1,https://zfcg.czt.zj.gov.cn/innerUsed_noticeDetails/index.html?noticeId=8848097
YH2022-07024,8875651,2022-07-15,2022年08月04日14:30,550000,1,https://zfcg.czt.zj.gov.cn/innerUsed_noticeDetails/index.html?noticeId=8826223
ZJXC-2022CS070501-1,8875660,2022-07-26,,699449,1,https://zfcg.czt.zj.gov.cn/innerUsed_noticeDetails/index.html?noticeId=8850034
ZJXC-2022G052601,8875722,2022-07-02,2022年07月22日14:30,1128000,1,https://zfcg.czt.zj.gov.cn/innerUsed_noticeDetails/index.html?noticeId=8796097
绍柯采[2022]2208号,8877233,2022-07-15,2022年08月05日14:30,500000,1,https://zfcg.czt.zj.gov.cn/innerUsed_noticeDetails/index.html?noticeId=8827616
绍柯采[2022]2214号,8877235,2022-07-15,2022年08月05日09:30,479700,1,https://zfcg.czt.zj.gov.cn/innerUsed_noticeDetails/index.html?noticeId=8827618
CNDL2022208,8877930,2022-07-15,2022年08月05日14:30,12040000,1,https://zfcg.czt.zj.gov.cn/innerUsed_noticeDetails/index.html?noticeId=8827628
WZLCZB（W）-2022-07316,8878410,2022-07-18,2022年08月08日09:30,285000,1,https://zfcg.czt.zj.gov.cn/innerUsed_noticeDetails/index.html?noticeId=8831268
2022-07-0055,8865344,2022-07-13,2022年08月02日09:00,623000,1,https://zfcg.czt.zj.gov.cn/innerUsed_noticeDetails/index.html?noticeId=8822201
台财采确[2022]4115-4116号,8865534,2022-07-04,2022年07月25日09:30,581929,1,https://zfcg.czt.zj.gov.cn/innerUsed_noticeDetails/index.html?noticeId=8797362
HQZB-RA-2022-41,8838666,2022-06-29,2022年07月20日09:00,"2543000,1960000,1997000",3,https://zfcg.czt.zj.gov.cn/innerUsed_noticeDetails/index.html?noticeId=8788259
HZJSGLJH-HW2022008,8838719,2022-06-28,2022年07月19日09:30,750000,1,https://zfcg.czt.zj.gov.cn/innerUsed_noticeDetails/index.html?noticeId=8781449
浙亿云采2022-049号,8840975,2022-07-13,,470000,1,https://zfcg.czt.zj.gov.cn/innerUsed_noticeDetails/index.html?noticeId=8822007
DTCG20220629058,8842400,2022-06-29,2022年07月20日09:30,350000,1,https://zfcg.czt.zj.gov.cn/innerUsed_noticeDetails/index.html?noticeId=8786996
XHZFCG-2022-G-30,8843199,2022-06-28,2022年07月21日09:30,480000,1,https://zfcg.czt.zj.gov.cn/innerUsed_noticeDetails/index.html?noticeId=8783475
ZJXY-HZ2022-66,8843213,2022-07-11,,695597,1,https://zfcg.czt.zj.gov.cn/innerUsed_noticeDetails/index.html?noticeId=8815907
HJZCD-2022-057,8843837,2022-07-01,2022年07月22日09:00,1000000,1,https://zfcg.czt.zj.gov.cn/innerUsed_noticeDetails/index.html?noticeId=8795047
GS（采）2022-091,8843848,2022-06-30,2022年07月21日14:30,991000,1,https://zfcg.czt.zj.gov.cn/innerUsed_noticeDetails/index.html?noticeId=8792039
JSS2022D037Q-1,8843860,2022-07-01,2022年07月22日09:00,569000,1,https://zfcg.czt.zj.gov.cn/innerUsed_noticeDetails/index.html?noticeId=8794760
ZZCG2022F-GK-145,8843864,2022-06-29,2022年07月21日09:00,5877281,1,https://zfcg.czt.zj.gov.cn/innerUsed_noticeDetails/index.html?noticeId=8786634
LGCG2022194,8844223,2022-06-29,2022年07月21日14:30,3004459,1,https://zfcg.czt.zj.gov.cn/innerUsed_noticeDetails/index.html?noticeId=8787823
ZJJYDQ-2022-JC04,8844538,2022-07-11,,898139,1,https://zfcg.czt.zj.gov.cn/innerUsed_noticeDetails/index.html?noticeId=8815520
龙政采F2022-58C33,8844589,2022-07-11,,2583000,1,https://zfcg.czt.zj.gov.cn/innerUsed_noticeDetails/index.html?noticeId=8815891
JHCG2022F-028C,8846426,2022-07-05,2022年07月25日09:00,500000,1,https://zfcg.czt.zj.gov.cn/innerUsed_noticeDetails/index.html?noticeId=8799643
TSCG202207024,8849519,2022-07-15,,2658600,1,https://zfcg.czt.zj.gov.cn/innerUsed_noticeDetails/index.html?noticeId=8827974
ZJJSCG202207008,8849620,2022-07-12,,2933155,1,https://zfcg.czt.zj.gov.cn/innerUsed_noticeDetails/index.html?noticeId=8819018
绍柯采[2022]2121号,8850516,2022-07-05,2022年07月26日09:30,1518000,1,https://zfcg.czt.zj.gov.cn/innerUsed_noticeDetails/index.html?noticeId=8802097
JSS2022D040Q,8852357,2022-07-06,2022年07月27日09:00,480000,1,https://zfcg.czt.zj.gov.cn/innerUsed_noticeDetails/index.html?noticeId=8803495
ZJYC2022145(GK),8853734,2022-07-06,2022年07月27日09:30,2381350,1,https://zfcg.czt.zj.gov.cn/innerUsed_noticeDetails/index.html?noticeId=8805385
ZJZM-2022-20（1）,8854192,2022-07-07,2022年07月27日09:30,465750,1,https://zfcg.czt.zj.gov.cn/innerUsed_noticeDetails/index.html?noticeId=8808815
zhzb-2022-006(招),8854706,2022-07-06,2022年07月27日09:00,800000,1,https://zfcg.czt.zj.gov.cn/innerUsed_noticeDetails/index.html?noticeId=8805326
JHJYCG2022002,8855322,2022-07-06,2022年07月28日09:00,4798600,1,https://zfcg.czt.zj.gov.cn/innerUsed_noticeDetails/index.html?noticeId=8803987
YH-ZFCG-2022-018（重）,8855371,2022-07-18,,435200,1,https://zfcg.czt.zj.gov.cn/innerUsed_noticeDetails/index.html?noticeId=8829981
云五石招2022010号,8855376,2022-07-19,,450000,1,https://zfcg.czt.zj.gov.cn/innerUsed_noticeDetails/index.html?noticeId=8835119
政府采购2022-05,8855765,2022-07-08,2022年07月28日09:30,1080000,1,https://zfcg.czt.zj.gov.cn/innerUsed_noticeDetails/index.html?noticeId=8809194
JYZFCG2022-02,8856055,2022-07-08,2022年07月28日09:00,4000000,1,https://zfcg.czt.zj.gov.cn/innerUsed_noticeDetails/index.html?noticeId=8811463
ZJFZ-03082-2022,8856903,2022-07-05,2022年07月27日09:00,800000,1,https://zfcg.czt.zj.gov.cn/innerUsed_noticeDetails/index.html?noticeId=8801318
WQ2022174-ZFCG029,8857091,2022-06-27,2022年07月18日14:00,450000,1,https://zfcg.czt.zj.gov.cn/innerUsed_noticeDetails/index.html?noticeId=8781054
HJZCD-2022-059,8857415,2022-07-06,2022年07月27日09:00,640000,1,https://zfcg.czt.zj.gov.cn/innerUsed_noticeDetails/index.html?noticeId=8804320
0625-22215606（重招）,8859465,2022-07-06,2022年07月27日15:00,510000,1,https://zfcg.czt.zj.gov.cn/innerUsed_noticeDetails/index.html?noticeId=8805740
ZZCG2022D-CS-138,8859467,2022-07-18,,1215300,1,https://zfcg.czt.zj.gov.cn/innerUsed_noticeDetails/index.html?noticeId=8830853
RTZFCG-2022-060,8859646,2022-07-09,2022年07月29日09:30,864000,1,https://zfcg.czt.zj.gov.cn/innerUsed_noticeDetails/index.html?noticeId=8812275
HXCG-ZF-2022-034,8859979,2022-07-19,,640000,1,https://zfcg.czt.zj.gov.cn/innerUsed_noticeDetails/index.html?noticeId=8833959
HQZB-OHQ-2022061628,8819054,2022-06-16,2022年07月12日09:30,"6426000,3906000",2,https://zfcg.czt.zj.gov.cn/innerUsed_noticeDetails/index.html?noticeId=8755109
CNDL2022166,8820402,2022-06-20,2022年07月12日09:30,4160000,1,https://zfcg.czt.zj.gov.cn/innerUsed_noticeDetails/index.html?noticeId=8761045
MYWZ-202206041900,8821608,2022-06-15,2022年07月06日09:30,"/,/",2,https://zfcg.czt.zj.gov.cn/innerUsed_noticeDetails/index.html?noticeId=8751893
QSZB-Z(H)-B22233(CS),8821943,2022-06-30,,666400,1,https://zfcg.czt.zj.gov.cn/innerUsed_noticeDetails/index.html?noticeId=8792071
QSZB-Z(H)-B22247(CS),8821944,2022-06-30,,612000,1,https://zfcg.czt.zj.gov.cn/innerUsed_noticeDetails/index.html?noticeId=8792033
ZJHY-20220621-H,8822131,2022-06-22,2022年07月13日09:30,1350000,1,https://zfcg.czt.zj.gov.cn/innerUsed_noticeDetails/index.html?noticeId=8766272
DLLH-Z（H）-KC20220522（GK）,8822594,2022-06-21,2022年07月12日13:30,250000,1,https://zfcg.czt.zj.gov.cn/innerUsed_noticeDetails/index.html?noticeId=8764008
HJZCD-2022-053,8822937,2022-06-22,2022年07月13日09:00,"890000,836000",2,https://zfcg.czt.zj.gov.cn/innerUsed_noticeDetails/index.html?noticeId=8768664
NBMC-20223042G,8823264,2022-06-22,2022年07月13日14:00,825000,1,https://zfcg.czt.zj.gov.cn/innerUsed_noticeDetails/index.html?noticeId=8769637
ZHJS（ZC)-2022-005,8823759,2022-06-24,2022年07月14日10:00,684525,1,https://zfcg.czt.zj.gov.cn/innerUsed_noticeDetails/index.html?noticeId=8776742
QSZB-Z(H)-C22217(CS),8824480,2022-06-30,,179000,1,https://zfcg.czt.zj.gov.cn/innerUsed_noticeDetails/index.html?noticeId=8792062
QSZB-Z(H)-B22241(CS),8824762,2022-07-01,,1500000,1,https://zfcg.czt.zj.gov.cn/innerUsed_noticeDetails/index.html?noticeId=8795553
Z-GB202206210156,8824784,2022-06-21,2022年07月14日14:30,5598000,1,https://zfcg.czt.zj.gov.cn/innerUsed_noticeDetails/index.html?noticeId=8765350
ZJJG-OB20220617,8825048,2022-06-23,2022年07月14日09:30,1623730,1,https://zfcg.czt.zj.gov.cn/innerUsed_noticeDetails/index.html?noticeId=8769861
HYHZ2022-133（临[2022]7058号）,8825419,2022-07-04,,828034,1,https://zfcg.czt.zj.gov.cn/innerUsed_noticeDetails/index.html?noticeId=8799091
ZZCG2022D-GK-124,8826162,2022-06-23,2022年07月14日09:00,"/,/,/",3,https://zfcg.czt.zj.gov.cn/innerUsed_noticeDetails/index.html?noticeId=8772936
CG202206A05,8826502,2022-06-24,2022年07月15日09:30,11000000,1,https://zfcg.czt.zj.gov.cn/innerUsed_noticeDetails/index.html?noticeId=8776388
THZB-22AC36047,8827657,2022-06-23,2022年07月15日09:30,3800000,1,https://zfcg.czt.zj.gov.cn/innerUsed_noticeDetails/index.html?noticeId=8771424
F-GB202206170555,8828277,2022-06-17,2022年07月08日09:30,"4548000,2916000",2,https://zfcg.czt.zj.gov.cn/innerUsed_noticeDetails/index.html?noticeId=8757886
HSZX-ZCY-CS2022001,8828504,2022-07-06,,1070388,1,https://zfcg.czt.zj.gov.cn/innerUsed_noticeDetails/index.html?noticeId=8805701
中际-ZJZJGC（2022）嘉18号,8828664,2022-06-24,2022年07月15日09:30,1100000,1,https://zfcg.czt.zj.gov.cn/innerUsed_noticeDetails/index.html?noticeId=8774942
HZZFCG-2022-117,8830476,2022-06-23,2022年07月15日09:30,500000,1,https://zfcg.czt.zj.gov.cn/innerUsed_noticeDetails/index.html?noticeId=8773339
HZZFCG-2022-121,8830815,2022-06-24,2022年07月18日09:30,2200000,1,https://zfcg.czt.zj.gov.cn/innerUsed_noticeDetails/index.html?noticeId=8777056
ZZCG2022X-GK-126,8831369,2022-06-21,2022年07月11日10:00,1603000,1,https://zfcg.czt.zj.gov.cn/innerUsed_noticeDetails/index.html?noticeId=8765044
CG202206A06,8831502,2022-06-24,2022年07月18日09:30,"6048000,4788000",2,https://zfcg.czt.zj.gov.cn/innerUsed_noticeDetails/index.html?noticeId=8776829
CTZB--2022060406,8832399,2022-07-07,,2535000,1,https://zfcg.czt.zj.gov.cn/innerUsed_noticeDetails/index.html?noticeId=8807227
TSCG202207009,8832889,2022-07-08,,1899000,1,https://zfcg.czt.zj.gov.cn/innerUsed_noticeDetails/index.html?noticeId=8810951
WZLCZB（W）-2022-06237,8833152,2022-06-22,2022年07月13日09:30,3250000,1,https://zfcg.czt.zj.gov.cn/innerUsed_noticeDetails/index.html?noticeId=8769195
HJZCD-2022-055,8833325,2022-06-28,2022年07月19日09:00,1500000,1,https://zfcg.czt.zj.gov.cn/innerUsed_noticeDetails/index.html?noticeId=8781867
xzcg-2022-036(招)（第二次）,8833364,2022-06-28,2022年07月19日09:00,3250000,1,https://zfcg.czt.zj.gov.cn/innerUsed_noticeDetails/index.html?noticeId=8784114
LNCG2022-004,8833835,2022-06-27,2022年07月18日14:30,600000,1,https://zfcg.czt.zj.gov.cn/innerUsed_noticeDetails/index.html?noticeId=8780939
RAJC20220609,8836171,2022-06-28,2022年07月19日09:00,"/,/,/",3,https://zfcg.czt.zj.gov.cn/innerUsed_noticeDetails/index.html?noticeId=8783476
台财采确【2022】3656号-1,8837549,2022-07-06,,600000,1,https://zfcg.czt.zj.gov.cn/innerUsed_noticeDetails/index.html?noticeId=8805003
2022NBHSJC031,8837616,2022-06-24,2022年07月18日14:00,3200000,1,https://zfcg.czt.zj.gov.cn/innerUsed_noticeDetails/index.html?noticeId=8777228
G22070230339,8838240,2022-07-07,,2903603,1,https://zfcg.czt.zj.gov.cn/innerUsed_noticeDetails/index.html?noticeId=8808949
CS2022013,8813680,2022-07-01,,396000,1,https://zfcg.czt.zj.gov.cn/innerUsed_noticeDetails/index.html?noticeId=8793868
JHCG2022E-013,8814026,2022-06-16,2022年07月11日09:00,1521900,1,https://zfcg.czt.zj.gov.cn/innerUsed_noticeDetails/index.html?noticeId=8752655
JHCG2022G-025,8815029,2022-06-17,2022年07月11日09:30,"/,/,/,/,/",5,https://zfcg.czt.zj.gov.cn/innerUsed_noticeDetails/index.html?noticeId=8757808
ZJZBC-GK-22-9021,8815898,2022-06-17,2022年07月08日09:30,522000,1,https://zfcg.czt.zj.gov.cn/innerUsed_noticeDetails/index.html?noticeId=8758232
WZZF2022(ZC)-05-107（GK）,8816825,2022-06-21,2022年07月12日09:30,595200,1,https://zfcg.czt.zj.gov.cn/innerUsed_noticeDetails/index.html?noticeId=8765294
HZHC-2022（J）001,8817991,2022-07-01,,953473,1,https://zfcg.czt.zj.gov.cn/innerUsed_noticeDetails/index.html?noticeId=8794487
ZJ-2241390,8818152,2022-06-21,2022年07月12日13:30,5000000,1,https://zfcg.czt.zj.gov.cn/innerUsed_noticeDetails/index.html?noticeId=8765778
恒合【2022】采048,8818797,2022-06-29,,2360572,1,https://zfcg.czt.zj.gov.cn/innerUsed_noticeDetails/index.html?noticeId=8787949
0625-22217B07,8942241,2022-08-18,2022年09月07日09:30,350000,1,https://zfcg.czt.zj.gov.cn/innerUsed_noticeDetails/index.html?noticeId=8901553
JHCG2022C-032-C01,8943915,2022-08-18,2022年09月08日09:30,350000,1,https://zfcg.czt.zj.gov.cn/innerUsed_noticeDetails/index.html?noticeId=8899707
ZJTZCA2022009ZC号,8944008,2022-08-17,2022年09月07日09:30,3260000,1,https://zfcg.czt.zj.gov.cn/innerUsed_noticeDetails/index.html?noticeId=8897215
TZTX-2022-CS063,8944021,2022-08-29,,500000,1,https://zfcg.czt.zj.gov.cn/innerUsed_noticeDetails/index.html?noticeId=8920899
HZCPM-2022-0801,8944183,2022-08-03,2022年08月24日09:00,1700000,1,https://zfcg.czt.zj.gov.cn/innerUsed_noticeDetails/index.html?noticeId=8868953
ZJJSCG202207014-,8946237,2022-08-29,,779873,1,https://zfcg.czt.zj.gov.cn/innerUsed_noticeDetails/index.html?noticeId=8921468
HNCG2022044,8946609,2022-08-19,2022年09月08日14:45,5500000,1,https://zfcg.czt.zj.gov.cn/innerUsed_noticeDetails/index.html?noticeId=8903396
QTFSCG2022-151,8948099,2022-08-26,,779598,1,https://zfcg.czt.zj.gov.cn/innerUsed_noticeDetails/index.html?noticeId=8918904
MYWZ-202206041900（第三次）,8948285,2022-08-16,2022年09月08日14:30,107900,1,https://zfcg.czt.zj.gov.cn/innerUsed_noticeDetails/index.html?noticeId=8895215
QTFSCG2022-154,8951539,2022-09-01,,505570,1,https://zfcg.czt.zj.gov.cn/innerUsed_noticeDetails/index.html?noticeId=8930211
YHZFCG2022-160,8952247,2022-08-24,2022年09月13日14:00,900000,1,https://zfcg.czt.zj.gov.cn/innerUsed_noticeDetails/index.html?noticeId=8913585
HZSYCG2022-053,8955414,2022-08-25,2022年09月14日14:00,600000,1,https://zfcg.czt.zj.gov.cn/innerUsed_noticeDetails/index.html?noticeId=8915634
ZJWY-SS-2022006,8956450,2022-08-22,,700000,1,https://zfcg.czt.zj.gov.cn/innerUsed_noticeDetails/index.html?noticeId=8906831
HMZB20221079-2,8957198,2022-09-05,,1500000,1,https://zfcg.czt.zj.gov.cn/innerUsed_noticeDetails/index.html?noticeId=8935868
NBRL-22088,8957242,2022-08-17,2022年09月09日14:00,750000,1,https://zfcg.czt.zj.gov.cn/innerUsed_noticeDetails/index.html?noticeId=8898578
ZJCJ-H22090403,8959349,2022-09-06,,320000,1,https://zfcg.czt.zj.gov.cn/innerUsed_noticeDetails/index.html?noticeId=8938198
YK2022400X,8961050,2022-09-12,,500000,1,https://zfcg.czt.zj.gov.cn/innerUsed_noticeDetails/index.html?noticeId=8949247
浙亿云采2022-074号,8961113,2022-09-06,,1850000,1,https://zfcg.czt.zj.gov.cn/innerUsed_noticeDetails/index.html?noticeId=8939665
ZHJS（ZC)-2022-011,8965482,2022-08-31,2022年09月20日09:00,590000,1,https://zfcg.czt.zj.gov.cn/innerUsed_noticeDetails/index.html?noticeId=8927728
CGZX（CS）-2022-019,8913418,2022-08-12,,500000,1,https://zfcg.czt.zj.gov.cn/innerUsed_noticeDetails/index.html?noticeId=8889268
ZJXSJ2022159,8913525,2022-08-03,2022年08月23日15:00,2642976,1,https://zfcg.czt.zj.gov.cn/innerUsed_noticeDetails/index.html?noticeId=8868465
330282202207002798,8914148,2022-08-02,2022年08月24日14:30,630000,1,https://zfcg.czt.zj.gov.cn/innerUsed_noticeDetails/index.html?noticeId=8864897
QZGS2022024,8917117,2022-08-05,2022年08月26日09:00,317911,1,https://zfcg.czt.zj.gov.cn/innerUsed_noticeDetails/index.html?noticeId=8874870
ZSCG202229-GK13（2）,8917519,2022-08-03,2022年08月24日09:30,675000,1,https://zfcg.czt.zj.gov.cn/innerUsed_noticeDetails/index.html?noticeId=8867928
WZZYCG-20220727,8917527,2022-07-28,2022年08月26日09:30,500000,1,https://zfcg.czt.zj.gov.cn/innerUsed_noticeDetails/index.html?noticeId=8854697
浙志正招2022104号,8918598,2022-08-15,,620000,1,https://zfcg.czt.zj.gov.cn/innerUsed_noticeDetails/index.html?noticeId=8893377
TLZFCG2022-GK-016,8918763,2022-08-05,2022年08月26日10:30,2000000,1,https://zfcg.czt.zj.gov.cn/innerUsed_noticeDetails/index.html?noticeId=8875343
0625-22212A94,8918944,2022-08-15,,220000,1,https://zfcg.czt.zj.gov.cn/innerUsed_noticeDetails/index.html?noticeId=8893242
QJCG202212,8920202,2022-08-04,2022年08月26日09:30,4129000,1,https://zfcg.czt.zj.gov.cn/innerUsed_noticeDetails/index.html?noticeId=8870269
ZJKP2022YW205G,8920545,2022-08-05,2022年08月29日09:30,1699070,1,https://zfcg.czt.zj.gov.cn/innerUsed_noticeDetails/index.html?noticeId=8874342
QSZB-Z(F)-E22240(CS)L,8921109,2022-08-12,,600000,1,https://zfcg.czt.zj.gov.cn/innerUsed_noticeDetails/index.html?noticeId=8888425
QTJZCG2022-003-1,8922609,2022-07-26,2022年08月17日09:00,1750000,1,https://zfcg.czt.zj.gov.cn/innerUsed_noticeDetails/index.html?noticeId=8850405
WMU-2022961,8924107,2022-08-18,,480000,1,https://zfcg.czt.zj.gov.cn/innerUsed_noticeDetails/index.html?noticeId=8901576
ZJ-2242055,8924872,2022-08-05,2022年08月26日13:30,1470000,1,https://zfcg.czt.zj.gov.cn/innerUsed_noticeDetails/index.html?noticeId=8875337
xzcg-2022-069(招),8926340,2022-08-10,2022年08月30日14:30,1000000,1,https://zfcg.czt.zj.gov.cn/innerUsed_noticeDetails/index.html?noticeId=8883126
ZJZC-227065,8929247,2022-08-10,2022年08月31日14:10,2896000,1,https://zfcg.czt.zj.gov.cn/innerUsed_noticeDetails/index.html?noticeId=8883633
浙勋代理C[2022] 246号,8929339,2022-08-09,2022年08月31日09:00,500000,1,https://zfcg.czt.zj.gov.cn/innerUsed_noticeDetails/index.html?noticeId=8879952
ZJWS2022-DGJYEY02,8930422,2022-08-12,2022年09月01日14:30,610000,1,https://zfcg.czt.zj.gov.cn/innerUsed_noticeDetails/index.html?noticeId=8890064
CBNB-20221464G,8930807,2022-08-11,2022年09月01日14:00,2800000,1,https://zfcg.czt.zj.gov.cn/innerUsed_noticeDetails/index.html?noticeId=8885607
330282202207002940,8931334,2022-08-10,2022年09月01日14:30,550000,1,https://zfcg.czt.zj.gov.cn/innerUsed_noticeDetails/index.html?noticeId=8883174
JD2022BJ-024,8931866,2022-08-11,2022年09月02日09:30,474324,1,https://zfcg.czt.zj.gov.cn/innerUsed_noticeDetails/index.html?noticeId=8886384
YK2022358,8933157,2022-08-29,,382600,1,https://zfcg.czt.zj.gov.cn/innerUsed_noticeDetails/index.html?noticeId=8922352
DFJW2022-CA-002号,8933355,2022-08-12,2022年09月02日14:30,360000,1,https://zfcg.czt.zj.gov.cn/innerUsed_noticeDetails/index.html?noticeId=8888615
ZJXC-2022G071901,8933389,2022-08-11,2022年09月01日14:30,1730180,1,https://zfcg.czt.zj.gov.cn/innerUsed_noticeDetails/index.html?noticeId=8885600
LYCG2022XJ024,8933430,2022-08-29,,"200000,200000",2,https://zfcg.czt.zj.gov.cn/innerUsed_noticeDetails/index.html?noticeId=8920584
QTSFCG2022-137,8935807,2022-08-22,,410000,1,https://zfcg.czt.zj.gov.cn/innerUsed_noticeDetails/index.html?noticeId=8907218
QTFSCG2022-138,8936700,2022-08-25,,840000,1,https://zfcg.czt.zj.gov.cn/innerUsed_noticeDetails/index.html?noticeId=8913836
QTFSCG2022-147,8938505,2022-08-26,,600000,1,https://zfcg.czt.zj.gov.cn/innerUsed_noticeDetails/index.html?noticeId=8918901
YH2022-08030,8940048,2022-08-16,2022年09月06日09:00,621500,1,https://zfcg.czt.zj.gov.cn/innerUsed_noticeDetails/index.html?noticeId=8895139
浙安采字2022-024,8941118,2022-07-28,2022年08月23日09:30,650000,1,https://zfcg.czt.zj.gov.cn/innerUsed_noticeDetails/index.html?noticeId=8856260
PYCG220831058,8941209,2022-08-31,,1210100,1,https://zfcg.czt.zj.gov.cn/innerUsed_noticeDetails/index.html?noticeId=8927185
ZJZC-221191,8941548,2022-08-16,2022年09月07日09:00,5363250,1,https://zfcg.czt.zj.gov.cn/innerUsed_noticeDetails/index.html?noticeId=8895072
ZZCG2022X-GK-145,8892023,2022-07-26,2022年08月15日10:00,1802470,1,https://zfcg.czt.zj.gov.cn/innerUsed_noticeDetails/index.html?noticeId=8850741
WZZF2022(ZC)-07-172（TP）,8892163,2022-08-09,,702000,1,https://zfcg.czt.zj.gov.cn/innerUsed_noticeDetails/index.html?noticeId=8880555
HYCG-2022-XJ07号,8892219,2022-08-05,,2872000,1,https://zfcg.czt.zj.gov.cn/innerUsed_noticeDetails/index.html?noticeId=8872914
NBITC-202220176G-1,8893265,2022-07-25,2022年08月15日14:00,500000,1,https://zfcg.czt.zj.gov.cn/innerUsed_noticeDetails/index.html?noticeId=8846843
LGDL2022224,8894028,2022-07-22,2022年08月12日09:30,1592000,1,https://zfcg.czt.zj.gov.cn/innerUsed_noticeDetails/index.html?noticeId=8841738
TY2022-HW142-ZFCG142,8895919,2022-07-01,2022年07月26日09:30,400000,1,https://zfcg.czt.zj.gov.cn/innerUsed_noticeDetails/index.html?noticeId=8794793
CS-LY2022-020,8896270,2022-08-06,,1740583,1,https://zfcg.czt.zj.gov.cn/innerUsed_noticeDetails/index.html?noticeId=8875597
330282202207002706,8897733,2022-07-26,2022年08月16日14:30,650000,1,https://zfcg.czt.zj.gov.cn/innerUsed_noticeDetails/index.html?noticeId=8850056
LCZ2022-027,8897988,2022-07-26,2022年08月17日09:00,1535600,1,https://zfcg.czt.zj.gov.cn/innerUsed_noticeDetails/index.html?noticeId=8850345
WMU-2022960,8898246,2022-07-27,2022年08月17日09:30,779500,1,https://zfcg.czt.zj.gov.cn/innerUsed_noticeDetails/index.html?noticeId=8852174
ZJWS-GS202211G,8899853,2022-07-27,2022年08月17日14:00,574700,1,https://zfcg.czt.zj.gov.cn/innerUsed_noticeDetails/index.html?noticeId=8852645
ZJWS-GS202213G,8899854,2022-07-27,2022年08月17日14:00,458500,1,https://zfcg.czt.zj.gov.cn/innerUsed_noticeDetails/index.html?noticeId=8852646
JD2022BJ-025,8900360,2022-07-27,2022年08月18日09:30,999958,1,https://zfcg.czt.zj.gov.cn/innerUsed_noticeDetails/index.html?noticeId=8854242
TZYY-2208-002号,8902518,2022-08-08,,892347,1,https://zfcg.czt.zj.gov.cn/innerUsed_noticeDetails/index.html?noticeId=8877201
ZJZC-223247,8903160,2022-07-28,2022年08月18日14:00,"966800,633200",2,https://zfcg.czt.zj.gov.cn/innerUsed_noticeDetails/index.html?noticeId=8856911
ZJWS-GS202215G,8903484,2022-07-29,2022年08月19日09:30,"/,/",2,https://zfcg.czt.zj.gov.cn/innerUsed_noticeDetails/index.html?noticeId=8858421
临[2022]907号,8903522,2022-08-08,,1880567,1,https://zfcg.czt.zj.gov.cn/innerUsed_noticeDetails/index.html?noticeId=8878580
TZFD(2022)-1089号,8903773,2022-08-05,,"749420,181360",2,https://zfcg.czt.zj.gov.cn/innerUsed_noticeDetails/index.html?noticeId=8875324
ZJJY-20220623-01,8904285,2022-07-29,2022年08月19日09:30,700000,1,https://zfcg.czt.zj.gov.cn/innerUsed_noticeDetails/index.html?noticeId=8860590
330282202207002799,8905329,2022-07-29,2022年08月19日14:30,529200,1,https://zfcg.czt.zj.gov.cn/innerUsed_noticeDetails/index.html?noticeId=8859040
ZZCG2022D-GK-145,8906605,2022-08-01,2022年08月22日09:30,2609998,1,https://zfcg.czt.zj.gov.cn/innerUsed_noticeDetails/index.html?noticeId=8862399
CTZB-2022080236,8907172,2022-08-12,,311899,1,https://zfcg.czt.zj.gov.cn/innerUsed_noticeDetails/index.html?noticeId=8889870
OBJC-20220113,8908676,2022-08-11,,849587,1,https://zfcg.czt.zj.gov.cn/innerUsed_noticeDetails/index.html?noticeId=8886889
QTCG-GK-2022-218,8908744,2022-07-29,2022年08月19日09:30,1967535,1,https://zfcg.czt.zj.gov.cn/innerUsed_noticeDetails/index.html?noticeId=8858696
JD2022BJ-018,8909550,2022-07-08,2022年08月02日09:30,7897310,1,https://zfcg.czt.zj.gov.cn/innerUsed_noticeDetails/index.html?noticeId=8811109
BSZB2022-BZZC169-1,8910104,2022-08-13,,246222,1,https://zfcg.czt.zj.gov.cn/innerUsed_noticeDetails/index.html?noticeId=8890151
HCZX-2022072001,8910497,2022-08-03,2022年08月23日14:30,489000,1,https://zfcg.czt.zj.gov.cn/innerUsed_noticeDetails/index.html?noticeId=8866872
CAZFCGGK2022-19号,8912329,2022-08-01,2022年08月24日09:00,610000,1,https://zfcg.czt.zj.gov.cn/innerUsed_noticeDetails/index.html?noticeId=8862635
SXDC2022-04-15-2,8912849,2022-08-02,2022年08月23日14:30,936599,1,https://zfcg.czt.zj.gov.cn/innerUsed_noticeDetails/index.html?noticeId=8866113
ZJ-2241776,8878456,2022-07-14,2022年08月04日09:00,187750,1,https://zfcg.czt.zj.gov.cn/innerUsed_noticeDetails/index.html?noticeId=8824988
ZJXSJ2022145,8879381,2022-07-20,2022年08月09日09:30,1956507,1,https://zfcg.czt.zj.gov.cn/innerUsed_noticeDetails/index.html?noticeId=8838219
ZJZC-221202,8879419,2022-07-18,2022年08月09日09:00,4345200,1,https://zfcg.czt.zj.gov.cn/innerUsed_noticeDetails/index.html?noticeId=8830975
CAZFCGGK2022-17号,8880613,2022-07-14,2022年08月09日09:00,1480000,1,https://zfcg.czt.zj.gov.cn/innerUsed_noticeDetails/index.html?noticeId=8824377
HZZY-GK-2022-001,8881486,2022-06-29,2022年07月21日14:00,935000,1,https://zfcg.czt.zj.gov.cn/innerUsed_noticeDetails/index.html?noticeId=8787414
LCZ2022-024,8883385,2022-07-13,2022年08月10日09:00,4209846,1,https://zfcg.czt.zj.gov.cn/innerUsed_noticeDetails/index.html?noticeId=8819710
浙金丽招2022059号,8883412,2022-07-15,2022年08月09日09:30,784400,1,https://zfcg.czt.zj.gov.cn/innerUsed_noticeDetails/index.html?noticeId=8828326
CAZFCGGK2022-18号,8883663,2022-07-19,2022年08月10日09:00,3350000,1,https://zfcg.czt.zj.gov.cn/innerUsed_noticeDetails/index.html?noticeId=8833585
dscg-lx[2022]824号-116,8883940,2022-07-20,2022年08月10日14:30,2500000,1,https://zfcg.czt.zj.gov.cn/innerUsed_noticeDetails/index.html?noticeId=8837617
LCZ2022-025,8886110,2022-07-13,2022年08月11日09:00,3299504,1,https://zfcg.czt.zj.gov.cn/innerUsed_noticeDetails/index.html?noticeId=8820009
HZTC-(Z)2022010,8887284,2022-07-29,,830000,1,https://zfcg.czt.zj.gov.cn/innerUsed_noticeDetails/index.html?noticeId=8858543
CGSHZJ-2022-N000717,8888581,2022-07-22,2022年08月12日09:00,5064720,1,https://zfcg.czt.zj.gov.cn/innerUsed_noticeDetails/index.html?noticeId=8842274
NBITC-202252021G,8889055,2022-07-22,2022年08月12日09:00,1109800,1,https://zfcg.czt.zj.gov.cn/innerUsed_noticeDetails/index.html?noticeId=8844597
NBITC-202252022G,8889124,2022-07-22,2022年08月12日09:00,2152500,1,https://zfcg.czt.zj.gov.cn/innerUsed_noticeDetails/index.html?noticeId=8844619
NBITC-202252023G,8889158,2022-07-22,2022年08月12日09:00,464900,1,https://zfcg.czt.zj.gov.cn/innerUsed_noticeDetails/index.html?noticeId=8844657
Z-GB202207210159,8889725,2022-07-21,2022年08月11日14:30,8060000,1,https://zfcg.czt.zj.gov.cn/innerUsed_noticeDetails/index.html?noticeId=8840859
CTZB-2022070526,8891742,2022-08-02,,1013000,1,https://zfcg.czt.zj.gov.cn/innerUsed_noticeDetails/index.html?noticeId=8866280
