项目编号,notice_id,中标日期,URL
YH2021-11041,8514386,2022-01-10,https://zfcg.czt.zj.gov.cn/innerUsed_noticeDetails/index.html?noticeId=8514386
QTFSCG2021-140-1,8516874,2022-01-12,https://zfcg.czt.zj.gov.cn/innerUsed_noticeDetails/index.html?noticeId=8516874
YH2021-11040,8517787,2022-01-13,https://zfcg.czt.zj.gov.cn/innerUsed_noticeDetails/index.html?noticeId=8517787
绍柯采[2021]5303号,8525052,2022-01-20,https://zfcg.czt.zj.gov.cn/innerUsed_noticeDetails/index.html?noticeId=8525052
FHGQZB(2021)240D,8527165,,https://zfcg.czt.zj.gov.cn/innerUsed_noticeDetails/index.html?noticeId=8527165
HCTZ-2022-0001,8528317,2022-01-24,https://zfcg.czt.zj.gov.cn/innerUsed_noticeDetails/index.html?noticeId=8528317
HQZB-PYCG-2022011402,8531070,2022-01-26,https://zfcg.czt.zj.gov.cn/innerUsed_noticeDetails/index.html?noticeId=8531070
OBANG2021-FW032-ZFCG0323-2,8533140,2022-01-27,https://zfcg.czt.zj.gov.cn/innerUsed_noticeDetails/index.html?noticeId=8533140
HZJS2022-001,8533173,2022-01-27,https://zfcg.czt.zj.gov.cn/innerUsed_noticeDetails/index.html?noticeId=8533173
RTZFCG-2022-001,8712832,2022-05-27,https://zfcg.czt.zj.gov.cn/innerUsed_noticeDetails/index.html?noticeId=8712832
YJZFCG2022-074,8715537,2022-05-30,https://zfcg.czt.zj.gov.cn/innerUsed_noticeDetails/index.html?noticeId=8715537
浙华元22-05-01,8717576,,https://zfcg.czt.zj.gov.cn/innerUsed_noticeDetails/index.html?noticeId=8717576
BSZB2022-BZZC073,8718242,2022-05-31,https://zfcg.czt.zj.gov.cn/innerUsed_noticeDetails/index.html?noticeId=8718242
DTCG20220510032,8718901,2022-05-31,https://zfcg.czt.zj.gov.cn/innerUsed_noticeDetails/index.html?noticeId=8718901
绍柯采[2022]1332号,8720274,2022-06-01,https://zfcg.czt.zj.gov.cn/innerUsed_noticeDetails/index.html?noticeId=8720274
HZHC-2022(D)004,8720715,2022-06-01,https://zfcg.czt.zj.gov.cn/innerUsed_noticeDetails/index.html?noticeId=8720715
ZJYGZF[2022]031号,8721673,2022-06-01,https://zfcg.czt.zj.gov.cn/innerUsed_noticeDetails/index.html?noticeId=8721673
DQZFCG-2022-G08,8723612,2022-06-02,https://zfcg.czt.zj.gov.cn/innerUsed_noticeDetails/index.html?noticeId=8723612
LYTSZC2022-037,8725510,2022-06-02,https://zfcg.czt.zj.gov.cn/innerUsed_noticeDetails/index.html?noticeId=8725510
HBZFCG-2022-016,8725805,2022-06-02,https://zfcg.czt.zj.gov.cn/innerUsed_noticeDetails/index.html?noticeId=8725805
ZJJY2022-029,8727550,2022-06-06,https://zfcg.czt.zj.gov.cn/innerUsed_noticeDetails/index.html?noticeId=8727550
HJZCD-2022-018,8727643,2022-06-06,https://zfcg.czt.zj.gov.cn/innerUsed_noticeDetails/index.html?noticeId=8727643
CTZB-2022040531,8732583,2022-06-07,https://zfcg.czt.zj.gov.cn/innerUsed_noticeDetails/index.html?noticeId=8732583
WLCG-2022-06-GK,8733680,2022-06-08,https://zfcg.czt.zj.gov.cn/innerUsed_noticeDetails/index.html?noticeId=8733680
ZJ-2261027,8734397,2022-06-08,https://zfcg.czt.zj.gov.cn/innerUsed_noticeDetails/index.html?noticeId=8734397
SXPZ-H20220509CKY,8735775,2022-06-08,https://zfcg.czt.zj.gov.cn/innerUsed_noticeDetails/index.html?noticeId=8735775
WMU-2022924,8738117,2022-06-09,https://zfcg.czt.zj.gov.cn/innerUsed_noticeDetails/index.html?noticeId=8738117
ZJ-2240714,8738901,2022-06-09,https://zfcg.czt.zj.gov.cn/innerUsed_noticeDetails/index.html?noticeId=8738901
NBJX2022084G,8739462,2022-06-10,https://zfcg.czt.zj.gov.cn/innerUsed_noticeDetails/index.html?noticeId=8739462
ZJ-2270456-02,8741642,2022-06-10,https://zfcg.czt.zj.gov.cn/innerUsed_noticeDetails/index.html?noticeId=8741642
LYJY2022024,8660746,2022-04-30,https://zfcg.czt.zj.gov.cn/innerUsed_noticeDetails/index.html?noticeId=8660746
LYCG2022GK006,8663281,2022-05-05,https://zfcg.czt.zj.gov.cn/innerUsed_noticeDetails/index.html?noticeId=8663281
HJZCD-2022-010,8665578,2022-05-06,https://zfcg.czt.zj.gov.cn/innerUsed_noticeDetails/index.html?noticeId=8665578
CBNB-20223078G磋,8666316,2022-05-06,https://zfcg.czt.zj.gov.cn/innerUsed_noticeDetails/index.html?noticeId=8666316
CBNB-20226144G,8669370,2022-05-07,https://zfcg.czt.zj.gov.cn/innerUsed_noticeDetails/index.html?noticeId=8669370
HYHZ2022-41（湖财采确临【2022】1632号）,8672005,2022-05-09,https://zfcg.czt.zj.gov.cn/innerUsed_noticeDetails/index.html?noticeId=8672005
HXGQCG2022-GK-002,8672008,,https://zfcg.czt.zj.gov.cn/innerUsed_noticeDetails/index.html?noticeId=8672008
fyyj2022006,8673146,,https://zfcg.czt.zj.gov.cn/innerUsed_noticeDetails/index.html?noticeId=8673146
NBJX2022062G,8676663,2022-05-11,https://zfcg.czt.zj.gov.cn/innerUsed_noticeDetails/index.html?noticeId=8676663
QSZB-Z(G)-C22102(CS),8677127,2022-05-11,https://zfcg.czt.zj.gov.cn/innerUsed_noticeDetails/index.html?noticeId=8677127
HZCPM-2022-0402,8681785,2022-05-13,https://zfcg.czt.zj.gov.cn/innerUsed_noticeDetails/index.html?noticeId=8681785
ZJJY-20211227-03,8683868,2022-05-13,https://zfcg.czt.zj.gov.cn/innerUsed_noticeDetails/index.html?noticeId=8683868
QSZB-Z(F)-B22082(GK),8686269,2022-05-16,https://zfcg.czt.zj.gov.cn/innerUsed_noticeDetails/index.html?noticeId=8686269
ZJJYZB-2022-ZC07,8686524,2022-05-16,https://zfcg.czt.zj.gov.cn/innerUsed_noticeDetails/index.html?noticeId=8686524
ZJXSJ2022043,8686733,2022-05-16,https://zfcg.czt.zj.gov.cn/innerUsed_noticeDetails/index.html?noticeId=8686733
ZJXSJ2022049,8686736,2022-05-16,https://zfcg.czt.zj.gov.cn/innerUsed_noticeDetails/index.html?noticeId=8686736
XSCL2022-ZCY005,8688062,2022-05-17,https://zfcg.czt.zj.gov.cn/innerUsed_noticeDetails/index.html?noticeId=8688062
YH-ZFCG-2022-006,8688448,2022-05-17,https://zfcg.czt.zj.gov.cn/innerUsed_noticeDetails/index.html?noticeId=8688448
ZB2022011a,8690992,2022-05-18,https://zfcg.czt.zj.gov.cn/innerUsed_noticeDetails/index.html?noticeId=8690992
JHCG2022G-009,8694444,2022-05-19,https://zfcg.czt.zj.gov.cn/innerUsed_noticeDetails/index.html?noticeId=8694444
ZJXL-HSZ-202202,8695068,2022-05-19,https://zfcg.czt.zj.gov.cn/innerUsed_noticeDetails/index.html?noticeId=8695068
HCCG2021-106,8696087,2022-05-19,https://zfcg.czt.zj.gov.cn/innerUsed_noticeDetails/index.html?noticeId=8696087
HCCG2022-107,8696088,2022-05-19,https://zfcg.czt.zj.gov.cn/innerUsed_noticeDetails/index.html?noticeId=8696088
ZJZX-HZZGH-2022001,8697981,2022-05-20,https://zfcg.czt.zj.gov.cn/innerUsed_noticeDetails/index.html?noticeId=8697981
xzcg-2022-036（招）,8699622,2022-05-23,https://zfcg.czt.zj.gov.cn/innerUsed_noticeDetails/index.html?noticeId=8699622
TLZHGQCG2022-GK-003,8699922,,https://zfcg.czt.zj.gov.cn/innerUsed_noticeDetails/index.html?noticeId=8699922
ZHJS（ZC)-2022-006,8700812,2022-05-23,https://zfcg.czt.zj.gov.cn/innerUsed_noticeDetails/index.html?noticeId=8700812
JJWL22030142,8702343,2022-05-23,https://zfcg.czt.zj.gov.cn/innerUsed_noticeDetails/index.html?noticeId=8702343
HXZFCG2022-GK-001,8704475,2022-05-24,https://zfcg.czt.zj.gov.cn/innerUsed_noticeDetails/index.html?noticeId=8704475
TY2022-HW090-ZFCG090,8704530,2022-05-24,https://zfcg.czt.zj.gov.cn/innerUsed_noticeDetails/index.html?noticeId=8704530
HZZFCG-2022-037,8621809,2022-04-11,https://zfcg.czt.zj.gov.cn/innerUsed_noticeDetails/index.html?noticeId=8621809
YH-ZFCG-2022-001,8623258,2022-04-12,https://zfcg.czt.zj.gov.cn/innerUsed_noticeDetails/index.html?noticeId=8623258
0625-22218164,8625318,2022-04-13,https://zfcg.czt.zj.gov.cn/innerUsed_noticeDetails/index.html?noticeId=8625318
ZJZC-227016,8626136,2022-04-13,https://zfcg.czt.zj.gov.cn/innerUsed_noticeDetails/index.html?noticeId=8626136
ZJJY-20220301,8626290,2022-04-13,https://zfcg.czt.zj.gov.cn/innerUsed_noticeDetails/index.html?noticeId=8626290
DTCG20220324024,8627849,2022-04-14,https://zfcg.czt.zj.gov.cn/innerUsed_noticeDetails/index.html?noticeId=8627849
2022HCDL031,8631408,2022-04-15,https://zfcg.czt.zj.gov.cn/innerUsed_noticeDetails/index.html?noticeId=8631408
HCCG2022-102,8631990,2022-04-15,https://zfcg.czt.zj.gov.cn/innerUsed_noticeDetails/index.html?noticeId=8631990
HCCG2022-104,8634107,2022-04-18,https://zfcg.czt.zj.gov.cn/innerUsed_noticeDetails/index.html?noticeId=8634107
FHGQZB(2022)046D,8636103,,https://zfcg.czt.zj.gov.cn/innerUsed_noticeDetails/index.html?noticeId=8636103
ZJ-2240704,8636586,2022-04-19,https://zfcg.czt.zj.gov.cn/innerUsed_noticeDetails/index.html?noticeId=8636586
CTZB-2022030170,8641150,2022-04-21,https://zfcg.czt.zj.gov.cn/innerUsed_noticeDetails/index.html?noticeId=8641150
ZJJY-20220302,8641158,2022-04-21,https://zfcg.czt.zj.gov.cn/innerUsed_noticeDetails/index.html?noticeId=8641158
RTZFCG-2022-015,8643858,2022-04-22,https://zfcg.czt.zj.gov.cn/innerUsed_noticeDetails/index.html?noticeId=8643858
0625-22215137（重新招标）,8645077,2022-04-22,https://zfcg.czt.zj.gov.cn/innerUsed_noticeDetails/index.html?noticeId=8645077
HZZFCG-2022-053,8646701,2022-04-24,https://zfcg.czt.zj.gov.cn/innerUsed_noticeDetails/index.html?noticeId=8646701
湖财采确临[2022]2072号,8647885,2022-04-25,https://zfcg.czt.zj.gov.cn/innerUsed_noticeDetails/index.html?noticeId=8647885
HYZFCG-2022-005,8649413,2022-04-25,https://zfcg.czt.zj.gov.cn/innerUsed_noticeDetails/index.html?noticeId=8649413
CTZB-2022040096,8650953,2022-04-26,https://zfcg.czt.zj.gov.cn/innerUsed_noticeDetails/index.html?noticeId=8650953
HXGQCG2022-GK-003,8659690,,https://zfcg.czt.zj.gov.cn/innerUsed_noticeDetails/index.html?noticeId=8659690
0625-22217326,8660431,2022-04-29,https://zfcg.czt.zj.gov.cn/innerUsed_noticeDetails/index.html?noticeId=8660431
JHCG2021C-055-C01,8534369,2022-01-28,https://zfcg.czt.zj.gov.cn/innerUsed_noticeDetails/index.html?noticeId=8534369
绍柯采[2021]5318号,8544108,2022-02-16,https://zfcg.czt.zj.gov.cn/innerUsed_noticeDetails/index.html?noticeId=8544108
FHGQZB(2021)239D-1,8544216,,https://zfcg.czt.zj.gov.cn/innerUsed_noticeDetails/index.html?noticeId=8544216
HJZCD-2022-001,8544878,2022-02-16,https://zfcg.czt.zj.gov.cn/innerUsed_noticeDetails/index.html?noticeId=8544878
JHHX2022-HW01022-ZFCG03,8549679,2022-02-21,https://zfcg.czt.zj.gov.cn/innerUsed_noticeDetails/index.html?noticeId=8549679
绍柯采[2021]5414号,8552819,2022-02-23,https://zfcg.czt.zj.gov.cn/innerUsed_noticeDetails/index.html?noticeId=8552819
GTXJ（采购）-21201,8555209,2022-02-24,https://zfcg.czt.zj.gov.cn/innerUsed_noticeDetails/index.html?noticeId=8555209
信源采招[2022]第5001号,8556102,2022-02-25,https://zfcg.czt.zj.gov.cn/innerUsed_noticeDetails/index.html?noticeId=8556102
HZJT-2022002,8559667,2022-03-01,https://zfcg.czt.zj.gov.cn/innerUsed_noticeDetails/index.html?noticeId=8559667
ZJMY(采)2021333,8561401,2022-03-02,https://zfcg.czt.zj.gov.cn/innerUsed_noticeDetails/index.html?noticeId=8561401
ZJMY(采)2021332,8567154,2022-03-07,https://zfcg.czt.zj.gov.cn/innerUsed_noticeDetails/index.html?noticeId=8567154
LYCG2022XJ002,8568736,2022-03-08,https://zfcg.czt.zj.gov.cn/innerUsed_noticeDetails/index.html?noticeId=8568736
ZJWS2022-HYSSXX01,8571507,2022-03-09,https://zfcg.czt.zj.gov.cn/innerUsed_noticeDetails/index.html?noticeId=8571507
JHHX2022-HW02032-ZFCG07,8572180,2022-03-10,https://zfcg.czt.zj.gov.cn/innerUsed_noticeDetails/index.html?noticeId=8572180
JHHX2022-HW01022-ZFCG03-CZ01,8581210,2022-03-16,https://zfcg.czt.zj.gov.cn/innerUsed_noticeDetails/index.html?noticeId=8581210
WZZF2022(ZC)-02-016（CS）,8581556,2022-03-16,https://zfcg.czt.zj.gov.cn/innerUsed_noticeDetails/index.html?noticeId=8581556
JHHX2022-HW01023-ZFCG04,8587909,2022-03-21,https://zfcg.czt.zj.gov.cn/innerUsed_noticeDetails/index.html?noticeId=8587909
CGZX（CS）-2022-002,8596590,2022-03-25,https://zfcg.czt.zj.gov.cn/innerUsed_noticeDetails/index.html?noticeId=8596590
云志正招2022010号,8604746,2022-03-30,https://zfcg.czt.zj.gov.cn/innerUsed_noticeDetails/index.html?noticeId=8604746
信源采招[2022]第5002号,8609687,2022-04-02,https://zfcg.czt.zj.gov.cn/innerUsed_noticeDetails/index.html?noticeId=8609687
ZJZBC-GK-22-9009,8610129,2022-04-02,https://zfcg.czt.zj.gov.cn/innerUsed_noticeDetails/index.html?noticeId=8610129
YH-ZFCG-2022-004,8610513,2022-04-02,https://zfcg.czt.zj.gov.cn/innerUsed_noticeDetails/index.html?noticeId=8610513
浙亿云采2022-024号,8612235,2022-04-06,https://zfcg.czt.zj.gov.cn/innerUsed_noticeDetails/index.html?noticeId=8612235
HZZFCG-2022-016,8613946,2022-04-06,https://zfcg.czt.zj.gov.cn/innerUsed_noticeDetails/index.html?noticeId=8613946
云五石招2022002号,8613988,2022-04-06,https://zfcg.czt.zj.gov.cn/innerUsed_noticeDetails/index.html?noticeId=8613988
RTZFCG-2022-018-1,8616019,2022-04-07,https://zfcg.czt.zj.gov.cn/innerUsed_noticeDetails/index.html?noticeId=8616019
JHHX2022-HW03072-ZFCG23,8616933,2022-04-08,https://zfcg.czt.zj.gov.cn/innerUsed_noticeDetails/index.html?noticeId=8616933
HZZFCG-2022-038,8621660,2022-04-11,https://zfcg.czt.zj.gov.cn/innerUsed_noticeDetails/index.html?noticeId=8621660
JSCG2022021(G),8795603,2022-07-01,https://zfcg.czt.zj.gov.cn/innerUsed_noticeDetails/index.html?noticeId=8795603
CXZFCG[2022]1136号,8795817,2022-07-01,https://zfcg.czt.zj.gov.cn/innerUsed_noticeDetails/index.html?noticeId=8795817
WZZF2022(ZC)-05-099（CS）,8796096,2022-07-02,https://zfcg.czt.zj.gov.cn/innerUsed_noticeDetails/index.html?noticeId=8796096
AJJXGK2022-014B,8797480,2022-07-04,https://zfcg.czt.zj.gov.cn/innerUsed_noticeDetails/index.html?noticeId=8797480
0625-22217709-1,8797672,2022-07-04,https://zfcg.czt.zj.gov.cn/innerUsed_noticeDetails/index.html?noticeId=8797672
LYCG2022GK013,8798116,2022-07-04,https://zfcg.czt.zj.gov.cn/innerUsed_noticeDetails/index.html?noticeId=8798116
DL[2022]088,8798722,2022-07-04,https://zfcg.czt.zj.gov.cn/innerUsed_noticeDetails/index.html?noticeId=8798722
CGZX（CS）-2022-013,8798915,2022-07-04,https://zfcg.czt.zj.gov.cn/innerUsed_noticeDetails/index.html?noticeId=8798915
YG2022-FW4226-ZFCG109（202205187）,8798922,2022-07-04,https://zfcg.czt.zj.gov.cn/innerUsed_noticeDetails/index.html?noticeId=8798922
ZJWS-GS202212G,8800626,2022-07-05,https://zfcg.czt.zj.gov.cn/innerUsed_noticeDetails/index.html?noticeId=8800626
4017112022009-CJCG22026,8803134,2022-07-06,https://zfcg.czt.zj.gov.cn/innerUsed_noticeDetails/index.html?noticeId=8803134
Z-GBLC20220530002,8803157,2022-07-06,https://zfcg.czt.zj.gov.cn/innerUsed_noticeDetails/index.html?noticeId=8803157
建湖【2022】采040号（重招）,8803527,2022-07-06,https://zfcg.czt.zj.gov.cn/innerUsed_noticeDetails/index.html?noticeId=8803527
临[2022]1451号,8804145,2022-07-06,https://zfcg.czt.zj.gov.cn/innerUsed_noticeDetails/index.html?noticeId=8804145
QSZB-Z(G)-C22203(CS),8805470,2022-07-06,https://zfcg.czt.zj.gov.cn/innerUsed_noticeDetails/index.html?noticeId=8805470
HZSYCG2022-030,8805937,2022-07-07,https://zfcg.czt.zj.gov.cn/innerUsed_noticeDetails/index.html?noticeId=8805937
HJZCD-2022-030,8806764,2022-07-07,https://zfcg.czt.zj.gov.cn/innerUsed_noticeDetails/index.html?noticeId=8806764
DJG202206,8806777,2022-07-07,https://zfcg.czt.zj.gov.cn/innerUsed_noticeDetails/index.html?noticeId=8806777
NBDT-20220601,8806846,2022-07-07,https://zfcg.czt.zj.gov.cn/innerUsed_noticeDetails/index.html?noticeId=8806846
ZRZJZFCG2022-001,8807365,2022-07-07,https://zfcg.czt.zj.gov.cn/innerUsed_noticeDetails/index.html?noticeId=8807365
ZJCT6-HQZ2022-06,8808231,2022-07-07,https://zfcg.czt.zj.gov.cn/innerUsed_noticeDetails/index.html?noticeId=8808231
HZGZ2022-23,8808379,2022-07-07,https://zfcg.czt.zj.gov.cn/innerUsed_noticeDetails/index.html?noticeId=8808379
Z-GB20220615006,8808686,2022-07-07,https://zfcg.czt.zj.gov.cn/innerUsed_noticeDetails/index.html?noticeId=8808686
WCCG-2022-06,8808921,2022-07-07,https://zfcg.czt.zj.gov.cn/innerUsed_noticeDetails/index.html?noticeId=8808921
浙亿云采2022-034号,8809254,2022-07-08,https://zfcg.czt.zj.gov.cn/innerUsed_noticeDetails/index.html?noticeId=8809254
ZB2022047,8809339,2022-07-08,https://zfcg.czt.zj.gov.cn/innerUsed_noticeDetails/index.html?noticeId=8809339
ZHJS（ZC)-2022-008,8809965,2022-07-08,https://zfcg.czt.zj.gov.cn/innerUsed_noticeDetails/index.html?noticeId=8809965
JHCG2022C-017,8810151,2022-07-08,https://zfcg.czt.zj.gov.cn/innerUsed_noticeDetails/index.html?noticeId=8810151
YH2022-05003-2,8811186,2022-07-08,https://zfcg.czt.zj.gov.cn/innerUsed_noticeDetails/index.html?noticeId=8811186
龙政采F2022-47G18,8812258,2022-07-08,https://zfcg.czt.zj.gov.cn/innerUsed_noticeDetails/index.html?noticeId=8812258
信源采招[2022]第5006号,8813362,2022-07-11,https://zfcg.czt.zj.gov.cn/innerUsed_noticeDetails/index.html?noticeId=8813362
HZJZCG-2022(006),8813399,2022-07-11,https://zfcg.czt.zj.gov.cn/innerUsed_noticeDetails/index.html?noticeId=8813399
xzcg-2022-038(招),8769281,2022-06-22,https://zfcg.czt.zj.gov.cn/innerUsed_noticeDetails/index.html?noticeId=8769281
JACG2022006,8771306,2022-06-23,https://zfcg.czt.zj.gov.cn/innerUsed_noticeDetails/index.html?noticeId=8771306
HJZCD-2022-023,8771970,2022-06-23,https://zfcg.czt.zj.gov.cn/innerUsed_noticeDetails/index.html?noticeId=8771970
浙亿云采2022-035号（第二次）,8772107,2022-06-23,https://zfcg.czt.zj.gov.cn/innerUsed_noticeDetails/index.html?noticeId=8772107
HZHQ-WZJY-202201,8772276,2022-06-23,https://zfcg.czt.zj.gov.cn/innerUsed_noticeDetails/index.html?noticeId=8772276
HXCG-ZF-2022-022B,8773394,2022-06-23,https://zfcg.czt.zj.gov.cn/innerUsed_noticeDetails/index.html?noticeId=8773394
HNCG2022038,8773628,2022-06-24,https://zfcg.czt.zj.gov.cn/innerUsed_noticeDetails/index.html?noticeId=8773628
GSZFCG-2022-004,8774941,2022-06-24,https://zfcg.czt.zj.gov.cn/innerUsed_noticeDetails/index.html?noticeId=8774941
HZY2022013,8776581,2022-06-24,https://zfcg.czt.zj.gov.cn/innerUsed_noticeDetails/index.html?noticeId=8776581
杭政采分-2022-01190,8777121,2022-06-24,https://zfcg.czt.zj.gov.cn/innerUsed_noticeDetails/index.html?noticeId=8777121
JSCG2022018(G),8777194,2022-06-24,https://zfcg.czt.zj.gov.cn/innerUsed_noticeDetails/index.html?noticeId=8777194
TZFD(2022)-1038号,8778970,2022-06-27,https://zfcg.czt.zj.gov.cn/innerUsed_noticeDetails/index.html?noticeId=8778970
HJZCD-2022-038,8779021,2022-06-27,https://zfcg.czt.zj.gov.cn/innerUsed_noticeDetails/index.html?noticeId=8779021
DQZFCG-2022-G15,8782871,2022-06-28,https://zfcg.czt.zj.gov.cn/innerUsed_noticeDetails/index.html?noticeId=8782871
QZYCG2022-086,8783149,2022-06-28,https://zfcg.czt.zj.gov.cn/innerUsed_noticeDetails/index.html?noticeId=8783149
JD2022BF-084,8784710,2022-06-28,https://zfcg.czt.zj.gov.cn/innerUsed_noticeDetails/index.html?noticeId=8784710
DTCG20220602048,8786357,2022-06-29,https://zfcg.czt.zj.gov.cn/innerUsed_noticeDetails/index.html?noticeId=8786357
JHZZ2022-ZFCG-0607,8786397,2022-06-29,https://zfcg.czt.zj.gov.cn/innerUsed_noticeDetails/index.html?noticeId=8786397
诸暨博开2022-06-01,8786470,2022-06-29,https://zfcg.czt.zj.gov.cn/innerUsed_noticeDetails/index.html?noticeId=8786470
QTFSCG2022--046,8787046,2022-06-29,https://zfcg.czt.zj.gov.cn/innerUsed_noticeDetails/index.html?noticeId=8787046
HJZCD-2022-042,8787495,2022-06-29,https://zfcg.czt.zj.gov.cn/innerUsed_noticeDetails/index.html?noticeId=8787495
诸广和2022-06-26,8788181,2022-06-29,https://zfcg.czt.zj.gov.cn/innerUsed_noticeDetails/index.html?noticeId=8788181
NBITC-202250081GCE,8788294,2022-06-29,https://zfcg.czt.zj.gov.cn/innerUsed_noticeDetails/index.html?noticeId=8788294
CBZJ-20223031G,8788383,2022-06-29,https://zfcg.czt.zj.gov.cn/innerUsed_noticeDetails/index.html?noticeId=8788383
HJZCD-2022-029,8788846,2022-06-30,https://zfcg.czt.zj.gov.cn/innerUsed_noticeDetails/index.html?noticeId=8788846
BJJYJ-ZKGK2022-0613,8789894,2022-06-30,https://zfcg.czt.zj.gov.cn/innerUsed_noticeDetails/index.html?noticeId=8789894
HQZB-PYCG-2022060601,8790942,2022-06-30,https://zfcg.czt.zj.gov.cn/innerUsed_noticeDetails/index.html?noticeId=8790942
WZZS-2022053001,8791051,2022-06-30,https://zfcg.czt.zj.gov.cn/innerUsed_noticeDetails/index.html?noticeId=8791051
QCGZ2022009,8791420,2022-06-30,https://zfcg.czt.zj.gov.cn/innerUsed_noticeDetails/index.html?noticeId=8791420
QSZB-Z(H)-B22203(CS),8792180,2022-06-30,https://zfcg.czt.zj.gov.cn/innerUsed_noticeDetails/index.html?noticeId=8792180
DTCG20220609049,8792492,2022-06-30,https://zfcg.czt.zj.gov.cn/innerUsed_noticeDetails/index.html?noticeId=8792492
SXDC2022-04-15,8792624,2022-06-30,https://zfcg.czt.zj.gov.cn/innerUsed_noticeDetails/index.html?noticeId=8792624
龙政采F2022-41G15,8792726,2022-06-30,https://zfcg.czt.zj.gov.cn/innerUsed_noticeDetails/index.html?noticeId=8792726
HJZCD-2022-039,8793981,2022-07-01,https://zfcg.czt.zj.gov.cn/innerUsed_noticeDetails/index.html?noticeId=8793981
PYCG220607018,8794022,2022-07-01,https://zfcg.czt.zj.gov.cn/innerUsed_noticeDetails/index.html?noticeId=8794022
JJWL22030142-1,8795262,2022-07-01,https://zfcg.czt.zj.gov.cn/innerUsed_noticeDetails/index.html?noticeId=8795262
0625-22217579,8742944,2022-06-13,https://zfcg.czt.zj.gov.cn/innerUsed_noticeDetails/index.html?noticeId=8742944
DQZFCG-2022-G13,8744056,2022-06-13,https://zfcg.czt.zj.gov.cn/innerUsed_noticeDetails/index.html?noticeId=8744056
云五石招2022006号,8745474,2022-06-13,https://zfcg.czt.zj.gov.cn/innerUsed_noticeDetails/index.html?noticeId=8745474
HJZCD-2022-035,8747581,2022-06-14,https://zfcg.czt.zj.gov.cn/innerUsed_noticeDetails/index.html?noticeId=8747581
HZZFCG-2022-080,8748277,2022-06-14,https://zfcg.czt.zj.gov.cn/innerUsed_noticeDetails/index.html?noticeId=8748277
LCZ2022-003-1,8748396,2022-06-14,https://zfcg.czt.zj.gov.cn/innerUsed_noticeDetails/index.html?noticeId=8748396
CXCG202205004,8749222,2022-06-15,https://zfcg.czt.zj.gov.cn/innerUsed_noticeDetails/index.html?noticeId=8749222
ZJSX01202205003,8749904,2022-06-15,https://zfcg.czt.zj.gov.cn/innerUsed_noticeDetails/index.html?noticeId=8749904
YG2022-HW4153-ZFCG085,8749962,2022-06-15,https://zfcg.czt.zj.gov.cn/innerUsed_noticeDetails/index.html?noticeId=8749962
YH2022-05055,8749979,2022-06-15,https://zfcg.czt.zj.gov.cn/innerUsed_noticeDetails/index.html?noticeId=8749979
信源采招[2022]第5007号,8752879,2022-06-16,https://zfcg.czt.zj.gov.cn/innerUsed_noticeDetails/index.html?noticeId=8752879
ZSJY-2-2022-ZFCG-008,8754173,2022-06-16,https://zfcg.czt.zj.gov.cn/innerUsed_noticeDetails/index.html?noticeId=8754173
HZHC-2022(A)060,8754362,2022-06-16,https://zfcg.czt.zj.gov.cn/innerUsed_noticeDetails/index.html?noticeId=8754362
JNJKC2022（GK)-023号,8754367,2022-06-16,https://zfcg.czt.zj.gov.cn/innerUsed_noticeDetails/index.html?noticeId=8754367
BSZB2022-AZZG072,8755801,2022-06-17,https://zfcg.czt.zj.gov.cn/innerUsed_noticeDetails/index.html?noticeId=8755801
QSZB-Z(H)-C22149(GK),8756410,2022-06-17,https://zfcg.czt.zj.gov.cn/innerUsed_noticeDetails/index.html?noticeId=8756410
QTJZCG2022-002-1,8756830,2022-06-17,https://zfcg.czt.zj.gov.cn/innerUsed_noticeDetails/index.html?noticeId=8756830
WMU-2022913,8757730,2022-06-17,https://zfcg.czt.zj.gov.cn/innerUsed_noticeDetails/index.html?noticeId=8757730
CBNB-20223108G,8758036,2022-06-17,https://zfcg.czt.zj.gov.cn/innerUsed_noticeDetails/index.html?noticeId=8758036
ZJJY-20220506,8758086,2022-06-17,https://zfcg.czt.zj.gov.cn/innerUsed_noticeDetails/index.html?noticeId=8758086
YC采字（2022）05-01,8759512,2022-06-20,https://zfcg.czt.zj.gov.cn/innerUsed_noticeDetails/index.html?noticeId=8759512
诸广和2022-06-15,8761204,2022-06-20,https://zfcg.czt.zj.gov.cn/innerUsed_noticeDetails/index.html?noticeId=8761204
诸政采2022-05-06,8761959,2022-06-20,https://zfcg.czt.zj.gov.cn/innerUsed_noticeDetails/index.html?noticeId=8761959
BJJYJ-ZKGK2022-0605,8763270,2022-06-21,https://zfcg.czt.zj.gov.cn/innerUsed_noticeDetails/index.html?noticeId=8763270
绍柯采[2022]1385号,8764111,2022-06-21,https://zfcg.czt.zj.gov.cn/innerUsed_noticeDetails/index.html?noticeId=8764111
浙江新顺2022-04-15,8764244,,https://zfcg.czt.zj.gov.cn/innerUsed_noticeDetails/index.html?noticeId=8764244
HZSY20220517,8764945,2022-06-21,https://zfcg.czt.zj.gov.cn/innerUsed_noticeDetails/index.html?noticeId=8764945
SMCG-2022-GK006,8765509,2022-06-21,https://zfcg.czt.zj.gov.cn/innerUsed_noticeDetails/index.html?noticeId=8765509
ZC2022003,8767202,2022-06-22,https://zfcg.czt.zj.gov.cn/innerUsed_noticeDetails/index.html?noticeId=8767202
QTCG-GK-2022-137,8767821,2022-06-22,https://zfcg.czt.zj.gov.cn/innerUsed_noticeDetails/index.html?noticeId=8767821
NBITC-202250068GCE,8768739,2022-06-22,https://zfcg.czt.zj.gov.cn/innerUsed_noticeDetails/index.html?noticeId=8768739
ZJ-2270456-08,8769141,2022-06-22,https://zfcg.czt.zj.gov.cn/innerUsed_noticeDetails/index.html?noticeId=8769141
ZJKXJZXCS1050162022002,8866360,2022-08-02,https://zfcg.czt.zj.gov.cn/innerUsed_noticeDetails/index.html?noticeId=8866360
dscg-lx临[2022]740号-101,8866546,2022-08-02,https://zfcg.czt.zj.gov.cn/innerUsed_noticeDetails/index.html?noticeId=8866546
LGCG2022209,8868103,2022-08-03,https://zfcg.czt.zj.gov.cn/innerUsed_noticeDetails/index.html?noticeId=8868103
Z-GBLC20220713002,8869215,2022-08-03,https://zfcg.czt.zj.gov.cn/innerUsed_noticeDetails/index.html?noticeId=8869215
QSZB-Z(H)-B22308(CS),8869272,2022-08-03,https://zfcg.czt.zj.gov.cn/innerUsed_noticeDetails/index.html?noticeId=8869272
Z-GB202207130158,8870520,2022-08-04,https://zfcg.czt.zj.gov.cn/innerUsed_noticeDetails/index.html?noticeId=8870520
dscg-lx[2022]697号-099,8870900,2022-08-04,https://zfcg.czt.zj.gov.cn/innerUsed_noticeDetails/index.html?noticeId=8870900
ZJHY-SZ2022018,8871131,2022-08-04,https://zfcg.czt.zj.gov.cn/innerUsed_noticeDetails/index.html?noticeId=8871131
HZJS2022-002,8871909,2022-08-04,https://zfcg.czt.zj.gov.cn/innerUsed_noticeDetails/index.html?noticeId=8871909
ZJJG-OB20220627,8872498,2022-08-05,https://zfcg.czt.zj.gov.cn/innerUsed_noticeDetails/index.html?noticeId=8872498
ZJJG-OB20220618-2,8872499,2022-08-05,https://zfcg.czt.zj.gov.cn/innerUsed_noticeDetails/index.html?noticeId=8872499
NBITC-202230739G,8873274,2022-08-05,https://zfcg.czt.zj.gov.cn/innerUsed_noticeDetails/index.html?noticeId=8873274
LCZ2022-023,8874730,2022-08-05,https://zfcg.czt.zj.gov.cn/innerUsed_noticeDetails/index.html?noticeId=8874730
NBITC-202230533G,8874748,2022-08-05,https://zfcg.czt.zj.gov.cn/innerUsed_noticeDetails/index.html?noticeId=8874748
NBITC-202230709GC,8875095,2022-08-05,https://zfcg.czt.zj.gov.cn/innerUsed_noticeDetails/index.html?noticeId=8875095
YH2022-07024,8875651,2022-08-07,https://zfcg.czt.zj.gov.cn/innerUsed_noticeDetails/index.html?noticeId=8875651
ZJXC-2022CS070501-1,8875660,2022-08-07,https://zfcg.czt.zj.gov.cn/innerUsed_noticeDetails/index.html?noticeId=8875660
ZJXC-2022G052601,8875722,2022-08-07,https://zfcg.czt.zj.gov.cn/innerUsed_noticeDetails/index.html?noticeId=8875722
绍柯采[2022]2208号,8877233,2022-08-08,https://zfcg.czt.zj.gov.cn/innerUsed_noticeDetails/index.html?noticeId=8877233
绍柯采[2022]2214号,8877235,2022-08-08,https://zfcg.czt.zj.gov.cn/innerUsed_noticeDetails/index.html?noticeId=8877235
CNDL2022208,8877930,2022-08-08,https://zfcg.czt.zj.gov.cn/innerUsed_noticeDetails/index.html?noticeId=8877930
WZLCZB（W）-2022-07316,8878410,2022-08-08,https://zfcg.czt.zj.gov.cn/innerUsed_noticeDetails/index.html?noticeId=8878410
2022-07-0055,8865344,2022-08-02,https://zfcg.czt.zj.gov.cn/innerUsed_noticeDetails/index.html?noticeId=8865344
台财采确[2022]4115-4116号,8865534,2022-08-02,https://zfcg.czt.zj.gov.cn/innerUsed_noticeDetails/index.html?noticeId=8865534
HQZB-RA-2022-41,8838666,2022-07-21,https://zfcg.czt.zj.gov.cn/innerUsed_noticeDetails/index.html?noticeId=8838666
HZJSGLJH-HW2022008,8838719,2022-07-21,https://zfcg.czt.zj.gov.cn/innerUsed_noticeDetails/index.html?noticeId=8838719
浙亿云采2022-049号,8840975,2022-07-21,https://zfcg.czt.zj.gov.cn/innerUsed_noticeDetails/index.html?noticeId=8840975
DTCG20220629058,8842400,2022-07-22,https://zfcg.czt.zj.gov.cn/innerUsed_noticeDetails/index.html?noticeId=8842400
XHZFCG-2022-G-30,8843199,2022-07-22,https://zfcg.czt.zj.gov.cn/innerUsed_noticeDetails/index.html?noticeId=8843199
ZJXY-HZ2022-66,8843213,2022-07-22,https://zfcg.czt.zj.gov.cn/innerUsed_noticeDetails/index.html?noticeId=8843213
HJZCD-2022-057,8843837,2022-07-22,https://zfcg.czt.zj.gov.cn/innerUsed_noticeDetails/index.html?noticeId=8843837
GS（采）2022-091,8843848,2022-07-22,https://zfcg.czt.zj.gov.cn/innerUsed_noticeDetails/index.html?noticeId=8843848
JSS2022D037Q-1,8843860,2022-07-22,https://zfcg.czt.zj.gov.cn/innerUsed_noticeDetails/index.html?noticeId=8843860
ZZCG2022F-GK-145,8843864,2022-07-22,https://zfcg.czt.zj.gov.cn/innerUsed_noticeDetails/index.html?noticeId=8843864
LGCG2022194,8844223,2022-07-22,https://zfcg.czt.zj.gov.cn/innerUsed_noticeDetails/index.html?noticeId=8844223
ZJJYDQ-2022-JC04,8844538,2022-07-22,https://zfcg.czt.zj.gov.cn/innerUsed_noticeDetails/index.html?noticeId=8844538
龙政采F2022-58C33,8844589,2022-07-22,https://zfcg.czt.zj.gov.cn/innerUsed_noticeDetails/index.html?noticeId=8844589
JHCG2022F-028C,8846426,2022-07-25,https://zfcg.czt.zj.gov.cn/innerUsed_noticeDetails/index.html?noticeId=8846426
TSCG202207024,8849519,2022-07-26,https://zfcg.czt.zj.gov.cn/innerUsed_noticeDetails/index.html?noticeId=8849519
ZJJSCG202207008,8849620,2022-07-26,https://zfcg.czt.zj.gov.cn/innerUsed_noticeDetails/index.html?noticeId=8849620
绍柯采[2022]2121号,8850516,2022-07-26,https://zfcg.czt.zj.gov.cn/innerUsed_noticeDetails/index.html?noticeId=8850516
JSS2022D040Q,8852357,2022-07-27,https://zfcg.czt.zj.gov.cn/innerUsed_noticeDetails/index.html?noticeId=8852357
ZJYC2022145(GK),8853734,2022-07-27,https://zfcg.czt.zj.gov.cn/innerUsed_noticeDetails/index.html?noticeId=8853734
ZJZM-2022-20（1）,8854192,2022-07-27,https://zfcg.czt.zj.gov.cn/innerUsed_noticeDetails/index.html?noticeId=8854192
zhzb-2022-006(招),8854706,2022-07-28,https://zfcg.czt.zj.gov.cn/innerUsed_noticeDetails/index.html?noticeId=8854706
JHJYCG2022002,8855322,2022-07-28,https://zfcg.czt.zj.gov.cn/innerUsed_noticeDetails/index.html?noticeId=8855322
YH-ZFCG-2022-018（重）,8855371,2022-07-28,https://zfcg.czt.zj.gov.cn/innerUsed_noticeDetails/index.html?noticeId=8855371
云五石招2022010号,8855376,2022-07-28,https://zfcg.czt.zj.gov.cn/innerUsed_noticeDetails/index.html?noticeId=8855376
政府采购2022-05,8855765,2022-07-28,https://zfcg.czt.zj.gov.cn/innerUsed_noticeDetails/index.html?noticeId=8855765
JYZFCG2022-02,8856055,2022-07-28,https://zfcg.czt.zj.gov.cn/innerUsed_noticeDetails/index.html?noticeId=8856055
ZJFZ-03082-2022,8856903,2022-07-28,https://zfcg.czt.zj.gov.cn/innerUsed_noticeDetails/index.html?noticeId=8856903
WQ2022174-ZFCG029,8857091,2022-07-28,https://zfcg.czt.zj.gov.cn/innerUsed_noticeDetails/index.html?noticeId=8857091
HJZCD-2022-059,8857415,2022-07-29,https://zfcg.czt.zj.gov.cn/innerUsed_noticeDetails/index.html?noticeId=8857415
0625-22215606（重招）,8859465,2022-07-29,https://zfcg.czt.zj.gov.cn/innerUsed_noticeDetails/index.html?noticeId=8859465
ZZCG2022D-CS-138,8859467,2022-07-29,https://zfcg.czt.zj.gov.cn/innerUsed_noticeDetails/index.html?noticeId=8859467
RTZFCG-2022-060,8859646,2022-07-29,https://zfcg.czt.zj.gov.cn/innerUsed_noticeDetails/index.html?noticeId=8859646
HXCG-ZF-2022-034,8859979,2022-07-29,https://zfcg.czt.zj.gov.cn/innerUsed_noticeDetails/index.html?noticeId=8859979
HQZB-OHQ-2022061628,8819054,2022-07-12,https://zfcg.czt.zj.gov.cn/innerUsed_noticeDetails/index.html?noticeId=8819054
CNDL2022166,8820402,2022-07-13,https://zfcg.czt.zj.gov.cn/innerUsed_noticeDetails/index.html?noticeId=8820402
MYWZ-202206041900,8821608,2022-07-13,https://zfcg.czt.zj.gov.cn/innerUsed_noticeDetails/index.html?noticeId=8821608
QSZB-Z(H)-B22233(CS),8821943,2022-07-13,https://zfcg.czt.zj.gov.cn/innerUsed_noticeDetails/index.html?noticeId=8821943
QSZB-Z(H)-B22247(CS),8821944,2022-07-13,https://zfcg.czt.zj.gov.cn/innerUsed_noticeDetails/index.html?noticeId=8821944
ZJHY-20220621-H,8822131,2022-07-13,https://zfcg.czt.zj.gov.cn/innerUsed_noticeDetails/index.html?noticeId=8822131
DLLH-Z（H）-KC20220522（GK）,8822594,2022-07-14,https://zfcg.czt.zj.gov.cn/innerUsed_noticeDetails/index.html?noticeId=8822594
HJZCD-2022-053,8822937,2022-07-14,https://zfcg.czt.zj.gov.cn/innerUsed_noticeDetails/index.html?noticeId=8822937
NBMC-20223042G,8823264,2022-07-14,https://zfcg.czt.zj.gov.cn/innerUsed_noticeDetails/index.html?noticeId=8823264
ZHJS（ZC)-2022-005,8823759,2022-07-14,https://zfcg.czt.zj.gov.cn/innerUsed_noticeDetails/index.html?noticeId=8823759
QSZB-Z(H)-C22217(CS),8824480,2022-07-14,https://zfcg.czt.zj.gov.cn/innerUsed_noticeDetails/index.html?noticeId=8824480
QSZB-Z(H)-B22241(CS),8824762,2022-07-14,https://zfcg.czt.zj.gov.cn/innerUsed_noticeDetails/index.html?noticeId=8824762
Z-GB202206210156,8824784,2022-07-14,https://zfcg.czt.zj.gov.cn/innerUsed_noticeDetails/index.html?noticeId=8824784
ZJJG-OB20220617,8825048,2022-07-14,https://zfcg.czt.zj.gov.cn/innerUsed_noticeDetails/index.html?noticeId=8825048
HYHZ2022-133（临[2022]7058号）,8825419,2022-07-15,https://zfcg.czt.zj.gov.cn/innerUsed_noticeDetails/index.html?noticeId=8825419
ZZCG2022D-GK-124,8826162,2022-07-15,https://zfcg.czt.zj.gov.cn/innerUsed_noticeDetails/index.html?noticeId=8826162
CG202206A05,8826502,2022-07-15,https://zfcg.czt.zj.gov.cn/innerUsed_noticeDetails/index.html?noticeId=8826502
THZB-22AC36047,8827657,2022-07-15,https://zfcg.czt.zj.gov.cn/innerUsed_noticeDetails/index.html?noticeId=8827657
F-GB202206170555,8828277,2022-07-15,https://zfcg.czt.zj.gov.cn/innerUsed_noticeDetails/index.html?noticeId=8828277
HSZX-ZCY-CS2022001,8828504,2022-07-16,https://zfcg.czt.zj.gov.cn/innerUsed_noticeDetails/index.html?noticeId=8828504
中际-ZJZJGC（2022）嘉18号,8828664,2022-07-16,https://zfcg.czt.zj.gov.cn/innerUsed_noticeDetails/index.html?noticeId=8828664
HZZFCG-2022-117,8830476,2022-07-18,https://zfcg.czt.zj.gov.cn/innerUsed_noticeDetails/index.html?noticeId=8830476
HZZFCG-2022-121,8830815,2022-07-18,https://zfcg.czt.zj.gov.cn/innerUsed_noticeDetails/index.html?noticeId=8830815
ZZCG2022X-GK-126,8831369,2022-07-18,https://zfcg.czt.zj.gov.cn/innerUsed_noticeDetails/index.html?noticeId=8831369
CG202206A06,8831502,2022-07-18,https://zfcg.czt.zj.gov.cn/innerUsed_noticeDetails/index.html?noticeId=8831502
CTZB--2022060406,8832399,2022-07-19,https://zfcg.czt.zj.gov.cn/innerUsed_noticeDetails/index.html?noticeId=8832399
TSCG202207009,8832889,2022-07-19,https://zfcg.czt.zj.gov.cn/innerUsed_noticeDetails/index.html?noticeId=8832889
WZLCZB（W）-2022-06237,8833152,2022-07-19,https://zfcg.czt.zj.gov.cn/innerUsed_noticeDetails/index.html?noticeId=8833152
HJZCD-2022-055,8833325,2022-07-19,https://zfcg.czt.zj.gov.cn/innerUsed_noticeDetails/index.html?noticeId=8833325
xzcg-2022-036(招)（第二次）,8833364,2022-07-19,https://zfcg.czt.zj.gov.cn/innerUsed_noticeDetails/index.html?noticeId=8833364
LNCG2022-004,8833835,2022-07-19,https://zfcg.czt.zj.gov.cn/innerUsed_noticeDetails/index.html?noticeId=8833835
RAJC20220609,8836171,2022-07-20,https://zfcg.czt.zj.gov.cn/innerUsed_noticeDetails/index.html?noticeId=8836171
台财采确【2022】3656号-1,8837549,2022-07-20,https://zfcg.czt.zj.gov.cn/innerUsed_noticeDetails/index.html?noticeId=8837549
2022NBHSJC031,8837616,2022-07-20,https://zfcg.czt.zj.gov.cn/innerUsed_noticeDetails/index.html?noticeId=8837616
G22070230339,8838240,2022-07-20,https://zfcg.czt.zj.gov.cn/innerUsed_noticeDetails/index.html?noticeId=8838240
CS2022013,8813680,2022-07-11,https://zfcg.czt.zj.gov.cn/innerUsed_noticeDetails/index.html?noticeId=8813680
JHCG2022E-013,8814026,2022-07-11,https://zfcg.czt.zj.gov.cn/innerUsed_noticeDetails/index.html?noticeId=8814026
JHCG2022G-025,8815029,2022-07-11,https://zfcg.czt.zj.gov.cn/innerUsed_noticeDetails/index.html?noticeId=8815029
ZJZBC-GK-22-9021,8815898,2022-07-11,https://zfcg.czt.zj.gov.cn/innerUsed_noticeDetails/index.html?noticeId=8815898
WZZF2022(ZC)-05-107（GK）,8816825,2022-07-12,https://zfcg.czt.zj.gov.cn/innerUsed_noticeDetails/index.html?noticeId=8816825
HZHC-2022（J）001,8817991,2022-07-12,https://zfcg.czt.zj.gov.cn/innerUsed_noticeDetails/index.html?noticeId=8817991
ZJ-2241390,8818152,2022-07-12,https://zfcg.czt.zj.gov.cn/innerUsed_noticeDetails/index.html?noticeId=8818152
恒合【2022】采048,8818797,2022-07-12,https://zfcg.czt.zj.gov.cn/innerUsed_noticeDetails/index.html?noticeId=8818797
0625-22217B07,8942241,2022-09-07,https://zfcg.czt.zj.gov.cn/innerUsed_noticeDetails/index.html?noticeId=8942241
JHCG2022C-032-C01,8943915,2022-09-08,https://zfcg.czt.zj.gov.cn/innerUsed_noticeDetails/index.html?noticeId=8943915
ZJTZCA2022009ZC号,8944008,2022-09-08,https://zfcg.czt.zj.gov.cn/innerUsed_noticeDetails/index.html?noticeId=8944008
TZTX-2022-CS063,8944021,2022-09-08,https://zfcg.czt.zj.gov.cn/innerUsed_noticeDetails/index.html?noticeId=8944021
HZCPM-2022-0801,8944183,2022-09-08,https://zfcg.czt.zj.gov.cn/innerUsed_noticeDetails/index.html?noticeId=8944183
ZJJSCG202207014-,8946237,2022-09-09,https://zfcg.czt.zj.gov.cn/innerUsed_noticeDetails/index.html?noticeId=8946237
HNCG2022044,8946609,2022-09-09,https://zfcg.czt.zj.gov.cn/innerUsed_noticeDetails/index.html?noticeId=8946609
QTFSCG2022-151,8948099,2022-09-09,https://zfcg.czt.zj.gov.cn/innerUsed_noticeDetails/index.html?noticeId=8948099
MYWZ-202206041900（第三次）,8948285,2022-09-09,https://zfcg.czt.zj.gov.cn/innerUsed_noticeDetails/index.html?noticeId=8948285
HZZFCG-2022-141,8951485,2022-09-13,https://zfcg.czt.zj.gov.cn/innerUsed_noticeDetails/index.html?noticeId=8951485
QTFSCG2022-154,8951539,2022-09-13,https://zfcg.czt.zj.gov.cn/innerUsed_noticeDetails/index.html?noticeId=8951539
YHZFCG2022-160,8952247,2022-09-13,https://zfcg.czt.zj.gov.cn/innerUsed_noticeDetails/index.html?noticeId=8952247
HZSYCG2022-053,8955414,2022-09-15,https://zfcg.czt.zj.gov.cn/innerUsed_noticeDetails/index.html?noticeId=8955414
ZJWY-SS-2022006,8956450,2022-09-15,https://zfcg.czt.zj.gov.cn/innerUsed_noticeDetails/index.html?noticeId=8956450
HMZB20221079-2,8957198,2022-09-15,https://zfcg.czt.zj.gov.cn/innerUsed_noticeDetails/index.html?noticeId=8957198
NBRL-22088,8957242,2022-09-15,https://zfcg.czt.zj.gov.cn/innerUsed_noticeDetails/index.html?noticeId=8957242
ZJCJ-H22090403,8959349,2022-09-16,https://zfcg.czt.zj.gov.cn/innerUsed_noticeDetails/index.html?noticeId=8959349
YK2022400X,8961050,2022-09-16,https://zfcg.czt.zj.gov.cn/innerUsed_noticeDetails/index.html?noticeId=8961050
浙亿云采2022-074号,8961113,2022-09-17,https://zfcg.czt.zj.gov.cn/innerUsed_noticeDetails/index.html?noticeId=8961113
ZHJS（ZC)-2022-011,8965482,2022-09-20,https://zfcg.czt.zj.gov.cn/innerUsed_noticeDetails/index.html?noticeId=8965482
CGZX（CS）-2022-019,8913418,2022-08-24,https://zfcg.czt.zj.gov.cn/innerUsed_noticeDetails/index.html?noticeId=8913418
ZJXSJ2022159,8913525,2022-08-24,https://zfcg.czt.zj.gov.cn/innerUsed_noticeDetails/index.html?noticeId=8913525
330282202207002798,8914148,2022-08-25,https://zfcg.czt.zj.gov.cn/innerUsed_noticeDetails/index.html?noticeId=8914148
QZGS2022024,8917117,2022-08-26,https://zfcg.czt.zj.gov.cn/innerUsed_noticeDetails/index.html?noticeId=8917117
ZSCG202229-GK13（2）,8917519,2022-08-26,https://zfcg.czt.zj.gov.cn/innerUsed_noticeDetails/index.html?noticeId=8917519
WZZYCG-20220727,8917527,2022-08-26,https://zfcg.czt.zj.gov.cn/innerUsed_noticeDetails/index.html?noticeId=8917527
浙志正招2022104号,8918598,2022-08-26,https://zfcg.czt.zj.gov.cn/innerUsed_noticeDetails/index.html?noticeId=8918598
TLZFCG2022-GK-016,8918763,2022-08-26,https://zfcg.czt.zj.gov.cn/innerUsed_noticeDetails/index.html?noticeId=8918763
0625-22212A94,8918944,2022-08-26,https://zfcg.czt.zj.gov.cn/innerUsed_noticeDetails/index.html?noticeId=8918944
QJCG202212,8920202,2022-08-29,https://zfcg.czt.zj.gov.cn/innerUsed_noticeDetails/index.html?noticeId=8920202
ZJKP2022YW205G,8920545,2022-08-29,https://zfcg.czt.zj.gov.cn/innerUsed_noticeDetails/index.html?noticeId=8920545
QSZB-Z(F)-E22240(CS)L,8921109,2022-08-29,https://zfcg.czt.zj.gov.cn/innerUsed_noticeDetails/index.html?noticeId=8921109
QTJZCG2022-003-1,8922609,2022-08-29,https://zfcg.czt.zj.gov.cn/innerUsed_noticeDetails/index.html?noticeId=8922609
WMU-2022961,8924107,2022-08-30,https://zfcg.czt.zj.gov.cn/innerUsed_noticeDetails/index.html?noticeId=8924107
ZJ-2242055,8924872,2022-08-30,https://zfcg.czt.zj.gov.cn/innerUsed_noticeDetails/index.html?noticeId=8924872
xzcg-2022-069(招),8926340,2022-08-31,https://zfcg.czt.zj.gov.cn/innerUsed_noticeDetails/index.html?noticeId=8926340
ZJZC-227065,8929247,2022-09-01,https://zfcg.czt.zj.gov.cn/innerUsed_noticeDetails/index.html?noticeId=8929247
浙勋代理C[2022] 246号,8929339,2022-09-01,https://zfcg.czt.zj.gov.cn/innerUsed_noticeDetails/index.html?noticeId=8929339
ZJWS2022-DGJYEY02,8930422,2022-09-01,https://zfcg.czt.zj.gov.cn/innerUsed_noticeDetails/index.html?noticeId=8930422
CBNB-20221464G,8930807,2022-09-01,https://zfcg.czt.zj.gov.cn/innerUsed_noticeDetails/index.html?noticeId=8930807
330282202207002940,8931334,2022-09-02,https://zfcg.czt.zj.gov.cn/innerUsed_noticeDetails/index.html?noticeId=8931334
JD2022BJ-024,8931866,2022-09-02,https://zfcg.czt.zj.gov.cn/innerUsed_noticeDetails/index.html?noticeId=8931866
YK2022358,8933157,2022-09-02,https://zfcg.czt.zj.gov.cn/innerUsed_noticeDetails/index.html?noticeId=8933157
DFJW2022-CA-002号,8933355,2022-09-02,https://zfcg.czt.zj.gov.cn/innerUsed_noticeDetails/index.html?noticeId=8933355
ZJXC-2022G071901,8933389,2022-09-02,https://zfcg.czt.zj.gov.cn/innerUsed_noticeDetails/index.html?noticeId=8933389
LYCG2022XJ024,8933430,2022-09-02,https://zfcg.czt.zj.gov.cn/innerUsed_noticeDetails/index.html?noticeId=8933430
QTSFCG2022-137,8935807,2022-09-05,https://zfcg.czt.zj.gov.cn/innerUsed_noticeDetails/index.html?noticeId=8935807
QTFSCG2022-138,8936700,2022-09-05,https://zfcg.czt.zj.gov.cn/innerUsed_noticeDetails/index.html?noticeId=8936700
QTFSCG2022-147,8938505,2022-09-06,https://zfcg.czt.zj.gov.cn/innerUsed_noticeDetails/index.html?noticeId=8938505
YH2022-08030,8940048,2022-09-07,https://zfcg.czt.zj.gov.cn/innerUsed_noticeDetails/index.html?noticeId=8940048
浙安采字2022-024,8941118,2022-09-07,https://zfcg.czt.zj.gov.cn/innerUsed_noticeDetails/index.html?noticeId=8941118
PYCG220831058,8941209,2022-09-07,https://zfcg.czt.zj.gov.cn/innerUsed_noticeDetails/index.html?noticeId=8941209
ZJZC-221191,8941548,2022-09-07,https://zfcg.czt.zj.gov.cn/innerUsed_noticeDetails/index.html?noticeId=8941548
ZZCG2022X-GK-145,8892023,2022-08-15,https://zfcg.czt.zj.gov.cn/innerUsed_noticeDetails/index.html?noticeId=8892023
WZZF2022(ZC)-07-172（TP）,8892163,2022-08-15,https://zfcg.czt.zj.gov.cn/innerUsed_noticeDetails/index.html?noticeId=8892163
HYCG-2022-XJ07号,8892219,2022-08-15,https://zfcg.czt.zj.gov.cn/innerUsed_noticeDetails/index.html?noticeId=8892219
NBITC-202220176G-1,8893265,2022-08-15,https://zfcg.czt.zj.gov.cn/innerUsed_noticeDetails/index.html?noticeId=8893265
LGDL2022224,8894028,2022-08-16,https://zfcg.czt.zj.gov.cn/innerUsed_noticeDetails/index.html?noticeId=8894028
TY2022-HW142-ZFCG142,8895919,2022-08-16,https://zfcg.czt.zj.gov.cn/innerUsed_noticeDetails/index.html?noticeId=8895919
CS-LY2022-020,8896270,2022-08-16,https://zfcg.czt.zj.gov.cn/innerUsed_noticeDetails/index.html?noticeId=8896270
330282202207002706,8897733,2022-08-17,https://zfcg.czt.zj.gov.cn/innerUsed_noticeDetails/index.html?noticeId=8897733
LCZ2022-027,8897988,2022-08-17,https://zfcg.czt.zj.gov.cn/innerUsed_noticeDetails/index.html?noticeId=8897988
WMU-2022960,8898246,2022-08-17,https://zfcg.czt.zj.gov.cn/innerUsed_noticeDetails/index.html?noticeId=8898246
ZJKXJZXTP11700120221178,8899402,2022-08-18,https://zfcg.czt.zj.gov.cn/innerUsed_noticeDetails/index.html?noticeId=8899402
ZJWS-GS202211G,8899853,2022-08-18,https://zfcg.czt.zj.gov.cn/innerUsed_noticeDetails/index.html?noticeId=8899853
ZJWS-GS202213G,8899854,2022-08-18,https://zfcg.czt.zj.gov.cn/innerUsed_noticeDetails/index.html?noticeId=8899854
JD2022BJ-025,8900360,2022-08-18,https://zfcg.czt.zj.gov.cn/innerUsed_noticeDetails/index.html?noticeId=8900360
TZYY-2208-002号,8902518,2022-08-19,https://zfcg.czt.zj.gov.cn/innerUsed_noticeDetails/index.html?noticeId=8902518
ZJZC-223247,8903160,2022-08-19,https://zfcg.czt.zj.gov.cn/innerUsed_noticeDetails/index.html?noticeId=8903160
ZJWS-GS202215G,8903484,2022-08-19,https://zfcg.czt.zj.gov.cn/innerUsed_noticeDetails/index.html?noticeId=8903484
临[2022]907号,8903522,2022-08-19,https://zfcg.czt.zj.gov.cn/innerUsed_noticeDetails/index.html?noticeId=8903522
TZFD(2022)-1089号,8903773,2022-08-19,https://zfcg.czt.zj.gov.cn/innerUsed_noticeDetails/index.html?noticeId=8903773
ZJJY-20220623-01,8904285,2022-08-19,https://zfcg.czt.zj.gov.cn/innerUsed_noticeDetails/index.html?noticeId=8904285
330282202207002799,8905329,2022-08-22,https://zfcg.czt.zj.gov.cn/innerUsed_noticeDetails/index.html?noticeId=8905329
ZZCG2022D-GK-145,8906605,2022-08-22,https://zfcg.czt.zj.gov.cn/innerUsed_noticeDetails/index.html?noticeId=8906605
CTZB-2022080236,8907172,2022-08-22,https://zfcg.czt.zj.gov.cn/innerUsed_noticeDetails/index.html?noticeId=8907172
OBJC-20220113,8908676,2022-08-23,https://zfcg.czt.zj.gov.cn/innerUsed_noticeDetails/index.html?noticeId=8908676
QTCG-GK-2022-218,8908744,2022-08-23,https://zfcg.czt.zj.gov.cn/innerUsed_noticeDetails/index.html?noticeId=8908744
JD2022BJ-018,8909550,2022-08-23,https://zfcg.czt.zj.gov.cn/innerUsed_noticeDetails/index.html?noticeId=8909550
BSZB2022-BZZC169-1,8910104,2022-08-23,https://zfcg.czt.zj.gov.cn/innerUsed_noticeDetails/index.html?noticeId=8910104
HCZX-2022072001,8910497,2022-08-23,https://zfcg.czt.zj.gov.cn/innerUsed_noticeDetails/index.html?noticeId=8910497
CAZFCGGK2022-19号,8912329,2022-08-24,https://zfcg.czt.zj.gov.cn/innerUsed_noticeDetails/index.html?noticeId=8912329
SXDC2022-04-15-2,8912849,2022-08-24,https://zfcg.czt.zj.gov.cn/innerUsed_noticeDetails/index.html?noticeId=8912849
ZJ-2241776,8878456,2022-08-08,https://zfcg.czt.zj.gov.cn/innerUsed_noticeDetails/index.html?noticeId=8878456
ZJXSJ2022145,8879381,2022-08-09,https://zfcg.czt.zj.gov.cn/innerUsed_noticeDetails/index.html?noticeId=8879381
ZJZC-221202,8879419,2022-08-09,https://zfcg.czt.zj.gov.cn/innerUsed_noticeDetails/index.html?noticeId=8879419
CAZFCGGK2022-17号,8880613,2022-08-09,https://zfcg.czt.zj.gov.cn/innerUsed_noticeDetails/index.html?noticeId=8880613
HZZY-GK-2022-001,8881486,2022-08-09,https://zfcg.czt.zj.gov.cn/innerUsed_noticeDetails/index.html?noticeId=8881486
LCZ2022-024,8883385,2022-08-10,https://zfcg.czt.zj.gov.cn/innerUsed_noticeDetails/index.html?noticeId=8883385
浙金丽招2022059号,8883412,2022-08-10,https://zfcg.czt.zj.gov.cn/innerUsed_noticeDetails/index.html?noticeId=8883412
CAZFCGGK2022-18号,8883663,2022-08-10,https://zfcg.czt.zj.gov.cn/innerUsed_noticeDetails/index.html?noticeId=8883663
dscg-lx[2022]824号-116,8883940,2022-08-10,https://zfcg.czt.zj.gov.cn/innerUsed_noticeDetails/index.html?noticeId=8883940
LCZ2022-025,8886110,2022-08-11,https://zfcg.czt.zj.gov.cn/innerUsed_noticeDetails/index.html?noticeId=8886110
HZTC-(Z)2022010,8887284,2022-08-12,https://zfcg.czt.zj.gov.cn/innerUsed_noticeDetails/index.html?noticeId=8887284
CGSHZJ-2022-N000717,8888581,2022-08-12,https://zfcg.czt.zj.gov.cn/innerUsed_noticeDetails/index.html?noticeId=8888581
NBITC-202252021G,8889055,2022-08-12,https://zfcg.czt.zj.gov.cn/innerUsed_noticeDetails/index.html?noticeId=8889055
NBITC-202252022G,8889124,2022-08-12,https://zfcg.czt.zj.gov.cn/innerUsed_noticeDetails/index.html?noticeId=8889124
NBITC-202252023G,8889158,2022-08-12,https://zfcg.czt.zj.gov.cn/innerUsed_noticeDetails/index.html?noticeId=8889158
Z-GB202207210159,8889725,2022-08-12,https://zfcg.czt.zj.gov.cn/innerUsed_noticeDetails/index.html?noticeId=8889725
CTZB-2022070526,8891742,2022-08-15,https://zfcg.czt.zj.gov.cn/innerUsed_noticeDetails/index.html?noticeId=8891742
