,source_id,url
0,1,http://www.ccgp.gov.cn/cggg/zygg/zbgg/202301/t20230120_19400687.htm
1,1,http://www.ccgp.gov.cn/cggg/zygg/zbgg/202301/t20230120_19400687.htm
2,1,http://www.ccgp.gov.cn/cggg/dfgg/zbgg/202301/t20230118_19391073.htm
3,1,http://www.ccgp.gov.cn/cggg/dfgg/zbgg/202301/t20230118_19391073.htm
4,1,http://www.ccgp.gov.cn/cggg/zygg/zbgg/202301/t20230105_19345328.htm
5,1,http://www.ccgp.gov.cn/cggg/zygg/zbgg/202301/t20230105_19345328.htm
6,1,http://www.ccgp.gov.cn/cggg/zygg/zbgg/202301/t20230104_19339937.htm
7,1,http://www.ccgp.gov.cn/cggg/zygg/zbgg/202301/t20230104_19339937.htm
8,1,http://www.ccgp.gov.cn/cggg/dfgg/zbgg/202301/t20230104_19338645.htm
9,1,http://www.ccgp.gov.cn/cggg/dfgg/zbgg/202212/t20221230_19327306.htm
10,1,http://www.ccgp.gov.cn/cggg/dfgg/zbgg/202212/t20221226_19299853.htm
11,1,http://www.ccgp.gov.cn/cggg/zygg/zbgg/202212/t20221226_19296634.htm
12,1,http://www.ccgp.gov.cn/cggg/dfgg/zbgg/202212/t20221223_19287720.htm
13,1,http://www.ccgp.gov.cn/cggg/dfgg/zbgg/202212/t20221223_19287684.htm
14,1,http://www.ccgp.gov.cn/cggg/zygg/zbgg/202212/t20221221_19274355.htm
15,1,http://www.ccgp.gov.cn/cggg/zygg/zbgg/202212/t20221221_19274355.htm
16,1,http://www.ccgp.gov.cn/cggg/zygg/zbgg/202212/t20221220_19262578.htm
17,1,http://www.ccgp.gov.cn/cggg/zygg/zbgg/202212/t20221218_19251201.htm
18,1,http://www.ccgp.gov.cn/cggg/zygg/zbgg/202212/t20221217_19249421.htm
19,1,http://www.ccgp.gov.cn/cggg/zygg/zbgg/202212/t20221217_19249421.htm
20,1,http://www.ccgp.gov.cn/cggg/zygg/zbgg/202212/t20221216_19248763.htm
21,1,http://www.ccgp.gov.cn/cggg/zygg/zbgg/202212/t20221216_19248763.htm
22,1,http://www.ccgp.gov.cn/cggg/zygg/zbgg/202212/t20221216_19248758.htm
23,1,http://www.ccgp.gov.cn/cggg/zygg/zbgg/202212/t20221216_19248754.htm
24,1,http://www.ccgp.gov.cn/cggg/zygg/zbgg/202212/t20221216_19248754.htm
25,1,http://www.ccgp.gov.cn/cggg/zygg/zbgg/202212/t20221216_19248478.htm
26,1,http://www.ccgp.gov.cn/cggg/zygg/zbgg/202212/t20221216_19248478.htm
27,1,http://www.ccgp.gov.cn/cggg/zygg/zbgg/202212/t20221215_19239502.htm
28,1,http://www.ccgp.gov.cn/cggg/zygg/zbgg/202212/t20221215_19239502.htm
29,1,http://www.ccgp.gov.cn/cggg/dfgg/zbgg/202212/t20221215_19236325.htm
30,1,http://www.ccgp.gov.cn/cggg/zygg/zbgg/202212/t20221213_19222210.htm
31,1,http://www.ccgp.gov.cn/cggg/zygg/zbgg/202212/t20221212_19211822.htm
32,1,http://www.ccgp.gov.cn/cggg/zygg/zbgg/202212/t20221212_19211822.htm
33,1,http://www.ccgp.gov.cn/cggg/dfgg/zbgg/202212/t20221212_19207662.htm
34,1,http://www.ccgp.gov.cn/cggg/zygg/zbgg/202212/t20221209_19200335.htm
35,1,http://www.ccgp.gov.cn/cggg/zygg/zbgg/202212/t20221209_19200335.htm
36,1,http://www.ccgp.gov.cn/cggg/zygg/zbgg/202212/t20221209_19199406.htm
37,1,http://www.ccgp.gov.cn/cggg/zygg/zbgg/202212/t20221209_19199406.htm
38,1,http://www.ccgp.gov.cn/cggg/dfgg/zbgg/202212/t20221207_19178166.htm
39,1,http://www.ccgp.gov.cn/cggg/dfgg/zbgg/202212/t20221207_19172428.htm
40,1,http://www.ccgp.gov.cn/cggg/dfgg/zbgg/202212/t20221207_19172436.htm
41,1,http://www.ccgp.gov.cn/cggg/dfgg/zbgg/202212/t20221207_19172435.htm
42,1,http://www.ccgp.gov.cn/cggg/dfgg/zbgg/202212/t20221206_19169011.htm
43,1,http://www.ccgp.gov.cn/cggg/zygg/zbgg/202212/t20221206_19169247.htm
44,1,http://www.ccgp.gov.cn/cggg/zygg/zbgg/202212/t20221206_19169247.htm
45,1,http://www.ccgp.gov.cn/cggg/zygg/zbgg/202212/t20221206_19169191.htm
46,1,http://www.ccgp.gov.cn/cggg/zygg/zbgg/202212/t20221206_19169191.htm
47,1,http://www.ccgp.gov.cn/cggg/zygg/zbgg/202212/t20221206_19168524.htm
48,1,http://www.ccgp.gov.cn/cggg/zygg/zbgg/202212/t20221206_19168524.htm
49,1,http://www.ccgp.gov.cn/cggg/zygg/zbgg/202212/t20221206_19168524.htm
50,1,http://www.ccgp.gov.cn/cggg/dfgg/zbgg/202212/t20221206_19163500.htm
51,1,http://www.ccgp.gov.cn/cggg/zygg/zbgg/202212/t20221205_19160574.htm
52,1,http://www.ccgp.gov.cn/cggg/zygg/zbgg/202212/t20221205_19160479.htm
53,1,http://www.ccgp.gov.cn/cggg/zygg/zbgg/202212/t20221205_19152260.htm
54,1,http://www.ccgp.gov.cn/cggg/dfgg/zbgg/202211/t20221125_19090897.htm
55,1,http://www.ccgp.gov.cn/cggg/dfgg/zbgg/202211/t20221117_19033729.htm
56,1,http://www.ccgp.gov.cn/cggg/dfgg/zbgg/202211/t20221117_19030812.htm
57,1,http://www.ccgp.gov.cn/cggg/dfgg/zbgg/202211/t20221116_19023798.htm
58,1,http://www.ccgp.gov.cn/cggg/dfgg/zbgg/202211/t20221115_19012797.htm
59,1,http://www.ccgp.gov.cn/cggg/dfgg/zbgg/202211/t20221115_19011467.htm
60,1,http://www.ccgp.gov.cn/cggg/zygg/zbgg/202211/t20221111_18995338.htm
61,1,http://www.ccgp.gov.cn/cggg/dfgg/zbgg/202211/t20221109_18977709.htm
62,1,http://www.ccgp.gov.cn/cggg/zygg/zbgg/202211/t20221108_18972109.htm
63,1,http://www.ccgp.gov.cn/cggg/dfgg/zbgg/202211/t20221107_18958625.htm
64,1,http://www.ccgp.gov.cn/cggg/dfgg/zbgg/202211/t20221103_18943078.htm
65,1,http://www.ccgp.gov.cn/cggg/zygg/zbgg/202210/t20221031_18920806.htm
66,1,http://www.ccgp.gov.cn/cggg/dfgg/zbgg/202210/t20221025_18885025.htm
67,1,http://www.ccgp.gov.cn/cggg/dfgg/zbgg/202210/t20221024_18874007.htm
68,1,http://www.ccgp.gov.cn/cggg/dfgg/zbgg/202210/t20221021_18866037.htm
69,1,http://www.ccgp.gov.cn/cggg/dfgg/zbgg/202210/t20221014_18819391.htm
70,1,http://www.ccgp.gov.cn/cggg/dfgg/zbgg/202210/t20221014_18819386.htm
71,1,http://www.ccgp.gov.cn/cggg/dfgg/zbgg/202210/t20221011_18795594.htm
72,1,http://www.ccgp.gov.cn/cggg/dfgg/zbgg/202209/t20220930_18751876.htm
73,1,http://www.ccgp.gov.cn/cggg/dfgg/zbgg/202209/t20220928_18735000.htm
74,1,http://www.ccgp.gov.cn/cggg/dfgg/zbgg/202209/t20220926_18719478.htm
75,1,http://www.ccgp.gov.cn/cggg/dfgg/zbgg/202209/t20220919_18672944.htm
76,1,http://www.ccgp.gov.cn/cggg/zygg/zbgg/202209/t20220916_18663557.htm
77,1,http://www.ccgp.gov.cn/cggg/zygg/zbgg/202209/t20220914_18650755.htm
78,1,http://www.ccgp.gov.cn/cggg/dfgg/zbgg/202209/t20220909_18628109.htm
79,1,http://www.ccgp.gov.cn/cggg/dfgg/zbgg/202209/t20220909_18626851.htm
80,1,http://www.ccgp.gov.cn/cggg/dfgg/zbgg/202209/t20220908_18618753.htm
81,1,http://www.ccgp.gov.cn/cggg/dfgg/zbgg/202209/t20220908_18617726.htm
82,1,http://www.ccgp.gov.cn/cggg/dfgg/zbgg/202209/t20220907_18613528.htm
83,1,http://www.ccgp.gov.cn/cggg/dfgg/zbgg/202209/t20220907_18613299.htm
84,1,http://www.ccgp.gov.cn/cggg/dfgg/zbgg/202209/t20220907_18611837.htm
85,1,http://www.ccgp.gov.cn/cggg/dfgg/zbgg/202209/t20220906_18605268.htm
86,1,http://www.ccgp.gov.cn/cggg/zygg/zbgg/202209/t20220906_18605612.htm
87,1,http://www.ccgp.gov.cn/cggg/dfgg/zbgg/202209/t20220906_18603345.htm
88,1,http://www.ccgp.gov.cn/cggg/zygg/zbgg/202209/t20220902_18581564.htm
89,1,http://www.ccgp.gov.cn/cggg/dfgg/zbgg/202208/t20220831_18565260.htm
90,1,http://www.ccgp.gov.cn/cggg/zygg/zbgg/202208/t20220830_18560874.htm
91,1,http://www.ccgp.gov.cn/cggg/dfgg/zbgg/202208/t20220823_18513858.htm
92,1,http://www.ccgp.gov.cn/cggg/dfgg/zbgg/202208/t20220823_18513425.htm
93,1,http://www.ccgp.gov.cn/cggg/dfgg/zbgg/202208/t20220823_18513107.htm
94,1,http://www.ccgp.gov.cn/cggg/dfgg/zbgg/202208/t20220823_18512605.htm
95,1,http://www.ccgp.gov.cn/cggg/dfgg/zbgg/202208/t20220823_18508376.htm
96,1,http://www.ccgp.gov.cn/cggg/dfgg/zbgg/202208/t20220823_18508300.htm
97,1,http://www.ccgp.gov.cn/cggg/dfgg/zbgg/202208/t20220822_18503015.htm
98,1,http://www.ccgp.gov.cn/cggg/zygg/zbgg/202208/t20220817_18476294.htm
99,1,http://www.ccgp.gov.cn/cggg/zygg/zbgg/202208/t20220817_18476305.htm
100,1,http://www.ccgp.gov.cn/cggg/zygg/zbgg/202208/t20220812_18452285.htm
101,1,http://www.ccgp.gov.cn/cggg/zygg/zbgg/202208/t20220801_18370728.htm
102,1,http://www.ccgp.gov.cn/cggg/zygg/zbgg/202208/t20220801_18370728.htm
103,1,http://www.ccgp.gov.cn/cggg/dfgg/zbgg/202207/t20220729_18361224.htm
104,1,http://www.ccgp.gov.cn/cggg/dfgg/zbgg/202207/t20220728_18351563.htm
105,1,http://www.ccgp.gov.cn/cggg/dfgg/zbgg/202207/t20220727_18348203.htm
106,1,http://www.ccgp.gov.cn/cggg/zygg/zbgg/202207/t20220727_18342369.htm
107,1,http://www.ccgp.gov.cn/cggg/dfgg/zbgg/202207/t20220725_18327726.htm
108,1,http://www.ccgp.gov.cn/cggg/dfgg/zbgg/202207/t20220725_18327723.htm
109,1,http://www.ccgp.gov.cn/cggg/dfgg/zbgg/202207/t20220725_18327725.htm
110,1,http://www.ccgp.gov.cn/cggg/zygg/zbgg/202207/t20220722_18311772.htm
111,1,http://www.ccgp.gov.cn/cggg/zygg/zbgg/202207/t20220721_18309229.htm
112,1,http://www.ccgp.gov.cn/cggg/zygg/zbgg/202207/t20220721_18309229.htm
113,1,http://www.ccgp.gov.cn/cggg/dfgg/zbgg/202207/t20220721_18306853.htm
114,1,http://www.ccgp.gov.cn/cggg/zygg/zbgg/202207/t20220720_18301157.htm
115,1,http://www.ccgp.gov.cn/cggg/zygg/zbgg/202207/t20220720_18301157.htm
116,1,http://www.ccgp.gov.cn/cggg/zygg/zbgg/202207/t20220719_18293645.htm
117,1,http://www.ccgp.gov.cn/cggg/zygg/zbgg/202207/t20220719_18293645.htm
118,1,http://www.ccgp.gov.cn/cggg/zygg/zbgg/202207/t20220719_18293645.htm
119,1,http://www.ccgp.gov.cn/cggg/dfgg/zbgg/202207/t20220719_18290814.htm
120,1,http://www.ccgp.gov.cn/cggg/zygg/zbgg/202207/t20220719_18290218.htm
121,1,http://www.ccgp.gov.cn/cggg/dfgg/zbgg/202207/t20220719_18289313.htm
122,1,http://www.ccgp.gov.cn/cggg/zygg/zbgg/202207/t20220719_18288639.htm
123,1,http://www.ccgp.gov.cn/cggg/zygg/zbgg/202207/t20220715_18273420.htm
124,1,http://www.ccgp.gov.cn/cggg/zygg/zbgg/202207/t20220715_18273420.htm
125,1,http://www.ccgp.gov.cn/cggg/dfgg/zbgg/202207/t20220715_18270849.htm
126,1,http://www.ccgp.gov.cn/cggg/zygg/zbgg/202207/t20220713_18257300.htm
127,1,http://www.ccgp.gov.cn/cggg/zygg/zbgg/202207/t20220712_18250656.htm
128,1,http://www.ccgp.gov.cn/cggg/dfgg/zbgg/202207/t20220712_18248067.htm
129,1,http://www.ccgp.gov.cn/cggg/zygg/zbgg/202207/t20220712_18243979.htm
130,1,http://www.ccgp.gov.cn/cggg/dfgg/zbgg/202207/t20220711_18241093.htm
131,1,http://www.ccgp.gov.cn/cggg/dfgg/zbgg/202207/t20220711_18239596.htm
132,1,http://www.ccgp.gov.cn/cggg/dfgg/zbgg/202207/t20220708_18232586.htm
133,1,http://www.ccgp.gov.cn/cggg/dfgg/zbgg/202207/t20220708_18228106.htm
134,1,http://www.ccgp.gov.cn/cggg/dfgg/zbgg/202207/t20220707_18223286.htm
135,1,http://www.ccgp.gov.cn/cggg/dfgg/zbgg/202207/t20220707_18222546.htm
136,1,http://www.ccgp.gov.cn/cggg/dfgg/zbgg/202207/t20220707_18217466.htm
137,1,http://www.ccgp.gov.cn/cggg/dfgg/zbgg/202207/t20220706_18211052.htm
138,1,http://www.ccgp.gov.cn/cggg/dfgg/zbgg/202207/t20220706_18211052.htm
139,1,http://www.ccgp.gov.cn/cggg/zygg/zbgg/202207/t20220706_18208986.htm
140,1,http://www.ccgp.gov.cn/cggg/zygg/zbgg/202207/t20220705_18204318.htm
141,1,http://www.ccgp.gov.cn/cggg/zygg/zbgg/202207/t20220704_18196388.htm
142,1,http://www.ccgp.gov.cn/cggg/dfgg/zbgg/202207/t20220704_18194050.htm
143,1,http://www.ccgp.gov.cn/cggg/dfgg/zbgg/202207/t20220704_18194053.htm
144,1,http://www.ccgp.gov.cn/cggg/dfgg/zbgg/202207/t20220701_18183318.htm
145,1,http://www.ccgp.gov.cn/cggg/dfgg/zbgg/202206/t20220629_18171977.htm
146,1,http://www.ccgp.gov.cn/cggg/dfgg/zbgg/202206/t20220629_18167783.htm
147,1,http://www.ccgp.gov.cn/cggg/dfgg/zbgg/202206/t20220629_18166326.htm
148,1,http://www.ccgp.gov.cn/cggg/dfgg/zbgg/202206/t20220629_18166326.htm
149,1,http://www.ccgp.gov.cn/cggg/zygg/zbgg/202206/t20220629_18165576.htm
150,1,http://www.ccgp.gov.cn/cggg/zygg/zbgg/202206/t20220627_18153291.htm
151,1,http://www.ccgp.gov.cn/cggg/zygg/zbgg/202206/t20220627_18153291.htm
152,1,http://www.ccgp.gov.cn/cggg/zygg/zbgg/202206/t20220622_18123843.htm
153,1,http://www.ccgp.gov.cn/cggg/dfgg/zbgg/202206/t20220621_18120067.htm
154,1,http://www.ccgp.gov.cn/cggg/dfgg/cjgg/202206/t20220621_18114247.htm
155,1,http://www.ccgp.gov.cn/cggg/zygg/zbgg/202206/t20220620_18111633.htm
156,1,http://www.ccgp.gov.cn/cggg/zygg/zbgg/202206/t20220617_18097714.htm
157,1,http://www.ccgp.gov.cn/cggg/zygg/zbgg/202206/t20220616_18089841.htm
158,1,http://www.ccgp.gov.cn/cggg/dfgg/zbgg/202206/t20220614_18076670.htm
159,1,http://www.ccgp.gov.cn/cggg/dfgg/zbgg/202206/t20220614_18076583.htm
160,1,http://www.ccgp.gov.cn/cggg/dfgg/zbgg/202206/t20220614_18076562.htm
161,1,http://www.ccgp.gov.cn/cggg/dfgg/zbgg/202206/t20220614_18076543.htm
162,1,http://www.ccgp.gov.cn/cggg/dfgg/zbgg/202206/t20220613_18066818.htm
163,1,http://www.ccgp.gov.cn/cggg/dfgg/zbgg/202206/t20220610_18056397.htm
164,1,http://www.ccgp.gov.cn/cggg/dfgg/zbgg/202206/t20220610_18052740.htm
165,1,http://www.ccgp.gov.cn/cggg/dfgg/zbgg/202206/t20220610_18052740.htm
166,1,http://www.ccgp.gov.cn/cggg/zygg/zbgg/202206/t20220608_18043512.htm
167,1,http://www.ccgp.gov.cn/cggg/dfgg/zbgg/202206/t20220607_18032709.htm
168,1,http://www.ccgp.gov.cn/cggg/dfgg/zbgg/202206/t20220606_18020130.htm
169,1,http://www.ccgp.gov.cn/cggg/dfgg/zbgg/202206/t20220602_18010939.htm
170,1,http://www.ccgp.gov.cn/cggg/zygg/zbgg/202206/t20220601_18008343.htm
171,1,http://www.ccgp.gov.cn/cggg/dfgg/zbgg/202205/t20220531_17996258.htm
172,1,http://www.ccgp.gov.cn/cggg/dfgg/zbgg/202205/t20220525_17967424.htm
173,1,http://www.ccgp.gov.cn/cggg/dfgg/zbgg/202205/t20220525_17967419.htm
174,1,http://www.ccgp.gov.cn/cggg/dfgg/zbgg/202205/t20220520_17940370.htm
175,1,http://www.ccgp.gov.cn/cggg/dfgg/zbgg/202205/t20220518_17929311.htm
176,1,http://www.ccgp.gov.cn/cggg/dfgg/zbgg/202205/t20220517_17920213.htm
177,1,http://www.ccgp.gov.cn/cggg/dfgg/zbgg/202205/t20220517_17920213.htm
178,1,http://www.ccgp.gov.cn/cggg/dfgg/zbgg/202205/t20220516_17914110.htm
179,1,http://www.ccgp.gov.cn/cggg/dfgg/zbgg/202205/t20220516_17914103.htm
180,1,http://www.ccgp.gov.cn/cggg/dfgg/zbgg/202205/t20220512_17898756.htm
181,1,http://www.ccgp.gov.cn/cggg/dfgg/zbgg/202205/t20220512_17898683.htm
182,1,http://www.ccgp.gov.cn/cggg/dfgg/zbgg/202205/t20220509_17877444.htm
183,1,http://www.ccgp.gov.cn/cggg/dfgg/zbgg/202205/t20220507_17871910.htm
184,1,http://www.ccgp.gov.cn/cggg/dfgg/zbgg/202205/t20220507_17871905.htm
185,1,http://www.ccgp.gov.cn/cggg/dfgg/zbgg/202204/t20220425_17823996.htm
186,1,http://www.ccgp.gov.cn/cggg/dfgg/zbgg/202204/t20220421_17801043.htm
187,1,http://www.ccgp.gov.cn/cggg/dfgg/zbgg/202204/t20220402_17732788.htm
188,1,http://www.ccgp.gov.cn/cggg/dfgg/zbgg/202204/t20220402_17732533.htm
189,1,http://www.ccgp.gov.cn/cggg/dfgg/zbgg/202204/t20220401_17728345.htm
190,1,http://www.ccgp.gov.cn/cggg/zygg/zbgg/202203/t20220325_17705959.htm
191,1,http://www.ccgp.gov.cn/cggg/dfgg/zbgg/202203/t20220325_17703940.htm
192,1,http://www.ccgp.gov.cn/cggg/dfgg/zbgg/202203/t20220316_17675302.htm
193,1,http://www.ccgp.gov.cn/cggg/dfgg/zbgg/202202/t20220216_17595862.htm
194,1,http://www.ccgp.gov.cn/cggg/dfgg/zbgg/202202/t20220216_17595793.htm
