project_id,winning_date,winning_notice_url,order_id,winning_order_cnt,project_winning_amt,supplier_name,supplier_addr,order_name,winning_amt,cadidate_name,buyer_name,buyer_addr,buyer_contact,buyer_phone,agency_name,agency_addr,agency_contact,agency_phone,source_id,text
2021BFFHZ02930,2022年02月11日 00:15,http://www.ccgp.gov.cn/cggg/dfgg/zbgg/202202/t20220211_17584293.htm,1,1,,英飞拓（杭州）信息系统技术有限公司,浙江省杭州市西湖区莲花街333号莲花商务中心北楼5楼,合肥职业技术学院数字化校园三期建设,人民币伍佰陆拾捌万柒仟捌佰伍拾元整（大写）（￥5687850.00元）,,合肥职业技术学院,安徽省合肥市新站区烈山路,0551-82364316,,合肥市政府采购中心,合肥市滨湖新区南京路2588号（徽州大道与南京路交口）六楼,0551-66223922、662239233,,3,"合肥职业技术学院数字化校园三期建设第3包鼓山校区智慧教室改造项目中标（成交）结果公告[2022]2022年02月11日00:15来源：【打印】公告概要：公告信息：采购项目名称合肥职业技术学院数字化校园三期建设品目工程采购单位合肥职业技术学院行政区域合肥市公告时间2022年02月11日00:15评审专家名单无总中标金额￥5687850.00万元（人民币）联系人及联系方式：项目联系人周石洁项目联系电话无采购单位合肥职业技术学院采购单位地址无采购单位联系方式无代理机构名称合肥市政府采购中心代理机构地址无代理机构联系方式李莉合肥职业技术学院数字化校园三期建设第3包鼓山校区智慧教室改造项目中标（成交）结果公告一、项目编号:2021BFFHZ02930二、项目名称:合肥职业技术学院数字化校园三期建设三、中标（成交）信息无标题文档供应商名称：英飞拓（杭州）信息系统技术有限公司供应商地址：浙江省杭州市西湖区莲花街333号莲花商务中心北楼5楼中标（成交）金额：人民币伍佰陆拾捌万柒仟捌佰伍拾元整（大写）（￥5687850.00元）四、主要标的信息名称品牌规格型号数量单价▲中控录播系统竞业达JYD-IEC6000-D6419800元（1）其他主要标的信息详见本公告附件：主要中标（成交）标的承诺函；（2）如与附件不一致的，以主要中标（成交）标的承诺函为准。五、评审专家（单一来源采购人员）名单张健,何丽娟,潘祖聪,丁俊锋,周建民,黄永生,吕正娟六、代理服务收费标准及金额免费七、公告期限自本公告发布之日起1个工作日。八、其他补充事宜若投标人对上述结果有异议，可在中标（成交）公告发布之日起七个工作日内以书面形式在工作时间（周一至周五，上午9:00-12:00，下午13:30-17:30，节假日休息）向合肥市政府采购中心提出质疑（异议），质疑材料递交地址：合肥要素市场A区677室，联系电话：0551-66223642。若投标人对质疑处理意见有异议，可在规定时间内以书面形式向合肥市公共资源交易监督管理局提出投诉。质疑提起的条件及不予受理的情形根据《中华人民共和国政府采购法》、《中华人民共和国政府采购法实施条例》、《安徽省政府采购供应商质疑处理办法》等法律法规，现将质疑提起的条件及不予受理的情形告知如下：（一）质疑应以书面形式实名提出，书面质疑材料应当包括以下内容：1、质疑人的名称、地址、邮编、联系人及联系电话；2、采购人名称、项目名称、项目编号、包别号（如有）；3、被质疑人名称；4、具体的质疑事项、基本事实及必要的证明材料；5、明确的请求及主张；6、必要的法律依据；7、提起质疑的日期。质疑人为自然人的，应当由本人签字；质疑人为法人或者其他组织的，应当由法定代表人、主要负责人，或者其授权代表签字或者盖章，并加盖公章。（二）有下列情形之一的，不予受理：1、提起质疑的主体不是参与该政府采购项目活动的供应商；2、提起质疑的时间超过规定时限的；3、质疑材料不完整的；4、质疑事项含有主观猜测等内容且未提供有效线索、难以查证的；5、对其他投标人（供应商）的投标文件详细内容质疑，无法提供合法来源渠道的；6、质疑事项已进入投诉处理、行政复议或行政诉讼程序的。合肥职业技术学院数字化校园三期建设项目中标通知书已发出，请中标（成交）供应商登录电子交易系统自行下载领取电子中标（成交）通知书。九、凡对本次公告内容提出询问，请按以下方式联系1.采购人信息名称：合肥职业技术学院地址：安徽省合肥市新站区烈山路联系方式：0551-823643162.采购代理机构信息名称：合肥市政府采购中心地址：合肥市滨湖新区南京路2588号（徽州大道与南京路交口）六楼联系方法：0551-66223922、662239233.项目联系方式项目联系人：周石洁电话：0551-66223865、66223645"
FSKY34152220220818号,2022年12月30日 11:51,http://www.ccgp.gov.cn/cggg/dfgg/zbgg/202212/t20221230_19325377.htm,1,1,,安徽准点智能科技有限公司,合肥市蜀山区贵池路光明小区8幢207室,霍邱工业学校智慧校园设备采购项目,人民币玖佰陆拾贰万捌仟玖佰柒拾贰元整（小写：9628972.00元）,,霍邱工业学校,霍邱县石店镇东大街,0564-6911043,,安徽省招标集团股份有限公司,安徽省合肥市包河区包河大道236号,0551-65199553/159224204573,,3,"霍邱工业学校智慧校园设备采购项目中标结果公告2022年12月30日11:51来源：【打印】公告概要：公告信息：采购项目名称霍邱工业学校智慧校园设备采购项目品目采购单位霍邱工业学校行政区域安徽省公告时间2022年12月30日11:51评审专家名单林蓉、王红、桂树国、孔维犟、张巨全总中标金额￥0.000000万元（人民币）联系人及联系方式：项目联系人张主任项目联系电话0564-6911043采购单位霍邱工业学校采购单位地址霍邱县石店镇东大街采购单位联系方式0564-6911043代理机构名称安徽省招标集团股份有限公司代理机构地址安徽省合肥市包河区包河大道236号代理机构联系方式0564-6911043th,td{border:1pxsolid#DDD;padding:5px10px;}霍邱工业学校智慧校园设备采购项目中标结果公告一、项目编号：FSKY34152220220818号二、项目名称：霍邱工业学校智慧校园设备采购项目三、中标（成交）信息供应商名称：安徽准点智能科技有限公司供应商地址：合肥市蜀山区贵池路光明小区8幢207室中标（成交）金额：人民币玖佰陆拾贰万捌仟玖佰柒拾贰元整（小写：9628972.00元）四、主要标的信息序号货物名称品牌型号原产地及生产厂商单位数量单价(元)小计(元)备注1排课管理品牌：苏文软件型号：苏文智慧校园应用平台系统软件原产地：江苏南京生产厂商：南京苏文软件技术有限公司套12439924399核心产品2教科研管理品牌：苏文软件型号：苏文智慧校园应用平台系统软件原产地：江苏南京生产厂商：南京苏文软件技术有限公司套14089940899核心产品五、评审专家名单：林蓉、王红、桂树国、孔维犟、张巨全六、代理服务收费标准及金额：按采购文件规定的标准执行七、公告期限：自本公告发布之日起1个工作日八、其他补充事宜（一）若投标人认为中标（成交）结果使自己的权益受到损害的，可以在知道或者应知其权益受到损害之日起七个工作日内（周一至周五，上午8:00-12:00，下午14:30-17:30，节假日休息）以书面形式向采购人、采购代理机构提出质疑。若投标人对质疑处理意见有异议，可在规定时间内以书面形式向霍邱县财政局（地址：霍邱县政务中心六楼，电话：0564-6080158）提出投诉。（二）质疑提出的条件及不予受理的情形根据《中华人民共和国政府采购法》、《中华人民共和国政府采购法实施条例》、《中华人民共和国财政部令第94号--政府采购质疑和投诉办法》等法律法规，现将质疑提起的条件及不予受理的情形告知如下：1.质疑应以书面形式实名提出，书面质疑材料应当包括以下内容：（1）质疑人的名称、地址、邮编、联系人及联系电话；（2）采购人名称、项目名称、项目编号、包别号（如有）；（3）被质疑人名称；（4）具体的质疑事项、基本事实及必要的证明材料；（5）明确的请求及主张；（6）必要的法律依据；（7）提起质疑的日期。质疑书应当由法定代表人、主要负责人，或者其授权代表签字或者盖章，并加盖公章。质疑人需要修改、补充质疑材料的，应当在质疑期内提交修改或补充材料。2.有下列情形之一的，不予受理：（1）提起质疑的主体不是参与该政府采购项目活动的供应商；（2）提起质疑的时间超过规定时限的；（3）质疑材料不完整的；（4）质疑事项含有主观猜测等内容且未提供有效线索、难以查证的；（5）对其他供应商的投标文件详细内容质疑，无法提供合法来源渠道的；（6）质疑事项已进入投诉处理、行政复议或行政诉讼程序的。九、凡对本次公告内容提出询问，请按以下方式联系1.采购人信息名称：霍邱工业学校地址：霍邱县石店镇东大街联系方式：0564-69110432.采购代理机构信息名称：安徽省招标集团股份有限公司地址：安徽省合肥市包河区包河大道236号联系方式：0551-65199553/159224204573.项目联系方式项目联系人：张主任电话：0564-6911043十、附件1.采购文件2.《中小企业申明函》附件信息：霍邱工业学校智慧校园…采购文件正文[FSKY34152220220818号-1]霍邱工业学校智慧校园设备采购项目采购文件霍邱工业学校智慧校园···中标结果公告中小企业声明函"
2022BFAHZ02736,2022年12月26日 12:02,http://www.ccgp.gov.cn/cggg/dfgg/zbgg/202212/t20221226_19294716.htm,1,1,,中移系统集成有限公司,石家庄市青园街220号,智慧校园信息化设备购置项目——混合型智慧实训室及创业培训实训室建设,人民币陆佰玖拾万零叁佰捌拾玖元整（大写）（￥6900389.00元）,,安徽城市管理职业学院,合肥市新站区淮海大道300号,18155199820,,安徽省政府采购中心,合肥市滨湖新区南京路2588号（徽州大道与南京路交口）六楼,0551-66223645、662236463,,3,"智慧校园信息化设备购置项目——混合型智慧实训室及创业培训实训室建设第1包中标（成交）结果公告[2022]2022年12月26日12:02来源：【打印】公告概要：公告信息：采购项目名称智慧校园信息化设备购置项目——混合型智慧实训室及创业培训实训室建设品目采购单位安徽城市管理职业学院行政区域安徽省公告时间2022年12月26日12:02评审专家名单刘伟,周葆康,李立华,叶春,王路总中标金额￥0.000000万元（人民币）联系人及联系方式：项目联系人李雪逸项目联系电话0551-66223650采购单位安徽城市管理职业学院采购单位地址合肥市新站区淮海大道300号采购单位联系方式18155199820代理机构名称安徽省政府采购中心代理机构地址合肥市滨湖要素大市场A区代理机构联系方式0551-66223650th,td{border:1pxsolid#DDD;padding:5px10px;}智慧校园信息化设备购置项目——混合型智慧实训室及创业培训实训室建设第1包中标（成交）结果公告一、项目编号:2022BFAHZ02736二、项目名称:智慧校园信息化设备购置项目——混合型智慧实训室及创业培训实训室建设三、中标（成交）信息无标题文档供应商名称：中移系统集成有限公司供应商地址：石家庄市青园街220号中标（成交）金额：人民币陆佰玖拾万零叁佰捌拾玖元整（大写）（￥6900389.00元）四、主要标的信息名称品牌规格型号数量单价▲高清录播主机海康威视iDS-9604LN-V/WB1236台11040.00元注：如与本公告附件内容不一致的，以附件主要中标（成交）标的承诺函为准五、评审专家（单一来源采购人员）名单刘伟,周葆康,李立华,叶春,王路六、代理服务收费标准及金额免费七、公告期限自本公告发布之日起1个工作日。八、其他补充事宜若投标人对上述结果有异议，可在中标（成交）公告发布之日起七个工作日内以电子交易系统或书面形式在工作时间（周一至周五，上午9:00-12:00，下午13:30-17:30，节假日休息）向安徽省政府采购中心提出质疑（异议），质疑材料递交地址：合肥市滨湖新区南京路2588号（徽州大道与南京路交口）A区六楼678室，联系电话：0551-66223642。若投标人对质疑处理意见有异议，可在规定时间内以书面形式向安徽省财政厅提出投诉。质疑提起的条件及不予受理的情形根据《中华人民共和国政府采购法》、《中华人民共和国政府采购法实施条例》、《安徽省政府采购供应商质疑处理办法》等法律法规，现将质疑提起的条件及不予受理的情形告知如下：（一）质疑应以电子交易系统或书面形式实名提出，电子交易系统或书面质疑材料应当包括以下内容：1、质疑人的名称、地址、邮编、联系人及联系电话；2、采购人名称、项目名称、项目编号、包别号（如有）；3、被质疑人名称；4、具体的质疑事项、基本事实及必要的证明材料；5、明确的请求及主张；6、必要的法律依据；7、提起质疑的日期。质疑人为自然人的，应当由本人签字；质疑人为法人或者其他组织的，应当由法定代表人、主要负责人，或者其授权代表签字或者盖章，并加盖公章。（二）有下列情形之一的，不予受理：1、提起质疑的主体不是参与该政府采购项目活动的供应商；2、提起质疑的时间超过规定时限的；3、质疑材料不完整的；4、质疑事项含有主观猜测等内容且未提供有效线索、难以查证的；5、对其他投标人（供应商）的投标文件详细内容质疑，无法提供合法来源渠道的；6、质疑事项已进入投诉处理、行政复议或行政诉讼程序的。智慧校园信息化设备购置项目——混合型智慧实训室及创业培训实训室建设项目中标通知书已发出，请中标（成交）供应商登录电子交易系统自行下载电子中标（成交）通知书。九、凡对本次公告内容提出询问，请按以下方式联系1.采购人信息名称：安徽城市管理职业学院地址：合肥市新站区淮海大道300号联系方式：181551998202.采购代理机构信息名称：安徽省政府采购中心地址：合肥市滨湖新区南京路2588号（徽州大道与南京路交口）六楼联系方法：0551-66223645、662236463.项目联系方式项目联系人：李雪逸电话：0551-66223255，66223646附件信息：招标文件正文公示附件主要中标（成交）标的承诺函"
ZJZLHS2022-0791,2022年12月12日 16:32,http://www.ccgp.gov.cn/cggg/dfgg/zbgg/202212/t20221212_19208539.htm,1,1,,黄山市振旺建筑工程有限公司,安徽省黄山市歙县新溪口乡溪口村大坦后,黄山职业技术学院两站两服务及工贸系、教育系相关实训室改造工程,223991.010（万元）,,黄山职业技术学院,黄山市屯溪区学院路1号,汪老师、程老师0559-2591092、0559-2591067,,浙江筑脸全过程工程咨询有限公司,黄山市屯溪区利港尚公馆2号楼11层,王工0559-23242003,,3,黄山职业技术学院两站两服务及工贸系、教育系相关实训室改造工程中标结果公示2022年12月12日16:32来源：【打印】公告概要：公告信息：采购项目名称黄山职业技术学院两站两服务及工贸系、教育系相关实训室改造工程品目工程/装修工程采购单位黄山职业技术学院行政区域屯溪区公告时间2022年12月12日16:32评审专家名单周军、汪润南、张爱玉总中标金额￥22.399101万元（人民币）联系人及联系方式：项目联系人汪老师、程老师项目联系电话0559-2591092、0559-2591067采购单位黄山职业技术学院采购单位地址黄山市屯溪区学院路1号采购单位联系方式汪老师、程老师0559-2591092、0559-2591067代理机构名称浙江筑脸全过程工程咨询有限公司代理机构地址黄山市屯溪区利港尚公馆2号楼11层代理机构联系方式王工0559-2324200一、项目编号：ZJZLHS2022-0791（招标文件编号：ZJZLHS2022-0791）二、项目名称：黄山职业技术学院两站两服务及工贸系、教育系相关实训室改造工程三、中标（成交）信息供应商名称：黄山市振旺建筑工程有限公司供应商地址：安徽省黄山市歙县新溪口乡溪口村大坦后中标（成交）金额：2239910.10（万元）四、主要标的信息序号供应商名称工程名称施工范围施工工期项目经理执业证书1黄山市振旺建筑工程有限公司黄山职业技术学院两站两服务及工贸系、教育系相关实训室改造工程施工图范围所有内容，具体详见工程量清单。50日历天王小蒙皖234172101195五、评审专家（单一来源采购人员）名单：周军、汪润南、张爱玉六、代理服务收费标准及金额：本项目代理费收费标准：按合同约定本项目代理费总金额：4000.000万元（人民币）七、公告期限自本公告发布之日起1个工作日。八、其它补充事宜九、凡对本次公告内容提出询问，请按以下方式联系。1.采购人信息名称：黄山职业技术学院地址：黄山市屯溪区学院路1号联系方式：汪老师、程老师0559-2591092、0559-25910672.采购代理机构信息名称：浙江筑脸全过程工程咨询有限公司地址：黄山市屯溪区利港尚公馆2号楼11层联系方式：王工0559-23242003.项目联系方式项目联系人：汪老师、程老师电话：0559-2591092、0559-2591067
2022BFAHZ02538,2022年12月07日 16:02,http://www.ccgp.gov.cn/cggg/dfgg/zbgg/202212/t20221207_19175386.htm,1,1,,中国联合网络通信有限公司安徽省分公司,安徽省合肥市政务区祁门路1669号,蚌埠学院智慧教室建设项目,人民币壹仟陆佰叁拾伍万壹仟叁佰元整（大写）（￥16351300.00元）,,蚌埠学院,蚌埠市龙子湖区曹山路1866号,0552-3177265,,安徽公共资源交易集团项目管理有限公司,合肥市滨湖新区南京路2588号（徽州大道与南京路交口）六楼,0551-66223922、662239233,,3,"蚌埠学院智慧教室建设项目中标（成交）结果公告[2022]2022年12月07日16:02来源：【打印】公告概要：公告信息：采购项目名称蚌埠学院智慧教室建设项目品目采购单位蚌埠学院行政区域安徽省公告时间2022年12月07日16:02评审专家名单孙洋,张保华,安福全,高祥生,李长山,范文跃,姚保峰总中标金额￥0.000000万元（人民币）联系人及联系方式：项目联系人沈子健项目联系电话0551-66223831采购单位蚌埠学院采购单位地址蚌埠市龙子湖区曹山路1866号采购单位联系方式15556606560代理机构名称安徽公共资源交易集团项目管理有限公司代理机构地址安徽省合肥市包河区烟墩街道要素大市场A区6楼代理机构联系方式0551-66223831th,td{border:1pxsolid#DDD;padding:5px10px;}蚌埠学院智慧教室建设项目中标（成交）结果公告一、项目编号:2022BFAHZ02538二、项目名称:蚌埠学院智慧教室建设项目三、中标（成交）信息无标题文档供应商名称：中国联合网络通信有限公司安徽省分公司供应商地址：安徽省合肥市政务区祁门路1669号中标（成交）金额：人民币壹仟陆佰叁拾伍万壹仟叁佰元整（大写）（￥16351300.00元）四、主要标的信息名称品牌规格型号数量单价86寸电容智慧黑板希沃BF86EA77套20500元注：如与本公告附件内容不一致的，以附件主要中标（成交）标的承诺函为准。五、评审专家（单一来源采购人员）名单孙洋,张保华,安福全,高祥生,李长山,范文跃,姚保峰六、代理服务收费标准及金额1.代理服务收费标准：详见采购文件中标（成交）服务费。2.金额：91530万元七、公告期限自本公告发布之日起1个工作日。八、其他补充事宜若投标人对上述结果有异议，可在中标（成交）公告发布之日起七个工作日内以电子交易系统或书面形式在工作时间（周一至周五，上午9:00-12:00，下午13:30-17:30，节假日休息）向安徽公共资源交易集团项目管理有限公司提出质疑（异议），质疑材料递交地址：合肥市滨湖新区南京路2588号（徽州大道与南京路交口）A区六楼678室，联系电话：0551-66223642。若投标人对质疑处理意见有异议，可在规定时间内以书面形式向安徽省财政厅提出投诉。质疑提起的条件及不予受理的情形根据《中华人民共和国政府采购法》、《中华人民共和国政府采购法实施条例》、《安徽省政府采购供应商质疑处理办法》等法律法规，现将质疑提起的条件及不予受理的情形告知如下：（一）质疑应以电子交易系统或书面形式实名提出，电子交易系统或书面质疑材料应当包括以下内容：1、质疑人的名称、地址、邮编、联系人及联系电话；2、采购人名称、项目名称、项目编号、包别号（如有）；3、被质疑人名称；4、具体的质疑事项、基本事实及必要的证明材料；5、明确的请求及主张；6、必要的法律依据；7、提起质疑的日期。质疑人为自然人的，应当由本人签字；质疑人为法人或者其他组织的，应当由法定代表人、主要负责人，或者其授权代表签字或者盖章，并加盖公章。（二）有下列情形之一的，不予受理：1、提起质疑的主体不是参与该政府采购项目活动的供应商；2、提起质疑的时间超过规定时限的；3、质疑材料不完整的；4、质疑事项含有主观猜测等内容且未提供有效线索、难以查证的；5、对其他投标人（供应商）的投标文件详细内容质疑，无法提供合法来源渠道的；6、质疑事项已进入投诉处理、行政复议或行政诉讼程序的。蚌埠学院智慧教室建设项目项目中标通知书已发出，请中标（成交）供应商登录电子交易系统自行下载电子中标（成交）通知书。九、凡对本次公告内容提出询问，请按以下方式联系1.采购人信息名称：蚌埠学院地址：蚌埠市龙子湖区曹山路1866号联系方式：0552-31772652.采购代理机构信息名称：安徽公共资源交易集团项目管理有限公司地址：合肥市滨湖新区南京路2588号（徽州大道与南京路交口）六楼联系方法：0551-66223922、662239233.项目联系方式项目联系人：沈子健电话：0551-66223252、66223646附件信息：招标文件正文主要中标（成交）标的承诺函公示附件"
AHZJ-202216101032,2022年10月18日 14:20,http://www.ccgp.gov.cn/cggg/dfgg/zbgg/202210/t20221018_18836275.htm,1,1,,安徽省国声琴行有限公司,合肥包河区徽州大道321号香港商业步行街西段DE段一层、二层,安徽新闻出版职业技术学院多功能音乐综合实训室建设项目,342000.000（万元）,,安徽新闻出版职业技术学院,合肥市经济技术开发区繁华大道220号,费老师0551-63812561,,安徽中技工程咨询有限公司,合肥市合作化南路27号,袁倪、李建华、王婧152127991823,,3,安徽新闻出版职业技术学院多功能音乐综合实训室建设项目中标结果公告2022年10月18日14:20来源：【打印】公告概要：公告信息：采购项目名称安徽新闻出版职业技术学院多功能音乐综合实训室建设项目品目货物/其他货物/其他不另分类的物品采购单位安徽新闻出版职业技术学院行政区域安徽省公告时间2022年10月18日14:20评审专家名单蔡葵王舒婷庄彦徐菽费芩雪总中标金额￥34.200000万元（人民币）联系人及联系方式：项目联系人袁倪、李建华、王婧项目联系电话15212799182采购单位安徽新闻出版职业技术学院采购单位地址合肥市经济技术开发区繁华大道220号采购单位联系方式费老师0551-63812561代理机构名称安徽中技工程咨询有限公司代理机构地址合肥市合作化南路27号代理机构联系方式袁倪、李建华、王婧15212799182附件：附件13.（01032）中标结果公告.docx附件2（01032）附件.zip一、项目编号：AHZJ-202216101032（招标文件编号：AHZJ-202216101032）二、项目名称：安徽新闻出版职业技术学院多功能音乐综合实训室建设项目三、中标（成交）信息供应商名称：安徽省国声琴行有限公司供应商地址：合肥包河区徽州大道321号香港商业步行街西段DE段一层、二层中标（成交）金额：342000.000（万元）四、主要标的信息序号供应商名称货物名称货物品牌货物型号货物数量货物单价(元)1安徽省国声琴行有限公司超低音功放数字调音台数字音频处理器演奏钢琴惠威惠威惠威海伦LA2100DF26MATRIX08H-5P1台1台1台1台600018600900035000五、评审专家（单一来源采购人员）名单：蔡葵王舒婷庄彦徐菽费芩雪六、代理服务收费标准及金额：本项目代理费收费标准：根据国家计划委员会计价格[2002]1980号文、国家发展和改革委员会[2011]534号文规定标准×87.33%，由中标人支付本项目代理费总金额：0.4480000万元（人民币）七、公告期限自本公告发布之日起1个工作日。八、其它补充事宜九、凡对本次公告内容提出询问，请按以下方式联系。1.采购人信息名称：安徽新闻出版职业技术学院地址：合肥市经济技术开发区繁华大道220号联系方式：费老师0551-638125612.采购代理机构信息名称：安徽中技工程咨询有限公司地址：合肥市合作化南路27号联系方式：袁倪、李建华、王婧152127991823.项目联系方式项目联系人：袁倪、李建华、王婧电话：15212799182
AHGHZB2022X221,2022年08月18日 10:57,http://www.ccgp.gov.cn/cggg/dfgg/zbgg/202208/t20220818_18482478.htm,1,1,,黄山奥菲家具有限公司,安徽省黄山市经济开发区蓬莱路10号,黄山职业技术学院2022年第三批实训室、教工之家、徽菜大师工作室家具和情景化布置采购项目（一包）,226280.000（万元）,,黄山职业技术学院,黄山市屯溪区学院路1号,程老师0559-2591067,,国华工程科技（集团）有限责任公司,黄山市屯溪区社屋前路1号昱东大厦15楼,金工0559—23341393,,3,黄山职业技术学院2022年第三批实训室、教工之家、徽菜大师工作室家具和情景化布置采购项目（一包）中标公告2022年08月18日10:57来源：【打印】公告概要：公告信息：采购项目名称黄山职业技术学院2022年第三批实训室、教工之家、徽菜大师工作室家具和情景化布置采购项目（一包）品目货物/家具用具/组合家具采购单位黄山职业技术学院行政区域黄山市公告时间2022年08月18日10:57评审专家名单汪蓉章韶光方日晖程立松徐蓓娜总中标金额￥22.628000万元（人民币）联系人及联系方式：项目联系人金工项目联系电话0559—2334139采购单位黄山职业技术学院采购单位地址黄山市屯溪区学院路1号采购单位联系方式程老师0559-2591067代理机构名称国华工程科技（集团）有限责任公司代理机构地址黄山市屯溪区社屋前路1号昱东大厦15楼代理机构联系方式金工0559—2334139一、项目编号：AHGHZB2022X221（招标文件编号：AHGHZB2022X221）二、项目名称：黄山职业技术学院2022年第三批实训室、教工之家、徽菜大师工作室家具和情景化布置采购项目（一包）三、中标（成交）信息供应商名称：黄山奥菲家具有限公司供应商地址：安徽省黄山市经济开发区蓬莱路10号中标（成交）金额：22.6280000（万元）四、主要标的信息序号供应商名称货物名称货物品牌货物型号货物数量货物单价(元)1黄山奥菲家具有限公司花艺操作台A(学生用）奥菲AF-HYT-01251300五、评审专家（单一来源采购人员）名单：汪蓉章韶光方日晖程立松徐蓓娜六、代理服务收费标准及金额：本项目代理费收费标准：按合同约定本项目代理费总金额：0.3000000万元（人民币）七、公告期限自本公告发布之日起1个工作日。八、其它补充事宜无九、凡对本次公告内容提出询问，请按以下方式联系。1.采购人信息名称：黄山职业技术学院地址：黄山市屯溪区学院路1号联系方式：程老师0559-25910672.采购代理机构信息名称：国华工程科技（集团）有限责任公司地址：黄山市屯溪区社屋前路1号昱东大厦15楼联系方式：金工0559—23341393.项目联系方式项目联系人：金工电话：0559—2334139
/,2022年08月04日 17:35,http://www.ccgp.gov.cn/cggg/dfgg/zbgg/202208/t20220804_18400129.htm,1,1,,安徽昌佳建筑工程有限公司,安徽省黄山市歙县徽城镇旸村保障性住房安置房古溪小区B1幢109室,黄山职业技术学院2022年第三批实训室建设及部分零星维修项目,264621.030（万元）,,黄山职业技术学院,地址：黄山市屯溪区学院路1号,联系人：汪老师、程老师联系电话：0559-2591092、0559-2591067,,安徽瑞邦工程造价有限公司,地址：黄山西路33号军粮大厦（军粮供应站院内）五楼,联系人：程工联系电话：0559-25801503,,3,黄山职业技术学院2022年第三批实训室建设及部分零星维修项目中标结果公示2022年08月04日17:35来源：【打印】公告概要：公告信息：采购项目名称黄山职业技术学院2022年第三批实训室建设及部分零星维修项目品目工程/其他建筑工程采购单位黄山职业技术学院行政区域市辖区公告时间2022年08月04日17:35评审专家名单周军、张捷、邵姝婷总中标金额￥264621.03万元（人民币）联系人及联系方式：项目联系人程工项目联系电话0559-2580150采购单位黄山职业技术学院采购单位地址地址：黄山市屯溪区学院路1号采购单位联系方式联系人：汪老师、程老师联系电话：0559-2591092、0559-2591067代理机构名称安徽瑞邦工程造价有限公司代理机构地址地址：黄山西路33号军粮大厦（军粮供应站院内）五楼代理机构联系方式联系人：程工联系电话：0559-2580150一、项目编号：/（招标文件编号：/）二、项目名称：黄山职业技术学院2022年第三批实训室建设及部分零星维修项目三、中标（成交）信息供应商名称：安徽昌佳建筑工程有限公司供应商地址：安徽省黄山市歙县徽城镇旸村保障性住房安置房古溪小区B1幢109室中标（成交）金额：264621.030（万元）四、主要标的信息序号供应商名称工程名称施工范围施工工期项目经理执业证书1安徽昌佳建筑工程有限公司黄山职业技术学院2022年第三批实训室建设及部分零星维修项目工程量清单中所有内容，具体详见工程量清单40日历天周天宇皖建安B（2019）0215291五、评审专家（单一来源采购人员）名单：周军、张捷、邵姝婷六、代理服务收费标准及金额：本项目代理费收费标准：按合同约定本项目代理费总金额：0.4000000万元（人民币）七、公告期限自本公告发布之日起1个工作日。八、其它补充事宜/九、凡对本次公告内容提出询问，请按以下方式联系。1.采购人信息名称：黄山职业技术学院地址：地址：黄山市屯溪区学院路1号联系方式：联系人：汪老师、程老师联系电话：0559-2591092、0559-25910672.采购代理机构信息名称：安徽瑞邦工程造价有限公司地址：地址：黄山西路33号军粮大厦（军粮供应站院内）五楼联系方式：联系人：程工联系电话：0559-25801503.项目联系方式项目联系人：程工电话：0559-2580150
,2022年08月02日 20:23,http://www.ccgp.gov.cn/cggg/dfgg/qtgg/202208/t20220802_18385283.htm,1,0,,,,,,,,,,,,,,,3,黄山职业技术学院2022年第三批实训室建设及部分零星维修项目比选公示2022年08月02日20:23来源：【打印】公告概要：公告信息：采购项目名称黄山职业技术学院2022年第三批实训室建设及部分零星维修项目品目工程/其他建筑工程采购单位黄山职业技术学院行政区域市辖区公告时间2022年08月02日20:23开标时间2022年08月01日15:00预算金额￥32.202739万元（人民币）联系人及联系方式：项目联系人程工项目联系电话0559-2580150采购单位黄山职业技术学院采购单位地址地址：黄山市屯溪区学院路1号采购单位联系方式联系人：汪老师、程老师联系电话：0559-2591092、0559-2591067代理机构名称安徽瑞邦工程造价有限公司代理机构地址地址：黄山西路33号军粮大厦（军粮供应站院内）五楼代理机构联系方式联系人：程工联系电话：0559-2580150安徽瑞邦工程造价有限公司受黄山职业技术学院委托，根据《中华人民共和国政府采购法》等有关规定，现对黄山职业技术学院2022年第三批实训室建设及部分零星维修项目进行其他招标，欢迎合格的供应商前来投标。项目名称：黄山职业技术学院2022年第三批实训室建设及部分零星维修项目项目编号：/项目联系方式：项目联系人：程工项目联系电话：0559-2580150采购单位联系方式：采购单位：黄山职业技术学院采购单位地址：地址：黄山市屯溪区学院路1号采购单位联系方式：联系人：汪老师、程老师联系电话：0559-2591092、0559-2591067代理机构联系方式：代理机构：安徽瑞邦工程造价有限公司代理机构联系人：联系人：程工联系电话：0559-2580150代理机构地址：地址：黄山西路33号军粮大厦（军粮供应站院内）五楼一、采购项目内容项目名称黄山职业技术学院2022年第三批实训室建设及部分零星维修项目开标时间2022-8-115:00控制价322027.39元控制价范围78-82抽取系数1.012分组名称低档高档分组抽取报价一分组787978.286二分组798079.968三分组808180.520四分组818281.384序号投标单位报价评标基准价与基准价相差排名（结算系数）1安徽昌佳建筑工程有限公司80.99381.0000.007第一候选人2安徽顺海建筑工程有限公司80.98481.0000.016第二候选人3安徽楚成地质工程有限公司80.40881.0000.5924黄山徽泰控股集团有限公司79.44881.0001.5525黄山市广徽古建筑园林营造有限公司79.96881.0001.0326安徽中溢仁建设有限公司78.28681.0002.7147黄山市国晨建筑工程有限公司79.25281.0001.7488安徽忠瑞建设工程有限公司80.02481.0000.9769黄山市懋瓴市政工程有限公司78.76581.0002.23510安徽旭捷建筑工程有限公司78.96981.0002.03111黄山市银鑫建设工程有限公司81.21881.0000.21812黄山徽翔建筑安装工程有限公司80.52081.0000.48013安徽辰盛建设工程有限公司78.00081.0003.00014黄山航浩建设工程有限公司78.17581.0002.82515安徽锐明建设工程有限公司81.38481.0000.38416安徽领科建筑工程有限公司82.00081.0001.00017安徽帷幄建设工程有限公司78.26481.0002.73618安徽杰安建筑工程有限公司81.78481.0000.78419安徽图远建设工程有限公司80.47581.0000.52520安徽畅创建筑工程有限公司78.66481.0002.33621安徽八达工程建设有限公司80.51381.0000.48722黄山中昱建筑工程有限公司80.51481.0000.48623黄山新洲建设集团有限公司82.00081.0001.00024黄山振宏古建筑工程有限公司81.79381.0000.79325安徽龙之鑫建筑工程有限公司82.00081.0001.00026安徽钏鑫建设工程有限公司81.69681.0000.69627安徽省岱迪建设工程有限公司78.80181.0002.19928安徽宸尔建设工程有限公司79.06481.0001.93629安徽贝翔建筑工程有限公司80.21581.0000.78530黄山健辉建设工程有限公司79.03581.0001.96531安徽联元建筑工程有限公司81.39381.0000.39332安徽正禄建筑工程有限公司80.50481.0000.49633黄山新晨建筑科技有限公司79.51581.0001.48534黄山市治元建设有限公司82.00081.0001.00035安徽众览建筑工程有限公司78.00081.0003.00036安徽喆众建筑工程有限公司80.76281.0000.23837黄山市成皓建设工程有限公司78.23581.0002.76538黄山市振旺建筑工程有限公司79.54481.0001.45639黄山市强业市政工程有限公司80.32981.0000.671黄山职业技术学院安徽瑞邦工程造价有限公司2022年8月2日二、开标时间：2022年08月01日15:00三、其它补充事宜/四、预算金额：预算金额：32.2027390万元（人民币）
AHBST02205ZB,2022年07月06日 16:51,http://www.ccgp.gov.cn/cggg/dfgg/zbgg/202207/t20220706_18213385.htm,1,1,,铜陵中磊建筑工程有限责任公司,安徽省铜陵市郊区灰河乡政府大院内,铜陵学院实验楼教室装修工程,130865.170（万元）,,铜陵学院,铜陵市铜官区翠湖四路1335号,徐老师，0562-5883540,,安徽宝申工程项目管理咨询有限公司,安徽省铜陵市铜官区长江西路锦湖大厦三楼,牛主任，139-6520-75523,,3,"铜陵学院实验楼教室装修工程中标公告2022年07月06日16:51来源：【打印】公告概要：公告信息：采购项目名称铜陵学院实验楼教室装修工程品目工程/构筑物施工/市内管道、电缆及其有关工程铺设/市内电缆工程铺设,货物/通用设备/电气设备/生产辅助用电器/电缆桥架采购单位铜陵学院行政区域市辖区公告时间2022年07月06日16:51评审专家名单马宏兵，陈兵，吴玲丽总中标金额￥130865.17万元（人民币）联系人及联系方式：项目联系人曹工项目联系电话187-5625-7122采购单位铜陵学院采购单位地址铜陵市铜官区翠湖四路1335号采购单位联系方式徐老师，0562-5883540代理机构名称安徽宝申工程项目管理咨询有限公司代理机构地址安徽省铜陵市铜官区长江西路锦湖大厦三楼代理机构联系方式牛主任，139-6520-7552一、项目编号：AHBST02205ZB（招标文件编号：AHBST02205ZB）二、项目名称：铜陵学院实验楼教室装修工程三、中标（成交）信息供应商名称：铜陵中磊建筑工程有限责任公司供应商地址：安徽省铜陵市郊区灰河乡政府大院内中标（成交）金额：13.0865170（万元）四、主要标的信息序号供应商名称工程名称施工范围施工工期项目经理执业证书1铜陵中磊建筑工程有限责任公司铜陵学院实验楼教室装修工程以招标文件及本项目图纸、清单为准30日历天徐阿婷建筑工程施工总承包贰级；中华人民共和国二级建造师五、评审专家（单一来源采购人员）名单：马宏兵，陈兵，吴玲丽六、代理服务收费标准及金额：本项目代理费收费标准：皖价服[2007]86号文发改价格[2011]534号文以上标准以50%费率计算，不满4000元以4000元保底收费本项目代理费总金额：0.4000000万元（人民币）七、公告期限自本公告发布之日起1个工作日。八、其它补充事宜招标人联系方式：铜陵学院徐老师：0562-5883540【公示日期：2022-07-06—2022-07-08】九、凡对本次公告内容提出询问，请按以下方式联系。1.采购人信息名称：铜陵学院地址：铜陵市铜官区翠湖四路1335号联系方式：徐老师，0562-58835402.采购代理机构信息名称：安徽宝申工程项目管理咨询有限公司地址：安徽省铜陵市铜官区长江西路锦湖大厦三楼联系方式：牛主任，139-6520-75523.项目联系方式项目联系人：曹工电话：187-5625-7122"
lydl2022【030】,2022年06月28日 11:55,http://www.ccgp.gov.cn/cggg/dfgg/zbgg/202206/t20220628_18158905.htm,1,1,,杭州永荣实业有限公司,/,安徽省第一轻工业学校数字化设计（3D打印）综合应用实训室项目,485800.000（万元）,,,,,,,,,,3,"安徽省第一轻工业学校数字化设计（3D打印）综合应用实训室项目中标结果公示2022年06月28日11:55来源：【打印】公告概要：公告信息：采购项目名称安徽省第一轻工业学校数字化设计（3D打印）综合应用实训室项目品目货物/其他货物/其他不另分类的物品采购单位安徽省第一轻工业学校行政区域蚌埠市公告时间2022年06月28日11:55评审专家名单/总中标金额￥48.580000万元（人民币）联系人及联系方式：项目联系人张工项目联系电话18255158856采购单位安徽省第一轻工业学校采购单位地址安徽省蚌埠市禹会区燕山路1611号采购单位联系方式何老师代理机构名称安徽利元工程咨询有限公司代理机构地址蚌埠市荣盛时代广场1号楼909室代理机构联系方式张工18255158856一、项目编号：lydl2022【030】（招标文件编号：lydl2022【030】）二、项目名称：安徽省第一轻工业学校数字化设计（3D打印）综合应用实训室项目三、中标（成交）信息供应商名称：杭州永荣实业有限公司供应商地址：/中标（成交）金额：48.5800000（万元）四、主要标的信息序号供应商名称货物名称货物品牌货物型号货物数量货物单价(元)1杭州永荣实业有限公司/////五、评审专家（单一来源采购人员）名单：/六、代理服务收费标准及金额：本项目代理费收费标准：/本项目代理费总金额：0.5000000万元（人民币）七、公告期限自本公告发布之日起1个工作日。八、其它补充事宜一、项目编号:lydl2022【030】二、项目名称:安徽省第一轻工业学校数字化设计（3D打印）综合应用实训室项目三、成交信息1.供应商名称:杭州永荣实业有限公司2.供应商地址：浙江省杭州市西湖区三墩镇古墩路660号4号楼309室3.成交金额:485800.00元，四、公告期限：自本公告发布之日起3个工作日（2022年6月28日至2022年7月1日）五、其他补充事宜1.项目内容、规模、技术要求：为建成集数字化设计教学、师资培训、技术服务多位一体的实践性教学实训室，计划采购六工位数字化设计实训平台、教师实训桌、桌面级3D打印机、高精度光固化3D打印机、入门工业级打印机、桌面级扫描仪、移动多媒体实训系统、打印机放置桌、耗材（PLA）、耗材（光敏树脂）、实训室布线等，详见采购需求书。2.合同履行日期：合同签订并接到采购人供货通知后30日内完成供货安装、调试和使用培训工作。3.采购方式：公开招标4.采购预算：48.93万元5.采购公告日期：2022年6月6日6.采购日期：2022年6月27日7.资格能力条件：详见招标文件若投标供应商对上述结果有异议，可在本公告期限届满之日起7个工作日内按蚌埠市公共资源交易中心网站发布的《质疑函范本》格式，以书面形式在工作时间向采购人或其委托的招标采购代理机构提出质疑（异议），联系电话：18255158856。投标单位(供应商)在递交质疑函纸质版的同时，必须将与纸质版质疑函一致的电子版（为word或wps,可编辑模式）发送至694795260@qq.com邮箱。若投标供应商对质疑处理意见有异议，可在规定时间内以书面形式向招标人或代理机构提出投诉。六、质疑提起的条件及不予受理的情形根据《中华人民共和国政府采购法》、《中华人民共和国政府采购法实施条例》、财政部《政府采购质疑和投诉办法》等法律法规，现将质疑提起的条件及不予受理的情形告知如下：（一）质疑应以书面形式实名提出，书面质疑材料应当包括以下内容：1、质疑人的名称、地址、邮编、联系人及联系电话；2、采购人名称、项目名称、项目编号、包别号（如有）；3、被质疑人名称；4、具体的质疑事项、基本事实及必要的证明材料；5、明确的请求及主张；6、必要的法律依据；7、提起质疑的日期。质疑人为法人或者其他组织的，应当由法定代表人或其委托代理人（需有委托授权书）签字并加盖公章。（二）有下列情形之一的，不予受理：1、提起质疑的主体不是参与该政府采购项目活动的供应商；2、提起质疑的时间超过规定时限的；3、质疑材料不完整的；4、质疑事项含有主观猜测等内容且未提供有效线索、难以查证的；5、对其他供应商的投标文件详细内容质疑，无法提供合法来源渠道的；七、凡对本次公告内容提出询问，请按以下方式联系1.采购人信息名称：安徽省第一轻工业学校联系方式：何老师0552-41278502.采购代理机构信息名称：安徽利元工程咨询有限公司联系方式：张工182551588563.项目联系方式项目联系人：张工电话：18255158856公告单位：安徽省第一轻工业学校、安徽利元工程咨询有限公司2022年6月28日九、凡对本次公告内容提出询问，请按以下方式联系。1.采购人信息名称：安徽省第一轻工业学校地址：安徽省蚌埠市禹会区燕山路1611号联系方式：何老师2.采购代理机构信息名称：安徽利元工程咨询有限公司地址：蚌埠市荣盛时代广场1号楼909室联系方式：张工182551588563.项目联系方式项目联系人：张工电话：18255158856"
lydl2022【030】,2022年06月27日 21:10,http://www.ccgp.gov.cn/cggg/dfgg/zbgg/202206/t20220627_18156386.htm,1,1,,杭州永荣实业有限公司,/,安徽省第一轻工业学校数字化设计（3D打印）综合应用实训室项目,485800.000（万元）,,安徽省第一轻工业学校,安徽省蚌埠市禹会区燕山路1611号,何老师,,安徽利元工程咨询有限公司,蚌埠市荣盛时代广场1号楼909室,张工182551588563,,3,安徽省第一轻工业学校数字化设计（3D打印）综合应用实训室项目中标结果公示2022年06月27日21:10来源：【打印】公告概要：公告信息：采购项目名称安徽省第一轻工业学校数字化设计（3D打印）综合应用实训室项目品目货物/专用设备/专用仪器仪表/其他专用仪器仪表采购单位安徽省第一轻工业学校行政区域蚌埠市公告时间2022年06月27日21:10评审专家名单/总中标金额￥485800.00万元（人民币）联系人及联系方式：项目联系人张工项目联系电话18255158856采购单位安徽省第一轻工业学校采购单位地址安徽省蚌埠市禹会区燕山路1611号采购单位联系方式何老师代理机构名称安徽利元工程咨询有限公司代理机构地址蚌埠市荣盛时代广场1号楼909室代理机构联系方式张工18255158856一、项目编号：lydl2022【030】（招标文件编号：lydl2022【030】）二、项目名称：安徽省第一轻工业学校数字化设计（3D打印）综合应用实训室项目三、中标（成交）信息供应商名称：杭州永荣实业有限公司供应商地址：/中标（成交）金额：48.5800000（万元）四、主要标的信息序号供应商名称货物名称货物品牌货物型号货物数量货物单价(元)1杭州永荣实业有限公司/////五、评审专家（单一来源采购人员）名单：/六、代理服务收费标准及金额：本项目代理费收费标准：/本项目代理费总金额：0.5000000万元（人民币）七、公告期限自本公告发布之日起1个工作日。八、其它补充事宜/九、凡对本次公告内容提出询问，请按以下方式联系。1.采购人信息名称：安徽省第一轻工业学校地址：安徽省蚌埠市禹会区燕山路1611号联系方式：何老师2.采购代理机构信息名称：安徽利元工程咨询有限公司地址：蚌埠市荣盛时代广场1号楼909室联系方式：张工182551588563.项目联系方式项目联系人：张工电话：18255158856